smiles,sa_score,m,sigma,epsilon_k,distance,is_associating,vapor_pressure_Pa,liquid_density_mol_m3,vp_ratio_to_ref,rho_ratio_to_ref,property_distance,H_Pa,phi_inf,P_sat_solvent_Pa,H_ratio,tanimoto_to_nearest_train,epsilon_k_tree_std,H_eps_plus,H_eps_minus,H_sensitivity_pct,H_kij_plus,H_kij_minus,H_kij_sensitivity_pct
C=C(Cl)CC,2.85195145921144,2.596895000000001,3.7040503999999994,267.8293225,0.1595206369633367,False,18648.918605397907,9812.061693446,1.147738006409139,0.9030499815067696,0.1767083037765472,54376.66996219867,2.6937210408129673,20186.45180340862,1.0522622816550509,0.5,,39496.27125507267,87796.83904336803,75.88873847933155,404616.22884622787,27963.732803222174,174.14236878047237
C/C=C(\C)Cl,3.060084326344307,2.6331588,3.659835300000001,267.08163229999997,0.1732630862818595,False,17825.43775622645,10040.164501028054,1.097057305391409,0.9240433509539068,0.1232458237189097,52876.9679991059,2.6194285411850964,20186.45180340862,1.0232410155388358,0.45454545454545453,,38779.57552174836,84114.21617716986,73.77856932999255,365422.14579173905,27760.386471560658,171.7582708349103
C/C=C(/C)Cl,3.060084326344307,2.6331588,3.659835300000001,267.08163229999997,0.1732630862818595,False,17825.43775622645,10040.164501028054,1.097057305391409,0.9240433509539068,0.1232458237189097,52876.9679991059,2.6194285411850964,20186.45180340862,1.0232410155388358,0.45454545454545453,,38779.57552174836,84114.21617716986,73.77856932999255,365422.14579173905,27760.386471560658,171.7582708349103
FC1=C[C@H](F)C1,4.055089003820905,2.6277996999999993,3.494493400000002,267.14592179999994,0.180650700476119,False,20766.630171799417,11555.228770609392,1.278071464493283,1.0634818097989909,0.2852256642393779,65816.95682451951,3.260451983612388,20186.45180340862,1.2736473419189964,0.2222222222222222,,45921.76573134708,111298.81734604899,83.16602105783859,548544.3197956992,30754.433879548178,178.7643707607291
FC1=C[C@@H](F)C1,4.055089003820905,2.6277996999999993,3.494493400000002,267.14592179999994,0.180650700476119,False,20766.630171799417,11555.228770609392,1.278071464493283,1.0634818097989909,0.2852256642393779,65816.95682451951,3.260451983612388,20186.45180340862,1.2736473419189964,0.2222222222222222,,45921.76573134708,111298.81734604899,83.16602105783859,548544.3197956992,30754.433879548178,178.7643707607291
C=C[C@H](C)Cl,3.6293790056552746,2.6195923,3.6522755999999985,262.80559959999994,0.1901697877696586,False,22703.035132581696,10087.5549601904,1.397246501733551,0.9284049168110337,0.4036466760378179,66647.09011970928,3.301575272800317,20186.45180340862,1.2897115465840017,0.5384615384615384,,45409.51265781522,118306.01427646008,89.0526426951668,686152.487623063,30193.601829816223,183.1402154492798
C=C[C@@H](C)Cl,3.6293790056552746,2.6195923,3.6522755999999985,262.80559959999994,0.1901697877696586,False,22703.035132581696,10087.5549601904,1.397246501733551,0.9284049168110337,0.4036466760378179,66647.09011970928,3.301575272800317,20186.45180340862,1.2897115465840017,0.5384615384615384,,45409.51265781522,118306.01427646008,89.0526426951668,686152.487623063,30193.601829816223,183.1402154492798
CC/C=C/Cl,3.410526607140434,2.6491130000000003,3.6239299999999983,263.18665400000015,0.196455465557745,False,20853.435909914948,10232.127900229134,1.2834138785451497,0.9417106414290884,0.2893459449769655,61493.92805401754,3.0462970240086404,20186.45180340862,1.1899908745245942,0.5384615384615384,,43000.46361460991,104994.00820630083,83.77818958901355,542137.5418864392,29378.82364492579,179.43798259032462
CC/C=C\Cl,3.410526607140434,2.6491130000000003,3.6239299999999983,263.18665400000015,0.196455465557745,False,20853.435909914948,10232.127900229134,1.2834138785451497,0.9417106414290884,0.2893459449769655,61493.92805401754,3.0462970240086404,20186.45180340862,1.1899908745245942,0.5384615384615384,,43000.46361460991,104994.00820630083,83.77818958901355,542137.5418864392,29378.82364492579,179.43798259032462
C/C=C/CCl,3.455068618974753,2.6756665,3.5469287999999977,264.88878610000006,0.1994611180540935,False,18945.23029486645,10844.891965206074,1.1659743553869244,0.99810618752671,0.1659851594926156,57886.36754468681,2.8675850569693626,20186.45180340862,1.1201796879367438,0.5384615384615384,,41528.432222003285,94711.55499291913,78.07270663790943,427524.3866344289,28985.12330867529,174.60283067287008
C/C=C\CCl,3.455068618974753,2.6756665,3.5469287999999977,264.88878610000006,0.1994611180540935,False,18945.23029486645,10844.891965206074,1.1659743553869244,0.99810618752671,0.1659851594926156,57886.36754468681,2.8675850569693626,20186.45180340862,1.1201796879367438,0.5384615384615384,,41528.432222003285,94711.55499291913,78.07270663790943,427524.3866344289,28985.12330867529,174.60283067287008
C=C1CC[C@@H]1F,3.774972080743981,2.781560199999999,3.560441800000002,274.2282663,0.2006685833109454,False,8559.09288389427,10491.402081260378,0.5267649246100538,0.965572858331153,0.4744856843602502,34197.05313363082,1.694059632998822,20186.45180340862,0.6617593387253901,0.3333333333333333,,28830.44484486449,44184.29660162373,42.05685441757519,103797.35647539962,23898.79139668842,125.13856746680376
C=C1CC[C@H]1F,3.774972080743981,2.781560199999999,3.560441800000002,274.2282663,0.2006685833109454,False,8559.09288389427,10491.402081260378,0.5267649246100538,0.965572858331153,0.4744856843602502,34197.05313363082,1.694059632998822,20186.45180340862,0.6617593387253901,0.3333333333333333,,28830.44484486449,44184.29660162373,42.05685441757519,103797.35647539962,23898.79139668842,125.13856746680376
C=C1CC(F)C1,3.486598240593853,2.8006217999999996,3.6156530000000022,271.18934070000006,0.2137852589549359,False,8912.261309973499,9920.231321143585,0.5485004919022775,0.9130053388357136,0.4598041723207549,34029.66532085187,1.6857675460878034,20186.45180340862,0.6585201576221986,0.1724137931034483,,28605.384588012144,44312.903008442,43.0825213761429,106794.33792809599,23756.427790436803,127.21167843119169
FC(F)=C1CC1,3.3961643944400075,2.8032666,3.413380700000002,270.3377959,0.2302303674018108,False,10949.89006334714,11767.847177003254,0.6739052948661383,1.0830500773008378,0.336504193222039,40556.784114967806,2.0091091049552112,20186.45180340862,0.7848287550354759,0.2916666666666667,,32629.785284542646,55892.93588664601,52.558598051038636,153331.6522018526,25634.095409734084,142.70614181353108
C=CC(C)(C)Cl,3.203574335268409,2.7377444000000013,3.766203500000002,260.70118780000007,0.2312000443723933,False,15881.869454059908,8828.434671895497,0.9774414040274046,0.8125221809922192,0.188830142912007,45550.34233106528,2.2564808701732213,20186.45180340862,0.8814608762319537,0.5384615384615384,,34375.91949014775,70507.63285237049,68.89872159216613,284445.75854774774,25894.57194830121,166.6242902984459
C=C(F)CCCl,3.6512290098246223,2.801849,3.5100910999999995,267.3775811,0.2313717305902869,False,11688.596447467458,10785.115117505286,0.7193685954773893,0.9926046443345398,0.2807288308844531,40387.80981333226,2.0007384262801695,20186.45180340862,0.7815588732221229,0.3333333333333333,,32289.76953549433,56482.5862895151,54.50529397171869,163201.60593847,25380.83400466997,146.1650108836801
CC(C)=C(C)Cl,2.7440098382269884,2.8260004000000003,3.707023799999999,265.46118970000003,0.2399025236426024,False,10099.98507204753,9064.405514684606,0.6215983337499562,0.8342396825606386,0.4131153638614853,34904.56393841222,1.7291084276890278,20186.45180340862,0.6754506319629573,0.45454545454545453,,28868.9581282111,46883.38742947205,47.561376928041135,124426.60954015539,23783.76047508069,135.81080602488015
FC1(F)C=CC1,3.313279998835612,2.8496641000000005,3.4256257000000017,271.0574012999999,0.243295294343025,False,9001.819088592818,11485.666662417274,0.55401227885711,1.0570796832654386,0.4496255527123775,36185.77800682602,1.7925774355608053,20186.45180340862,0.7002438611153653,0.23076923076923078,,30073.299517854146,47639.8685852462,45.20873230669704,114862.2808196561,24531.564801213517,129.60502756216167
FC1=CC[C@@H]1F,4.079439773051673,2.8321658000000003,3.406155200000002,268.6146637,0.2457502166974448,False,10934.682700969892,11710.74770356803,0.6729693656497089,1.077794945398827,0.3361563465608827,40305.24003674757,1.9966480701646512,20186.45180340862,0.779961036106221,0.2222222222222222,,32435.5492503907,55590.857870082626,52.60991417723426,151810.48374899573,25555.180359491034,142.36724342799505
FC1=CC[C@H]1F,4.079439773051673,2.8321658000000003,3.406155200000002,268.6146637,0.2457502166974448,False,10934.682700969892,11710.74770356803,0.6729693656497089,1.077794945398827,0.3361563465608827,40305.24003674757,1.9966480701646512,20186.45180340862,0.779961036106221,0.2222222222222222,,32435.5492503907,55590.857870082626,52.60991417723426,151810.48374899573,25555.180359491034,142.36724342799505
FC1=C(F)CC1,3.323832086747699,2.8232104,3.4620776000000024,265.8608480000001,0.2468614819690457,False,12265.27980462334,11143.230573875497,0.7548602730741718,1.0255636866190396,0.2464690402278268,42078.50934910035,2.0844925972574884,20186.45180340862,0.8142762013030302,0.3,,33262.01487655389,59778.245653172125,56.999476625812754,178014.52822733004,25832.820272900713,149.30947993592082
C=C1CC1(F)F,3.311595637043557,2.887876000000001,3.400001700000002,268.1765867000001,0.2667578365096479,False,9413.353579161032,11567.915505222947,0.5793399552638614,1.0646494293896631,0.4255988979753345,36934.58774263459,1.8296721039602375,20186.45180340862,0.71473434465684,0.23076923076923078,,30465.679935316628,49209.49904453882,47.05058551286407,121336.89793817524,24717.349177051987,132.3063870712322
C/C=C/[C@H](C)Cl,3.892175157667058,2.8943143000000005,3.657254200000001,264.1806253,0.268430236349626,False,9061.315958198476,9228.134127824247,0.5576739827850267,0.8493083934684231,0.4672903442018981,33365.5025261159,1.652866132743641,20186.45180340862,0.6456677071454574,0.38461538461538464,,28007.142151325927,43830.284706319864,44.05264288307356,107398.41461115802,23459.257187861218,128.29077006996835
C/C=C/[C@@H](C)Cl,3.892175157667058,2.8943143000000005,3.657254200000001,264.1806253,0.268430236349626,False,9061.315958198476,9228.134127824247,0.5576739827850267,0.8493083934684231,0.4672903442018981,33365.5025261159,1.652866132743641,20186.45180340862,0.6456677071454574,0.38461538461538464,,28007.142151325927,43830.284706319864,44.05264288307356,107398.41461115802,23459.257187861218,128.29077006996835
C/C=C\[C@H](C)Cl,3.892175157667058,2.8943143000000005,3.657254200000001,264.1806253,0.268430236349626,False,9061.315958198476,9228.134127824247,0.5576739827850267,0.8493083934684231,0.4672903442018981,33365.5025261159,1.652866132743641,20186.45180340862,0.6456677071454574,0.38461538461538464,,28007.142151325927,43830.284706319864,44.05264288307356,107398.41461115802,23459.257187861218,128.29077006996835
C/C=C\[C@@H](C)Cl,3.892175157667058,2.8943143000000005,3.657254200000001,264.1806253,0.268430236349626,False,9061.315958198476,9228.134127824247,0.5576739827850267,0.8493083934684231,0.4672903442018981,33365.5025261159,1.652866132743641,20186.45180340862,0.6456677071454574,0.38461538461538464,,28007.142151325927,43830.284706319864,44.05264288307356,107398.41461115802,23459.257187861218,128.29077006996835
C=C(Cl)[C@H](C)F,3.7558856902114366,2.8459586000000003,3.5887761,259.82294049999996,0.2694859243654912,False,13793.911353025493,9853.037860080189,0.8489391075106829,0.9068212099883372,0.1774871267098168,42896.30735205684,2.125004818569131,20186.45180340862,0.8301017013404942,0.4,,33254.12154415545,63386.107106989184,62.35909410273698,212717.9707864226,25663.099317894837,156.9376892105326
C=C(Cl)[C@@H](C)F,3.7558856902114366,2.8459586000000003,3.5887761,259.82294049999996,0.2694859243654912,False,13793.911353025493,9853.037860080189,0.8489391075106829,0.9068212099883372,0.1774871267098168,42896.30735205684,2.125004818569131,20186.45180340862,0.8301017013404942,0.4,,33254.12154415545,63386.107106989184,62.35909410273698,212717.9707864226,25663.099317894837,156.9376892105326
C=CC[C@H](F)Cl,4.155150542282443,2.9047521000000014,3.5058592000000015,265.69228840000005,0.2725851117248076,False,9228.5774136135,10463.722407443029,0.5679680021568291,0.9630253683428291,0.4336113127520374,35112.344144374045,1.7394014800780928,20186.45180340862,0.679471460633785,0.4,,29211.134300051086,46451.77662688844,45.57224171162275,113511.04964231561,24083.71210714162,129.9865436709138
C=CC[C@@H](F)Cl,4.155150542282443,2.9047521000000014,3.5058592000000015,265.69228840000005,0.2725851117248076,False,9228.5774136135,10463.722407443029,0.5679680021568291,0.9630253683428291,0.4336113127520374,35112.344144374045,1.7394014800780928,20186.45180340862,0.679471460633785,0.4,,29211.134300051086,46451.77662688844,45.57224171162275,113511.04964231561,24083.71210714162,129.9865436709138
C/C(F)=C(/C)Cl,3.2475411991737353,2.8266085,3.5962379000000015,256.80320299999994,0.2754404550498056,False,16816.294857638368,9808.050934966044,1.0349501300041897,0.9026808526239404,0.1034046809061995,49390.7339833608,2.4467268673249865,20186.45180340862,0.9557776610829342,0.38461538461538464,,36509.131006819385,78511.27346162689,73.03424579128482,320039.8657845379,26930.711543278387,168.95331961495472
C/C(F)=C(\C)Cl,3.2475411991737353,2.8266085,3.5962379000000015,256.80320299999994,0.2754404550498056,False,16816.294857638368,9808.050934966044,1.0349501300041897,0.9026808526239404,0.1034046809061995,49390.7339833608,2.4467268673249865,20186.45180340862,0.9557776610829342,0.38461538461538464,,36509.131006819385,78511.27346162689,73.03424579128482,320039.8657845379,26930.711543278387,168.95331961495472
FC1=C(F)C1(F)Cl,3.3567005096010014,2.921469699999999,3.450859200000001,267.8792558,0.2756212066752393,False,8216.615212733484,10947.615074524116,0.5056873142748385,1.0075602762664837,0.4943704977504704,33915.87888654728,1.680130773691509,20186.45180340862,0.6563182358593181,0.25,,28618.553114096132,43825.07717525771,41.98167320004199,99590.54109869275,23875.143812602684,122.65010693536135
FC1=C(Cl)C(F)(F)C1,3.9415652533918424,2.9359157999999996,3.484736900000002,262.24385509999996,0.2954891587186905,False,10161.29915576253,10507.615044507706,0.6253718771760876,0.9670650132541544,0.3760730564165923,36731.812790830896,1.8196270027320245,20186.45180340862,0.7108103744395432,0.23809523809523808,,30072.062269811035,49837.53762426794,49.469589087309295,129249.5692154031,24459.994015387947,136.34750239017495
C=C(F)C(C)(C)Cl,3.177411278831771,2.8797244,3.7193783000000007,255.32575049999997,0.2960576352123791,False,13965.039509439686,8704.778404554401,0.8594711009865109,0.8011415157024605,0.2435016801483271,41416.199669128655,2.0516829838384596,20186.45180340862,0.801459611109226,0.4375,,32047.321993461846,62099.1938755811,63.840645837433144,221252.01668722345,25017.451628277162,159.36572763258363
C/C(F)=C\CCl,3.806859779055392,2.8669592999999995,3.4576223000000006,255.1084163000001,0.30088122854344,False,18238.499645481093,10873.705133223808,1.1224789847567471,1.0007579982937524,0.1224813302853005,54754.39710338183,2.7124329543707217,20186.45180340862,1.0595718139177055,0.5263157894736842,,39499.319108921496,89657.07738411202,77.6698013216805,377621.4690815935,28313.844350704814,172.10014165921834
C/C(F)=C/CCl,3.806859779055392,2.8669592999999995,3.4576223000000006,255.1084163000001,0.30088122854344,False,18238.499645481093,10873.705133223808,1.1224789847567471,1.0007579982937524,0.1224813302853005,54754.39710338183,2.7124329543707217,20186.45180340862,1.0595718139177055,0.5263157894736842,,39499.319108921496,89657.07738411202,77.6698013216805,377621.4690815935,28313.844350704814,172.10014165921834
C=C[C@](C)(F)Cl,3.705911725714395,2.8163480000000005,3.566876400000001,250.35736669999997,0.3018180240682206,False,24162.68268925112,9987.350576543728,1.4870797522399275,0.9191826381884411,0.4937389300149316,69639.37979806031,3.44980784519552,20186.45180340862,1.347616408476122,0.5,,45946.02658492273,131561.5504643104,96.46407810032979,817871.7076752746,30486.20901780032,185.62577967722092
C=C[C@@](C)(F)Cl,3.705911725714395,2.8163480000000005,3.566876400000001,250.35736669999997,0.3018180240682206,False,24162.68268925112,9987.350576543728,1.4870797522399275,0.9191826381884411,0.4937389300149316,69639.37979806031,3.44980784519552,20186.45180340862,1.347616408476122,0.5,,45946.02658492273,131561.5504643104,96.46407810032979,817871.7076752746,30486.20901780032,185.62577967722092
C/C(Cl)=C\CF,3.799955163670777,2.9353580999999997,3.4927420000000025,258.79908220000004,0.3065241327961624,False,12032.245100864848,10388.410142027078,0.7405182733059654,0.9560940279155123,0.263170098743762,40007.28149823643,1.9818877476764352,20186.45180340862,0.7741951344467355,0.5263157894736842,,31788.58505224093,56878.102718971284,56.592883522319354,166820.51131819404,25165.26586008494,147.56847881139373
C/C(Cl)=C/CF,3.799955163670777,2.9353580999999997,3.4927420000000025,258.79908220000004,0.3065241327961624,False,12032.245100864848,10388.410142027078,0.7405182733059654,0.9560940279155123,0.263170098743762,40007.28149823643,1.9818877476764352,20186.45180340862,0.7741951344467355,0.5263157894736842,,31788.58505224093,56878.102718971284,56.592883522319354,166820.51131819404,25165.26586008494,147.56847881139373
C=C(Cl)C(C)(C)F,3.00748204806254,2.9438101000000008,3.6574763999999984,256.51952579999994,0.3123190716160843,False,11461.550683140818,8995.524324956828,0.705395181874926,0.8279002241416825,0.3411895832422072,37105.96549830041,1.8381618453637707,20186.45180340862,0.7180507365640164,0.6,,29878.824835567455,52216.550165092296,54.41896167560067,153322.34104211206,24211.28747348061,145.44968707975426
C/C=C(\C)CCl,3.281693625209238,2.970916700000001,3.6624776000000008,258.28504640000006,0.3150372072489467,False,9630.900104198188,8909.051066142933,0.5927287431196414,0.8199416852318753,0.4452986339503458,33892.311246150995,1.6789632757762831,20186.45180340862,0.6558621700672448,0.47058823529411764,,28148.1843787795,45476.15466106934,47.07130959209333,117013.81135758864,23499.494559725652,133.1038597197221
C/C=C(/C)CCl,3.281693625209238,2.970916700000001,3.6624776000000008,258.28504640000006,0.3150372072489467,False,9630.900104198188,8909.051066142933,0.5927287431196414,0.8199416852318753,0.4452986339503458,33892.311246150995,1.6789632757762831,20186.45180340862,0.6558621700672448,0.47058823529411764,,28148.1843787795,45476.15466106934,47.07130959209333,117013.81135758864,23499.494559725652,133.1038597197221
C=C(F)[C@H](C)Cl,3.796934210921496,2.8901844999999997,3.578366400000001,251.8976888999999,0.3155274223321188,False,17993.012365671115,9695.144829732271,1.1073705976652646,0.8922895750893258,0.1520854393998126,51672.234686691816,2.5597482504561104,20186.45180340862,0.9999277926991886,0.38461538461538464,,37409.89671573936,85188.85385433988,77.94362816330556,373434.05343488697,27283.531505936975,172.765326473041
C=C(F)[C@@H](C)Cl,3.796934210921496,2.8901844999999997,3.578366400000001,251.8976888999999,0.3155274223321188,False,17993.012365671115,9695.144829732271,1.1073705976652646,0.8922895750893258,0.1520854393998126,51672.234686691816,2.5597482504561104,20186.45180340862,0.9999277926991886,0.38461538461538464,,37409.89671573936,85188.85385433988,77.94362816330556,373434.05343488697,27283.531505936975,172.765326473041
CC(C)=C(F)Cl,3.0057554003571667,2.847704199999999,3.5390168000000024,249.0511697999999,0.3172381149824733,False,24087.3931543254,10107.395328215,1.482446096930064,0.9302309187805964,0.4874648306670465,69401.07548449619,3.4380026841952156,20186.45180340862,1.3430048969419743,0.5,,45814.75506345604,131065.72909084753,96.39387232004849,799367.7897929258,30494.80840586398,185.30127350139523
C/C=C(\Cl)CC,3.4786782405938528,2.963820600000002,3.711504,256.7540503000001,0.3177998160116991,False,10216.840574321925,8560.327710830756,0.6287901449244406,0.7878470419851875,0.4275577552795091,34481.65099358746,1.7081580918428168,20186.45180340862,0.6672666931419128,0.3888888888888889,,28380.194944267314,47055.32764425424,49.51283442909051,128040.84604128683,23555.03505102655,137.84782309043646
C/C=C(/Cl)CC,3.4786782405938528,2.963820600000002,3.711504,256.7540503000001,0.3177998160116991,False,10216.840574321925,8560.327710830756,0.6287901449244406,0.7878470419851875,0.4275577552795091,34481.65099358746,1.7081580918428168,20186.45180340862,0.6672666931419128,0.3888888888888889,,28380.194944267314,47055.32764425424,49.51283442909051,128040.84604128683,23555.03505102655,137.84782309043646
C=C(C)[C@](C)(F)Cl,3.4395420420588216,2.9318378000000007,3.6110269000000006,254.06240049999985,0.3186579935027855,False,13950.48283714713,9347.516721973234,0.8585752181532739,0.860295732603325,0.1987919798413299,42227.71680619686,2.0918840625109967,20186.45180340862,0.8171635678768471,0.5,,32603.87909004142,63282.224809857296,63.98913809626231,217612.21397908483,25353.89490290589,158.25937202588145
C=C(C)[C@@](C)(F)Cl,3.4395420420588216,2.9318378000000007,3.6110269000000006,254.06240049999985,0.3186579935027855,False,13950.48283714713,9347.516721973234,0.8585752181532739,0.860295732603325,0.1987919798413299,42227.71680619686,2.0918840625109967,20186.45180340862,0.8171635678768471,0.5,,32603.87909004142,63282.224809857296,63.98913809626231,217612.21397908483,25353.89490290589,158.25937202588145
FC1=C(F)[C@H](F)C1,4.419742042058822,2.932531899999999,3.451694000000002,254.39788440000007,0.3240579983545624,False,15676.124375410074,10705.648277231683,0.9647789300580184,0.9852909389297512,0.0381691006630528,47965.85827248242,2.376141123740382,20186.45180340862,0.9282043843882404,0.1875,,35956.82008918831,74394.83338209768,69.66458967089446,269717.6351462009,26911.592344425302,163.71012718862877
FC1=C(F)[C@@H](F)C1,4.419742042058822,2.932531899999999,3.451694000000002,254.39788440000007,0.3240579983545624,False,15676.124375410074,10705.648277231683,0.9647789300580184,0.9852909389297512,0.0381691006630528,47965.85827248242,2.376141123740382,20186.45180340862,0.9282043843882404,0.1875,,35956.82008918831,74394.83338209768,69.66458967089446,269717.6351462009,26911.592344425302,163.71012718862877
F/C(Cl)=C1\CC1(F)F,4.095237884970791,2.994171199999999,3.5148388000000024,258.9092706999999,0.3250394044394119,False,9844.299494417875,10019.370816412897,0.6058622977177497,0.922129610794719,0.4017565505070374,35442.84085200371,1.755773684111189,20186.45180340862,0.6858670199773719,0.2631578947368421,,29203.33233981021,47834.99409300271,48.36985073771467,121733.91065077615,24057.54950671609,133.9946263499172
F/C(Cl)=C1/CC1(F)F,4.095237884970791,2.994171199999999,3.5148388000000024,258.9092706999999,0.3250394044394119,False,9844.299494417875,10019.370816412897,0.6058622977177497,0.922129610794719,0.4017565505070374,35442.84085200371,1.755773684111189,20186.45180340862,0.6858670199773719,0.2631578947368421,,29203.33233981021,47834.99409300271,48.36985073771467,121733.91065077615,24057.54950671609,133.9946263499172
C/C=C(\F)CCl,3.9427459329015457,2.9705496999999985,3.496466800000001,255.3693999,0.3302449287140561,False,12852.124498429032,10198.59494409915,0.7909773248556821,0.9386244464622064,0.2178472797547805,41178.4402444076,2.039904815637503,20186.45180340862,0.7968586439128917,0.2777777777777778,,32291.30886429564,59902.55157372716,59.89822441157704,185209.26188041669,25359.61573880174,151.82646927593785
C/C=C(/F)CCl,3.9427459329015457,2.9705496999999985,3.496466800000001,255.3693999,0.3302449287140561,False,12852.124498429032,10198.59494409915,0.7909773248556821,0.9386244464622064,0.2178472797547805,41178.4402444076,2.039904815637503,20186.45180340862,0.7968586439128917,0.2777777777777778,,32291.30886429564,59902.55157372716,59.89822441157704,185209.26188041669,25359.61573880174,151.82646927593785
C/C(=C\Cl)CF,3.9034690098246223,2.9726063999999996,3.414266800000001,255.8914525,0.3336407999178597,False,13361.090116281615,10954.55177783166,0.8223013493702099,1.0081986935521985,0.1778876865092439,43276.44570630058,2.1438361792235847,20186.45180340862,0.8374578938447279,0.3333333333333333,,33595.495804933256,63607.438302020026,61.751104064542645,198798.50475614934,25998.286007535007,153.73904419326792
C/C(=C/Cl)CF,3.9034690098246223,2.9726063999999996,3.414266800000001,255.8914525,0.3336407999178597,False,13361.090116281615,10954.55177783166,0.8223013493702099,1.0081986935521985,0.1778876865092439,43276.44570630058,2.1438361792235847,20186.45180340862,0.8374578938447279,0.3333333333333333,,33595.495804933256,63607.438302020026,61.751104064542645,198798.50475614934,25998.286007535007,153.73904419326792
C=C1[C@@H](F)[C@H]1F,4.19760849860806,3.0210511,3.3525969000000013,261.73433720000014,0.3355099399139711,False,9032.552134952935,11498.7033011096,0.5559037282278008,1.058279506166866,0.4479040069490569,35670.87314355219,1.7670699878781528,20186.45180340862,0.6902797539598433,0.16666666666666666,,29600.17260710204,47283.66392772662,46.00054346303048,111902.7534287101,24369.6397922121,128.46785994958051
C=C1[C@@H](F)[C@@H]1F,4.19760849860806,3.0210511,3.3525969000000013,261.73433720000014,0.3355099399139711,False,9032.552134952935,11498.7033011096,0.5559037282278008,1.058279506166866,0.4479040069490569,35670.87314355219,1.7670699878781528,20186.45180340862,0.6902797539598433,0.16666666666666666,,29600.17260710204,47283.66392772662,46.00054346303048,111902.7534287101,24369.6397922121,128.46785994958051
C=C1[C@H](F)[C@H]1F,4.19760849860806,3.0210511,3.3525969000000013,261.73433720000014,0.3355099399139711,False,9032.552134952935,11498.7033011096,0.5559037282278008,1.058279506166866,0.4479040069490569,35670.87314355219,1.7670699878781528,20186.45180340862,0.6902797539598433,0.16666666666666666,,29600.17260710204,47283.66392772662,46.00054346303048,111902.7534287101,24369.6397922121,128.46785994958051
C/C=C/[C@H](F)Cl,4.339156696128596,2.9181699999999995,3.4229962000000027,250.5080835000001,0.336839374967247,False,20315.850622127087,10961.011450569302,1.2503284713139802,1.008793207480924,0.250482861785386,59797.35167393508,2.962251724884008,20186.45180340862,1.1571598215390273,0.3333333333333333,,41792.97355681538,102940.8531369206,84.49701217324572,478301.13011191407,29248.815132398788,176.94901523961772
C/C=C/[C@@H](F)Cl,4.339156696128596,2.9181699999999995,3.4229962000000027,250.5080835000001,0.336839374967247,False,20315.850622127087,10961.011450569302,1.2503284713139802,1.008793207480924,0.250482861785386,59797.35167393508,2.962251724884008,20186.45180340862,1.1571598215390273,0.3333333333333333,,41792.97355681538,102940.8531369206,84.49701217324572,478301.13011191407,29248.815132398788,176.94901523961772
C/C=C\[C@H](F)Cl,4.339156696128596,2.9181699999999995,3.4229962000000027,250.5080835000001,0.336839374967247,False,20315.850622127087,10961.011450569302,1.2503284713139802,1.008793207480924,0.250482861785386,59797.35167393508,2.962251724884008,20186.45180340862,1.1571598215390273,0.3333333333333333,,41792.97355681538,102940.8531369206,84.49701217324572,478301.13011191407,29248.815132398788,176.94901523961772
C/C=C\[C@@H](F)Cl,4.339156696128596,2.9181699999999995,3.4229962000000027,250.5080835000001,0.336839374967247,False,20315.850622127087,10961.011450569302,1.2503284713139802,1.008793207480924,0.250482861785386,59797.35167393508,2.962251724884008,20186.45180340862,1.1571598215390273,0.3333333333333333,,41792.97355681538,102940.8531369206,84.49701217324572,478301.13011191407,29248.815132398788,176.94901523961772
CC/C(F)=C/Cl,3.9716105482861614,3.0054721,3.415605700000001,257.81407580000007,0.3378762523655454,False,10974.144981009316,10865.832091937113,0.6753980511718655,1.0000334054395206,0.324601950547045,38428.38015651075,1.9036718552995953,20186.45180340862,0.743641252984199,0.4117647058823529,,30983.28776426948,53384.22534857615,53.10323075268162,143971.09751119706,24901.526272337323,141.01702048697533
CC/C(F)=C\Cl,3.9716105482861614,3.0054721,3.415605700000001,257.81407580000007,0.3378762523655454,False,10974.144981009316,10865.832091937113,0.6753980511718655,1.0000334054395206,0.324601950547045,38428.38015651075,1.9036718552995953,20186.45180340862,0.743641252984199,0.4117647058823529,,30983.28776426948,53384.22534857615,53.10323075268162,143971.09751119706,24901.526272337323,141.01702048697533
CC(C)(F)/C=C/Cl,3.9150344462525855,3.026338100000001,3.6796931,257.0980824999999,0.3381541279736094,False,8561.426142113893,8629.037928580725,0.5269085237749218,0.7941707650524693,0.5159275325430012,31902.676412622783,1.5804003954392716,20186.45180340862,0.6173600387112019,0.5294117647058824,,26981.73379894427,41727.12966776631,42.92137906186203,99648.34176694117,22999.64181147389,124.98974336004781
CC(C)(F)/C=C\Cl,3.9150344462525855,3.026338100000001,3.6796931,257.0980824999999,0.3381541279736094,False,8561.426142113893,8629.037928580725,0.5269085237749218,0.7941707650524693,0.5159275325430012,31902.676412622783,1.5804003954392716,20186.45180340862,0.6173600387112019,0.5294117647058824,,26981.73379894427,41727.12966776631,42.92137906186203,99648.34176694117,22999.64181147389,124.98974336004781
FC1=CCC1(F)F,3.802571097836296,2.9100620999999993,3.4084913,249.56978009999995,0.3392814310093971,False,22048.28404018093,11112.52967387959,1.3569501859316928,1.0227381390389565,0.3576736755810036,65000.6435427012,3.2200133126776342,20186.45180340862,1.2578505732483771,0.2222222222222222,,44298.95257988116,116060.6285981224,89.50095216148488,586578.0435810303,30234.73209711582,180.39292745590447
FC(F)=C1C[C@@H]1F,4.393028919886877,2.9803437000000006,3.3727577,255.7898107,0.3393566700049494,False,13619.128201968171,11336.54910885282,0.8381821692885185,1.0433556965849773,0.167525301857774,44346.59065935937,2.1968492081342963,20186.45180340862,0.8581666494708097,0.1875,,34249.86238854549,65546.95999768308,62.721631532541515,205910.49696386317,26322.925151775504,154.66126294488615
FC(F)=C1C[C@H]1F,4.393028919886877,2.9803437000000006,3.3727577,255.7898107,0.3393566700049494,False,13619.128201968171,11336.54910885282,0.8381821692885185,1.0433556965849773,0.167525301857774,44346.59065935937,2.1968492081342963,20186.45180340862,0.8581666494708097,0.1875,,34249.86238854549,65546.95999768308,62.721631532541515,205910.49696386317,26322.925151775504,154.66126294488615
C/C(=C\F)CCl,3.7614720867477,3.0150139999999994,3.5466330000000017,255.7638064,0.3416199882911136,False,10592.948635311262,9650.947038494993,0.6519375201287789,0.8882218454106462,0.3655705755904127,36255.69164065627,1.7960408294504857,20186.45180340862,0.7015967847111676,0.3181818181818182,,29527.317823184538,49985.058732356854,51.45800388668316,134762.2489780447,24159.856984264752,139.19069511954595
C/C(=C/F)CCl,3.7614720867477,3.0150139999999994,3.5466330000000017,255.7638064,0.3416199882911136,False,10592.948635311262,9650.947038494993,0.6519375201287789,0.8882218454106462,0.3655705755904127,36255.69164065627,1.7960408294504857,20186.45180340862,0.7015967847111676,0.3181818181818182,,29527.317823184538,49985.058732356854,51.45800388668316,134762.2489780447,24159.856984264752,139.19069511954595
F/C=C1\CC1(F)F,4.162725848967517,3.005739200000001,3.396401900000001,257.0031657,0.3419152750013466,False,11628.754053288749,11037.92427013104,0.7156856264191436,1.0158718544006895,0.2847570522160803,39865.22654640349,1.974850604486717,20186.45180340862,0.7714461785463459,0.1875,,31788.357848686614,56271.20700312794,55.60520131036472,157522.78663001297,25261.801216136584,144.71787470965654
F/C=C1/CC1(F)F,4.162725848967517,3.005739200000001,3.396401900000001,257.0031657,0.3419152750013466,False,11628.754053288749,11037.92427013104,0.7156856264191436,1.0158718544006895,0.2847570522160803,39865.22654640349,1.974850604486717,20186.45180340862,0.7714461785463459,0.1875,,31788.357848686614,56271.20700312794,55.60520131036472,157522.78663001297,25261.801216136584,144.71787470965654
FC1(F)C=CCC1,3.817646258588857,3.0534355000000004,3.493125800000002,259.0010166000001,0.3464849985815604,False,8357.90295454175,10034.106376623422,0.514382794937515,0.9234857933984726,0.4916080691613602,32888.35550452749,1.6292291396635672,20186.45180340862,0.6364342654144619,0.23529411764705882,,27764.11671054594,42802.938488323314,42.62278406090652,97803.37561164792,23457.944837770887,122.62019001333307
FC(F)=C1CC(F)C1,3.8322014072379966,3.0448220000000004,3.4691439000000024,256.5852629,0.352339231974168,False,9935.4819947291,10235.236208055629,0.6114740773249765,0.9419967135526572,0.3928317372987712,35715.95655079029,1.7693033376355622,20186.45180340862,0.6911521790090073,0.23529411764705882,,29343.97161468844,48429.977322977145,49.080716535522185,122953.05196416975,24149.950167398794,134.33186320480627
CC(C)(Cl)/C=C/F,4.1805303738543955,3.0386243000000004,3.659935,254.2044236999999,0.3525666665272814,False,9752.552302758855,8703.048937735886,0.6002157644749115,0.8009823447731216,0.4465819768714184,33834.79534422128,1.676114042910109,20186.45180340862,0.6547491593911942,0.3888888888888889,,28006.604829815387,45808.8402725273,48.23444583455318,119633.83729067702,23431.962713454686,134.48619386945595
CC(C)(Cl)/C=C\F,4.1805303738543955,3.0386243000000004,3.659935,254.2044236999999,0.3525666665272814,False,9752.552302758855,8703.048937735886,0.6002157644749115,0.8009823447731216,0.4465819768714184,33834.79534422128,1.676114042910109,20186.45180340862,0.6547491593911942,0.3888888888888889,,28006.604829815387,45808.8402725273,48.23444583455318,119633.83729067702,23431.962713454686,134.48619386945595
C/C=C/[C@](C)(F)Cl,4.160128467398188,3.016038099999999,3.6458353999999984,251.5119748,0.3550317119179689,False,12095.795304737148,8827.76575843781,0.7444294375853877,0.8124606177545974,0.3169973694936733,37954.379276530606,1.8801907163358815,20186.45180340862,0.7344686933585151,0.4444444444444444,,30175.24536705678,54730.81993768753,57.84174424405615,169090.23303057984,24326.495757640223,149.69102019241302
C/C=C/[C@@](C)(F)Cl,4.160128467398188,3.016038099999999,3.6458353999999984,251.5119748,0.3550317119179689,False,12095.795304737148,8827.76575843781,0.7444294375853877,0.8124606177545974,0.3169973694936733,37954.379276530606,1.8801907163358815,20186.45180340862,0.7344686933585151,0.4444444444444444,,30175.24536705678,54730.81993768753,57.84174424405615,169090.23303057984,24326.495757640223,149.69102019241302
C/C=C\[C@](C)(F)Cl,4.160128467398188,3.016038099999999,3.6458353999999984,251.5119748,0.3550317119179689,False,12095.795304737148,8827.76575843781,0.7444294375853877,0.8124606177545974,0.3169973694936733,37954.379276530606,1.8801907163358815,20186.45180340862,0.7344686933585151,0.4444444444444444,,30175.24536705678,54730.81993768753,57.84174424405615,169090.23303057984,24326.495757640223,149.69102019241302
C/C=C\[C@@](C)(F)Cl,4.160128467398188,3.016038099999999,3.6458353999999984,251.5119748,0.3550317119179689,False,12095.795304737148,8827.76575843781,0.7444294375853877,0.8124606177545974,0.3169973694936733,37954.379276530606,1.8801907163358815,20186.45180340862,0.7344686933585151,0.4444444444444444,,30175.24536705678,54730.81993768753,57.84174424405615,169090.23303057984,24326.495757640223,149.69102019241302
CC/C(Cl)=C/F,3.9438813175169303,3.0394455,3.5576277000000016,253.2865066000001,0.3582486002014131,False,11109.081993717584,9461.037863346432,0.6837026795116431,0.8707436147936878,0.3416887590552503,36881.058428672746,1.8270203593900105,20186.45180340862,0.7136984798625435,0.2857142857142857,,29778.24222340104,51659.081413545566,53.73663625708248,144864.81632208597,24248.54644354231,142.64546326324782
CC/C(Cl)=C\F,3.9438813175169303,3.0394455,3.5576277000000016,253.2865066000001,0.3582486002014131,False,11109.081993717584,9461.037863346432,0.6837026795116431,0.8707436147936878,0.3416887590552503,36881.058428672746,1.8270203593900105,20186.45180340862,0.7136984798625435,0.2857142857142857,,29778.24222340104,51659.081413545566,53.73663625708248,144864.81632208597,24248.54644354231,142.64546326324782
C/C=C(\Cl)CF,4.033964394440007,2.9619216,3.509459200000001,244.7203458,0.3694961684992012,False,22203.20204316959,9950.810015088911,1.366484533937031,0.9158196392207464,0.3760282526034024,62442.46796498395,3.0932859609552636,20186.45180340862,1.2083464077274966,0.2727272727272727,,42273.48092154344,114434.35250358992,92.09606183027357,623453.6277916128,29223.128654564534,182.09028995382994
C/C=C(/Cl)CF,4.033964394440007,2.9619216,3.509459200000001,244.7203458,0.3694961684992012,False,22203.20204316959,9950.810015088911,1.366484533937031,0.9158196392207464,0.3760282526034024,62442.46796498395,3.0932859609552636,20186.45180340862,1.2083464077274966,0.2727272727272727,,42273.48092154344,114434.35250358992,92.09606183027357,623453.6277916128,29223.128654564534,182.09028995382994
C=C(CF)CCl,3.868022855978469,3.094577000000001,3.453579199999999,254.9389562000001,0.3756961830164744,False,9489.855009174704,10204.025473459034,0.5840481960272655,0.9391242435070304,0.4203828742429494,34800.79466549733,1.7239678871955582,20186.45180340862,0.673442555853129,0.4117647058823529,,28796.15244094348,46744.18642229085,47.519071932791455,114683.41641224528,23924.091354107226,130.9587431744736
CC(C)=C[C@H](F)Cl,3.9814316348190033,3.098201899999999,3.6317703000000017,253.09964419999983,0.3772734766163429,False,8900.370280040142,8742.856815607616,0.5477686646430865,0.8046460501695013,0.4926219101837373,32480.160674130995,1.6090079123586492,20186.45180340862,0.6285351420607992,0.42105263157894735,,27253.55467283494,43082.425791736685,45.00931390833396,105139.71481165875,23134.747631563027,127.858601966691
CC(C)=C[C@@H](F)Cl,3.9814316348190033,3.098201899999999,3.6317703000000017,253.09964419999983,0.3772734766163429,False,8900.370280040142,8742.856815607616,0.5477686646430865,0.8046460501695013,0.4926219101837373,32480.160674130995,1.6090079123586492,20186.45180340862,0.6285351420607992,0.42105263157894735,,27253.55467283494,43082.425791736685,45.00931390833396,105139.71481165875,23134.747631563027,127.858601966691
C=C1C(F)(F)C1(F)F,3.483582538459715,3.027260599999999,3.3762006000000007,249.29396900000003,0.3776978161354238,False,16526.467202082633,11043.950205192808,1.017112837524749,1.0164264494201771,0.023720823103385,49719.52929457066,2.463014787282982,20186.45180340862,0.9621402960992324,0.2727272727272727,,36756.85340029416,78896.04646545906,72.87183134029314,291149.97151919844,27330.55466819065,165.67381372371915
C=C(C)CCF,3.240284394440007,2.984225800000001,3.509873300000001,243.448794,0.3813812607595344,False,22246.75952331621,9862.937602568212,1.3691652564220989,0.9077323296439244,0.3805211026239299,62203.477753433755,3.081446821819884,20186.45180340862,1.2037216231374537,0.5,,42044.34748548032,114563.96472551563,92.6127307244468,627742.5017438431,29128.436383231627,182.26230774265332
C=C(C)[C@H](F)Cl,3.5989555126966435,3.1112615999999997,3.376975700000003,252.89324499999995,0.3923989669817856,False,10779.194007039649,10831.584321039769,0.6633998947668768,0.99688142272256,0.336614551627206,37604.42968389102,1.8628548518636276,20186.45180340862,0.7276966943179123,0.4375,,30408.55240395877,52188.135608853256,52.73718287957535,137084.17140018631,24681.379730597175,138.96999810387842
C=C(C)[C@@H](F)Cl,3.5989555126966435,3.1112615999999997,3.376975700000003,252.89324499999995,0.3923989669817856,False,10779.194007039649,10831.584321039769,0.6633998947668768,0.99688142272256,0.336614551627206,37604.42968389102,1.8628548518636276,20186.45180340862,0.7276966943179123,0.4375,,30408.55240395877,52188.135608853256,52.73718287957535,137084.17140018631,24681.379730597175,138.96999810387842
F[C@@H]1C=CC1(F)F,4.425860594095021,3.0297438000000017,3.358519600000002,245.3533889000001,0.3948328197703847,False,20380.15433095367,11144.12719777248,1.2542860096643258,1.0256462071146182,0.2555760212742413,59008.255433547325,2.9231613365348026,20186.45180340862,1.1418897395179497,0.2,,41204.374572978995,102154.32214946137,85.03139184431731,459109.87882746913,29124.56549716186,176.13886866384485
F[C@H]1C=CC1(F)F,4.425860594095021,3.0297438000000017,3.358519600000002,245.3533889000001,0.3948328197703847,False,20380.15433095367,11144.12719777248,1.2542860096643258,1.0256462071146182,0.2555760212742413,59008.255433547325,2.9231613365348026,20186.45180340862,1.1418897395179497,0.2,,41204.374572978995,102154.32214946137,85.03139184431731,459109.87882746913,29124.56549716186,176.13886866384485
C/C=C(\C)[C@H](F)Cl,4.073761046583709,3.114535599999998,3.5871023000000033,249.2468418999999,0.3971885078019268,False,10805.79117522697,8981.64790268911,0.6650368036642438,0.826623112025621,0.3771735518075821,35733.58005710287,1.770176373991045,20186.45180340862,0.6914932177481601,0.3125,,28981.339160948737,50010.913175751404,53.24464967821214,139152.4804442177,23880.033456218054,141.41037788130623
C/C=C(\C)[C@@H](F)Cl,4.073761046583709,3.114535599999998,3.5871023000000033,249.2468418999999,0.3971885078019268,False,10805.79117522697,8981.64790268911,0.6650368036642438,0.826623112025621,0.3771735518075821,35733.58005710287,1.770176373991045,20186.45180340862,0.6914932177481601,0.3125,,28981.339160948737,50010.913175751404,53.24464967821214,139152.4804442177,23880.033456218054,141.41037788130623
C/C=C(/C)[C@H](F)Cl,4.073761046583709,3.114535599999998,3.5871023000000033,249.2468418999999,0.3971885078019268,False,10805.79117522697,8981.64790268911,0.6650368036642438,0.826623112025621,0.3771735518075821,35733.58005710287,1.770176373991045,20186.45180340862,0.6914932177481601,0.3125,,28981.339160948737,50010.913175751404,53.24464967821214,139152.4804442177,23880.033456218054,141.41037788130623
C/C=C(/C)[C@@H](F)Cl,4.073761046583709,3.114535599999998,3.5871023000000033,249.2468418999999,0.3971885078019268,False,10805.79117522697,8981.64790268911,0.6650368036642438,0.826623112025621,0.3771735518075821,35733.58005710287,1.770176373991045,20186.45180340862,0.6914932177481601,0.3125,,28981.339160948737,50010.913175751404,53.24464967821214,139152.4804442177,23880.033456218054,141.41037788130623
CCC/C=C/F,3.141218048286161,3.0844404000000014,3.515156000000001,247.09129310000003,0.3972940034012902,False,13980.945592221731,9595.025183240656,0.860450032587229,0.8830750952238852,0.182059404486033,42139.08485999304,2.08749339757062,20186.45180340862,0.8154484195603945,0.6,,32412.12685328742,63789.58700521654,65.23264273249835,214102.91831815155,25361.079534793353,157.63692285740987
CCC/C=C\F,3.141218048286161,3.0844404000000014,3.515156000000001,247.09129310000003,0.3972940034012902,False,13980.945592221731,9595.025183240656,0.860450032587229,0.8830750952238852,0.182059404486033,42139.08485999304,2.08749339757062,20186.45180340862,0.8154484195603945,0.6,,32412.12685328742,63789.58700521654,65.23264273249835,214102.91831815155,25361.079534793353,157.63692285740987
FC1=CCC(F)(F)C1,4.078659978666567,3.098163100000001,3.4713336000000026,247.25185460000003,0.4028763919828766,False,13858.529425878196,9926.867460109495,0.8529159932316863,0.9136160937777096,0.1705751573390533,42234.0721898491,2.0921988966241996,20186.45180340862,0.8172865531664455,0.19047619047619047,,32548.879808488902,63584.69049462845,64.56810162835103,208021.41232862906,25469.094802217864,156.36808516939817
C=CCCCF,2.884969009824623,3.0324493,3.498723000000001,239.31035200000008,0.4135125271443874,False,24276.976283036944,9754.51246567405,1.494113892087538,0.8977534566072266,0.5045819001804024,67297.88578944039,3.333814503154868,20186.45180340862,1.3023053250702266,0.6,,44003.86306748913,131191.39177557747,99.53183810393459,805457.9481626173,29857.369478708435,185.70246763197565
C/C=C/CCF,3.233450740593854,3.0766533,3.4705893,241.80339970000017,0.4173112236558494,False,19490.93051278249,9909.527993933069,1.1995591917766708,0.9120202615154216,0.2180924240004059,54392.39779895476,2.6945001691565342,20186.45180340862,1.052566636618346,0.45,,38340.2318177877,94222.68188522145,84.31083552166254,432131.90394580754,27775.09067928584,175.84286301022448
C/C=C\CCF,3.233450740593854,3.0766533,3.4705893,241.80339970000017,0.4173112236558494,False,19490.93051278249,9909.527993933069,1.1995591917766708,0.9120202615154216,0.2180924240004059,54392.39779895476,2.6945001691565342,20186.45180340862,1.052566636618346,0.45,,38340.2318177877,94222.68188522145,84.31083552166254,432131.90394580754,27775.09067928584,175.84286301022448
C=C1[C@H](F)C1(F)F,4.024209734366514,3.159940300000001,3.3487481,250.65717850000007,0.4180489139651854,False,10838.534113917498,10922.274334731512,0.6670519508141576,1.0052280493282488,0.3329890928490552,37591.99850690795,1.8622390340317403,20186.45180340862,0.7274561341904724,0.2222222222222222,,30365.57373107985,52311.56563305716,53.08841614686261,136614.42926576827,24685.132430714686,138.7843781567996
C=C1[C@@H](F)C1(F)F,4.024209734366514,3.159940300000001,3.3487481,250.65717850000007,0.4180489139651854,False,10838.534113917498,10922.274334731512,0.6670519508141576,1.0052280493282488,0.3329890928490552,37591.99850690795,1.8622390340317403,20186.45180340862,0.7274561341904724,0.2222222222222222,,30365.57373107985,52311.56563305716,53.08841614686261,136614.42926576827,24685.132430714686,138.7843781567996
C/C=C(\F)CC,3.583567471363085,3.0513569,3.522459400000001,238.1955403000001,0.4229508420456975,False,23942.465484374217,9489.855828042691,1.4735265987809785,0.873395867021515,0.4901592049939648,65793.03234887152,3.2592668087297003,20186.45180340862,1.2731843708810446,0.3888888888888889,,43116.92294368813,128453.56556846012,99.47706434225093,794175.9877115439,29467.67466997009,185.68911483649805
C/C=C(/F)CC,3.583567471363085,3.0513569,3.522459400000001,238.1955403000001,0.4229508420456975,False,23942.465484374217,9489.855828042691,1.4735265987809785,0.873395867021515,0.4901592049939648,65793.03234887152,3.2592668087297003,20186.45180340862,1.2731843708810446,0.3888888888888889,,43116.92294368813,128453.56556846012,99.47706434225093,794175.9877115439,29467.67466997009,185.68911483649805
C=CC[C@H](C)F,3.766350542282443,3.1066678000000003,3.516222200000001,241.6451182,0.4254771529229217,False,17437.26591846646,9446.322772639243,1.0731674713135302,0.8693893160941726,0.1497084820869019,48938.36986001053,2.424317573816858,20186.45180340862,0.9470238020307644,0.5555555555555556,,35554.118202776066,81353.53249700723,78.35144068003423,340933.29460603336,26603.71167217952,171.04649467374568
C=CC[C@@H](C)F,3.766350542282443,3.1066678000000003,3.516222200000001,241.6451182,0.4254771529229217,False,17437.26591846646,9446.322772639243,1.0731674713135302,0.8693893160941726,0.1497084820869019,48938.36986001053,2.424317573816858,20186.45180340862,0.9470238020307644,0.5555555555555556,,35554.118202776066,81353.53249700723,78.35144068003423,340933.29460603336,26603.71167217952,171.04649467374568
C=C(CC)CF,3.457355163670777,3.0799456000000007,3.5113176000000004,237.13455090000008,0.4361895164161897,False,23673.63678693944,9486.774805957346,1.4569816762689545,0.8731123061324663,0.474270744723522,64720.98089687704,3.206159335339381,20186.45180340862,1.2524387219159363,0.42857142857142855,,42574.654828933766,125851.29975386,98.8881376759419,761937.9470483273,29284.104414256693,185.19550643962737
FC1=C(F)C(F)(F)[C@@H]1Cl,4.497991218005055,3.2251160000000003,3.551179200000001,248.7913057000001,0.4377163141315418,False,8369.516836952585,8971.61382003492,0.515097565296426,0.825699628415509,0.515277586079528,31707.860239262376,1.5707495575774384,20186.45180340862,0.6135900816464159,0.18181818181818182,,26793.45713725567,41661.440946739574,43.438772755868115,96361.98009266263,22982.881751815585,122.96984923652515
FC1=C(F)C(F)(F)[C@H]1Cl,4.497991218005055,3.2251160000000003,3.551179200000001,248.7913057000001,0.4377163141315418,False,8369.516836952585,8971.61382003492,0.515097565296426,0.825699628415509,0.515277586079528,31707.860239262376,1.5707495575774384,20186.45180340862,0.6135900816464159,0.18181818181818182,,26793.45713725567,41661.440946739574,43.438772755868115,96361.98009266263,22982.881751815585,122.96984923652515
FC1(F)C=CC1(F)F,4.029905901165122,3.1340900000000005,3.370201500000002,240.7566765,0.4440265312355876,False,19277.41316737539,10631.387356017563,1.1864183776878376,0.978456358632128,0.18765910588925,54310.13574597463,2.690425057107064,20186.45180340862,1.05097475437137,0.3,,38520.16912248068,92736.22359048002,82.61091646265525,394695.33273469436,28019.655384017264,173.48600719485398
FC1=C(Cl)[C@H](F)C1(F)F,4.499728280942119,3.248914300000002,3.480404300000002,248.95079680000003,0.447839725622545,False,8244.983199064998,9470.782878708476,0.5074332072548501,0.8716404941873788,0.5090169034989936,31850.48202677777,1.5778147807728942,20186.45180340862,0.6163500065857143,0.22727272727272727,,26943.906436141806,41664.56538078412,42.91207355244045,93954.93381453994,23093.089111664438,121.08166021317932
FC1=C(Cl)[C@@H](F)C1(F)F,4.499728280942119,3.248914300000002,3.480404300000002,248.95079680000003,0.447839725622545,False,8244.983199064998,9470.782878708476,0.5074332072548501,0.8716404941873788,0.5090169034989936,31850.48202677777,1.5778147807728942,20186.45180340862,0.6163500065857143,0.22727272727272727,,26943.906436141806,41664.56538078412,42.91207355244045,93954.93381453994,23093.089111664438,121.08166021317932
C=C(C)[C@H](C)F,3.299505808554631,3.1717787,3.3823721000000018,242.13591190000005,0.4499708127929692,False,16040.28434678701,10430.860160218956,0.9871909662948648,0.960000901857076,0.0419999904369818,46694.29281721336,2.3131500905636475,20186.45180340862,0.9035978689807076,0.5714285714285714,,34778.839017861326,74101.89875436111,72.23143512999202,265401.89286192425,26487.460657585554,163.7020530715381
C=C(C)[C@@H](C)F,3.299505808554631,3.1717787,3.3823721000000018,242.13591190000005,0.4499708127929692,False,16040.28434678701,10430.860160218956,0.9871909662948648,0.960000901857076,0.0419999904369818,46694.29281721336,2.3131500905636475,20186.45180340862,0.9035978689807076,0.5714285714285714,,34778.839017861326,74101.89875436111,72.23143512999202,265401.89286192425,26487.460657585554,163.7020530715381
C=C1C(F)(F)CC1(F)F,4.160021713519264,3.2124767000000007,3.5077002000000004,239.12026429999997,0.4691559655623247,False,15156.2467262185,9204.718156918603,0.9327833302441452,0.8471533120233654,0.1669736228225713,43477.197450495856,2.1537810544374336,20186.45180340862,0.8413427122519602,0.2,,32720.499547603966,68816.43713923295,71.09912662218105,250866.01842817172,25467.745219257344,163.13480497916814
C=C1CC(F)(F)C1(F)F,4.10387555967311,3.2391184000000006,3.4733447,239.8814692,0.4761304203453737,False,13972.19382415939,9423.922237724346,0.859911409568867,0.8673276899780065,0.1929423619000081,41308.95431012374,2.0463702443808596,20186.45180340862,0.799384268021062,0.2,,31725.875780659713,63196.18614534088,66.30768385375954,209624.31351895284,25103.136145428172,157.22164377226227
FC(F)=C1CCC1(F)F,4.05330426140616,3.260864,3.5531104,239.1684999,0.4835372524077639,False,12811.748649062169,8742.154179403944,0.7884924141839187,0.8045813832696636,0.287965092715324,38634.42977599307,1.9138791775912487,20186.45180340862,0.7476285924605103,0.18181818181818182,,30186.259572915653,57918.47972063824,62.95284537491752,185973.21854026374,24380.0892583846,153.639732099252
FC(F)=C1CC(F)(F)C1,3.8432783568759055,3.273176200000001,3.5331538000000005,239.95493910000005,0.485258715794632,False,12086.920716774648,8872.909317534744,0.7438832556800824,0.8166153908778511,0.3150011136232972,37441.06485037868,1.8547620560071136,20186.45180340862,0.724535363317441,0.17647058823529413,,29632.766684662787,54904.19329122258,59.78787648330058,165921.38100973726,24172.618766741354,149.1354407921036
C/C=C(\F)[C@](C)(F)Cl,4.1484122109508785,3.288635199999999,3.7027845999999975,239.67501849999996,0.4891009999215651,False,10237.507531615343,7673.359228031825,0.6300620820734197,0.7062151793845196,0.4724019305040182,33670.50088006666,1.6679751948473267,20186.45180340862,0.6515698387775042,0.4117647058823529,,27437.58775912683,47642.01703381996,53.8213522311753,136816.37875391787,23127.35417956698,142.16127445472372
C/C=C(\F)[C@@](C)(F)Cl,4.1484122109508785,3.288635199999999,3.7027845999999975,239.67501849999996,0.4891009999215651,False,10237.507531615343,7673.359228031825,0.6300620820734197,0.7062151793845196,0.4724019305040182,33670.50088006666,1.6679751948473267,20186.45180340862,0.6515698387775042,0.4117647058823529,,27437.58775912683,47642.01703381996,53.8213522311753,136816.37875391787,23127.35417956698,142.16127445472372
C/C=C(/F)[C@](C)(F)Cl,4.1484122109508785,3.288635199999999,3.7027845999999975,239.67501849999996,0.4891009999215651,False,10237.507531615343,7673.359228031825,0.6300620820734197,0.7062151793845196,0.4724019305040182,33670.50088006666,1.6679751948473267,20186.45180340862,0.6515698387775042,0.4117647058823529,,27437.58775912683,47642.01703381996,53.8213522311753,136816.37875391787,23127.35417956698,142.16127445472372
C/C=C(/F)[C@@](C)(F)Cl,4.1484122109508785,3.288635199999999,3.7027845999999975,239.67501849999996,0.4891009999215651,False,10237.507531615343,7673.359228031825,0.6300620820734197,0.7062151793845196,0.4724019305040182,33670.50088006666,1.6679751948473267,20186.45180340862,0.6515698387775042,0.4117647058823529,,27437.58775912683,47642.01703381996,53.8213522311753,136816.37875391787,23127.35417956698,142.16127445472372
CC(C)(F)/C=C(/F)Cl,3.8543148080477128,3.2265913999999993,3.658434,234.21117809999993,0.4899258666013103,False,16725.738885638715,8017.189372875124,1.029376909756382,0.7378594775598569,0.2637814556257239,45889.213723434856,2.273267940811973,20186.45180340862,0.8880184970787308,0.36363636363636365,,33278.168587179505,78513.68765771783,80.9281115637671,360580.9768353484,25475.30473261189,173.60456912743976
CC(C)(F)/C=C(\F)Cl,3.8543148080477128,3.2265913999999993,3.658434,234.21117809999993,0.4899258666013103,False,16725.738885638715,8017.189372875124,1.029376909756382,0.7378594775598569,0.2637814556257239,45889.213723434856,2.273267940811973,20186.45180340862,0.8880184970787308,0.36363636363636365,,33278.168587179505,78513.68765771783,80.9281115637671,360580.9768353484,25475.30473261189,173.60456912743976
C=C(F)[C@](C)(F)CCl,4.205327190707961,3.2230421999999987,3.6423352000000007,233.5843855999999,0.4914840121416118,False,17678.54482783993,8123.06586935877,1.0880168564329828,0.747603787285857,0.267302852975398,47995.59786255743,2.3776143687843665,20186.45180340862,0.9287798857738452,0.4,,34258.17668068982,84171.33046820076,84.29175294086075,407935.40201586176,25873.71525058437,176.14276489749966
C=C(F)[C@@](C)(F)CCl,4.205327190707961,3.2230421999999987,3.6423352000000007,233.5843855999999,0.4914840121416118,False,17678.54482783993,8123.06586935877,1.0880168564329828,0.747603787285857,0.267302852975398,47995.59786255743,2.3776143687843665,20186.45180340862,0.9287798857738452,0.4,,34258.17668068982,84171.33046820076,84.29175294086075,407935.40201586176,25873.71525058437,176.14276489749966
CC(C)(F)/C(Cl)=C/F,3.8423123788979145,3.247259699999998,3.6764935999999993,234.4214809,0.4955048231798181,False,15464.948931636109,7858.750266592237,0.9517822470884472,0.7232775847356119,0.2808918774290136,43182.66619242815,2.1391905131706435,20186.45180340862,0.8356431331153837,0.3333333333333333,,31972.369018805028,71599.9479610629,76.52156502390609,305650.96000407124,24944.462132375895,169.8187446502746
CC(C)(F)/C(Cl)=C\F,3.8423123788979145,3.247259699999998,3.6764935999999993,234.4214809,0.4955048231798181,False,15464.948931636109,7858.750266592237,0.9517822470884472,0.7232775847356119,0.2808918774290136,43182.66619242815,2.1391905131706435,20186.45180340862,0.8356431331153837,0.3333333333333333,,31972.369018805028,71599.9479610629,76.52156502390609,305650.96000407124,24944.462132375895,169.8187446502746
CC/C=C/CF,3.3877834329015464,3.239136199999999,3.3664399000000005,235.00035900000003,0.4992731074097591,False,19938.14011049319,10268.546807499397,1.2270824741172857,0.945062443992547,0.2336334417657278,54273.63363334693,2.6886168090314144,20186.45180340862,1.050268389006489,0.6153846153846154,,38084.49611813394,95156.11445396798,85.66700211111726,418635.7291064873,27829.321710504057,175.06696512116335
CC/C=C\CF,3.3877834329015464,3.239136199999999,3.3664399000000005,235.00035900000003,0.4992731074097591,False,19938.14011049319,10268.546807499397,1.2270824741172857,0.945062443992547,0.2336334417657278,54273.63363334693,2.6886168090314144,20186.45180340862,1.050268389006489,0.6153846153846154,,38084.49611813394,95156.11445396798,85.66700211111726,418635.7291064873,27829.321710504057,175.06696512116335
C=C(F)C[C@](C)(F)Cl,4.297644599614845,3.222513699999999,3.6265073,231.38301439999992,0.5004934681464256,False,20143.523896213246,8199.80917814988,1.2397227125010206,0.7546668333356868,0.3430092441238088,53757.44442762874,2.6630457373668524,20186.45180340862,1.040279428083499,0.3684210526315789,,36750.594622809636,101204.09389666494,93.44154949073243,575846.7374141332,26838.26436417268,182.18753459270917
C=C(F)C[C@@](C)(F)Cl,4.297644599614845,3.222513699999999,3.6265073,231.38301439999992,0.5004934681464256,False,20143.523896213246,8199.80917814988,1.2397227125010206,0.7546668333356868,0.3430092441238088,53757.44442762874,2.6630457373668524,20186.45180340862,1.040279428083499,0.3684210526315789,,36750.594622809636,101204.09389666494,93.44154949073243,575846.7374141332,26838.26436417268,182.18753459270917
C=C(Cl)[C@](C)(F)CF,4.345013020667476,3.2535486999999987,3.641323800000001,233.08684709999997,0.5030601939408255,False,16823.943488923665,8056.865346063441,1.03542086104275,0.7415110431505936,0.2609045385003949,46030.11700028716,2.2802480321239345,20186.45180340862,0.8907451665069314,0.45,,33313.90818721893,79089.47724874016,81.44873730267047,362928.49961971754,25506.361355963545,173.7342201553218
C=C(Cl)[C@@](C)(F)CF,4.345013020667476,3.2535486999999987,3.641323800000001,233.08684709999997,0.5030601939408255,False,16823.943488923665,8056.865346063441,1.03542086104275,0.7415110431505936,0.2609045385003949,46030.11700028716,2.2802480321239345,20186.45180340862,0.8907451665069314,0.45,,33313.90818721893,79089.47724874016,81.44873730267047,362928.49961971754,25506.361355963545,173.7342201553218
FC1=C(F)C(F)(F)CC1,3.8804320206034832,3.3584027000000014,3.4122737999999995,243.43487060000007,0.5067682393493523,False,8812.578296272743,9681.300186060653,0.5423655526149856,0.8910153877062629,0.4704327084187532,32590.39784477257,1.6144688607073314,20186.45180340862,0.6306683807601006,0.16666666666666666,,27288.78971039259,43419.59844129654,45.62629456719869,100101.50122483452,23279.25111986434,124.52874317113194
CC(C)(F)/C(F)=C/Cl,3.8377941602744334,3.243768999999999,3.640279399999999,230.54662979999995,0.5103044035681393,False,19746.93371595632,8049.344492371834,1.2153147759079694,0.740818863769816,0.3369500172160083,52701.39546810142,2.6107309982630245,20186.45180340862,1.0198434490420432,0.5789473684210527,,36170.11034731264,98977.5960061539,92.94643224587767,560885.4178481477,26590.64717212437,181.89499197983034
CC(C)(F)/C(F)=C\Cl,3.8377941602744334,3.243768999999999,3.640279399999999,230.54662979999995,0.5103044035681393,False,19746.93371595632,8049.344492371834,1.2153147759079694,0.740818863769816,0.3369500172160083,52701.39546810142,2.6107309982630245,20186.45180340862,1.0198434490420432,0.5789473684210527,,36170.11034731264,98977.5960061539,92.94643224587767,560885.4178481477,26590.64717212437,181.89499197983034
C=C(F)[C@](C)(Cl)CF,4.463317474108772,3.2656512999999996,3.670327,230.27265279999992,0.5179497049520143,False,18521.332106038117,7803.987276200466,1.1398857615943891,0.7182374903084053,0.3145761245939499,49749.19346500271,2.4644842961754287,20186.45180340862,0.9627143380125002,0.3333333333333333,,34745.50111150765,91261.32357280953,89.702796023771,493650.789343024,26001.33274967598,179.98558524501698
C=C(F)[C@@](C)(Cl)CF,4.463317474108772,3.2656512999999996,3.670327,230.27265279999992,0.5179497049520143,False,18521.332106038117,7803.987276200466,1.1398857615943891,0.7182374903084053,0.3145761245939499,49749.19346500271,2.4644842961754287,20186.45180340862,0.9627143380125002,0.3333333333333333,,34745.50111150765,91261.32357280953,89.702796023771,493650.789343024,26001.33274967598,179.98558524501698
FCC/C=C(/F)Cl,3.9749851249856167,3.2964775,3.3812059,234.0854985,0.5202069621279376,False,17871.26421033748,9965.844977114766,1.0998776707002569,0.9172033771754792,0.1297336882064752,48983.63572529698,2.426559962213159,20186.45180340862,0.9478997578905206,0.2631578947368421,,35434.63017758834,82313.1521288619,79.6253161342225,326995.11469716707,26730.70394860052,169.77240275992463
FCC/C=C(\F)Cl,3.9749851249856167,3.2964775,3.3812059,234.0854985,0.5202069621279376,False,17871.26421033748,9965.844977114766,1.0998776707002569,0.9172033771754792,0.1297336882064752,48983.63572529698,2.426559962213159,20186.45180340862,0.9478997578905206,0.2631578947368421,,35434.63017758834,82313.1521288619,79.6253161342225,326995.11469716707,26730.70394860052,169.77240275992463
C=C[C@H](Cl)C(C)(F)F,4.281349862772739,3.2554149999999997,3.6481189,228.39030929999993,0.522705837878231,False,21370.616073283712,7942.2977977966975,1.3152434629955534,0.7309668552341371,0.414436091507531,56780.3678344572,2.812795848791487,20186.45180340862,1.0987770941514847,0.3157894736842105,,37733.253936317196,112934.71326771103,99.824084345094,731558.0335871263,27149.476911003207,185.6864593876614
C=C[C@@H](Cl)C(C)(F)F,4.281349862772739,3.2554149999999997,3.6481189,228.39030929999993,0.522705837878231,False,21370.616073283712,7942.2977977966975,1.3152434629955534,0.7309668552341371,0.414436091507531,56780.3678344572,2.812795848791487,20186.45180340862,1.0987770941514847,0.3157894736842105,,37733.253936317196,112934.71326771103,99.824084345094,731558.0335871263,27149.476911003207,185.6864593876614
C=C(F)[C@](F)(Cl)CC,4.301485085444804,3.3260346999999983,3.644517599999999,233.03163770000003,0.5265036289533684,False,14029.644220503533,7882.522259422613,0.8634471643631613,0.7254654325454345,0.3066201324895788,40239.29871223269,1.993381457232519,20186.45180340862,0.7786849820808895,0.4,,30549.58703810078,64172.03341168372,70.99212664210587,243509.73327045902,24411.93155606947,163.55362815190702
C=C(F)[C@@](F)(Cl)CC,4.301485085444804,3.3260346999999983,3.644517599999999,233.03163770000003,0.5265036289533684,False,14029.644220503533,7882.522259422613,0.8634471643631613,0.7254654325454345,0.3066201324895788,40239.29871223269,1.993381457232519,20186.45180340862,0.7786849820808895,0.4,,30549.58703810078,64172.03341168372,70.99212664210587,243509.73327045902,24411.93155606947,163.55362815190702
FCC/C(F)=C/Cl,4.17946204806254,3.310915599999998,3.4854448,232.4640926,0.5269986168523163,False,17181.491590255016,9038.906623207726,1.0574259731728783,0.8318929001823725,0.1776449813643659,46872.559094169526,2.321981076746473,20186.45180340862,0.9070475631135492,0.3888888888888889,,34050.03425301933,79159.51472739565,79.69200633805222,327305.41757464607,26009.439554666824,170.55381167268902
FCC/C(F)=C\Cl,4.17946204806254,3.310915599999998,3.4854448,232.4640926,0.5269986168523163,False,17181.491590255016,9038.906623207726,1.0574259731728783,0.8318929001823725,0.1776449813643659,46872.559094169526,2.321981076746473,20186.45180340862,0.9070475631135492,0.3888888888888889,,34050.03425301933,79159.51472739565,79.69200633805222,327305.41757464607,26009.439554666824,170.55381167268902
C[C@H](CCl)/C(F)=C/F,4.410126016618893,3.3384168999999986,3.5979968,233.6782091999999,0.5286902053671702,False,13641.97947186311,8174.608314214694,0.8395885388216849,0.7523474798275626,0.2950654293968061,39591.242971626496,1.961277957968881,20186.45180340862,0.7661442249377253,0.36363636363636365,,30348.395024375233,61900.904150829934,68.40704354084762,220251.1433661423,24382.26152285652,160.13257219075237
C[C@@H](CCl)/C(F)=C/F,4.410126016618893,3.3384168999999986,3.5979968,233.6782091999999,0.5286902053671702,False,13641.97947186311,8174.608314214694,0.8395885388216849,0.7523474798275626,0.2950654293968061,39591.242971626496,1.961277957968881,20186.45180340862,0.7661442249377253,0.36363636363636365,,30348.395024375233,61900.904150829934,68.40704354084762,220251.1433661423,24382.26152285652,160.13257219075237
C[C@H](CCl)/C(F)=C\F,4.410126016618893,3.3384168999999986,3.5979968,233.6782091999999,0.5286902053671702,False,13641.97947186311,8174.608314214694,0.8395885388216849,0.7523474798275626,0.2950654293968061,39591.242971626496,1.961277957968881,20186.45180340862,0.7661442249377253,0.36363636363636365,,30348.395024375233,61900.904150829934,68.40704354084762,220251.1433661423,24382.26152285652,160.13257219075237
C[C@@H](CCl)/C(F)=C\F,4.410126016618893,3.3384168999999986,3.5979968,233.6782091999999,0.5286902053671702,False,13641.97947186311,8174.608314214694,0.8395885388216849,0.7523474798275626,0.2950654293968061,39591.242971626496,1.961277957968881,20186.45180340862,0.7661442249377253,0.36363636363636365,,30348.395024375233,61900.904150829934,68.40704354084762,220251.1433661423,24382.26152285652,160.13257219075237
CC(C)(Cl)/C(F)=C/F,3.923589301974838,3.2747043999999983,3.681694200000001,227.8642157999999,0.5305599394223868,False,20401.7749351987,7680.417416870922,1.2556166385194687,0.7068647775525453,0.3889320307294212,54351.71062089579,2.6924846005734464,20186.45180340862,1.0517792845637204,0.45,,36530.83100992777,106780.04824835507,98.03752178761007,680433.6145551021,26639.825556545205,184.9295283656313
CC(C)(Cl)/C(F)=C\F,3.923589301974838,3.2747043999999983,3.681694200000001,227.8642157999999,0.5305599394223868,False,20401.7749351987,7680.417416870922,1.2556166385194687,0.7068647775525453,0.3889320307294212,54351.71062089579,2.6924846005734464,20186.45180340862,1.0517792845637204,0.45,,36530.83100992777,106780.04824835507,98.03752178761007,680433.6145551021,26639.825556545205,184.9295283656313
C/C(F)=C(/F)CCCl,3.7747744841610738,3.3167802,3.5769036,231.31070709999992,0.531080298660652,False,16679.08977625136,8333.827604022543,1.026505914555968,0.7670011765947302,0.2345016315821456,45559.717342176526,2.256945291122606,20186.45180340862,0.8816422954065615,0.3333333333333333,,33135.172066448955,77578.63287781943,80.28531009975246,336762.776199549,25513.747554570007,171.8295325458224
C/C(F)=C(\F)CCCl,3.7747744841610738,3.3167802,3.5769036,231.31070709999992,0.531080298660652,False,16679.08977625136,8333.827604022543,1.026505914555968,0.7670011765947302,0.2345016315821456,45559.717342176526,2.256945291122606,20186.45180340862,0.8816422954065615,0.3333333333333333,,33135.172066448955,77578.63287781943,80.28531009975246,336762.776199549,25513.747554570007,171.8295325458224
FC1(F)C=CC(F)(F)C1,4.371193893513183,3.3880269000000016,3.5038698000000013,238.16178120000004,0.531350960911386,False,10136.165897033434,8801.377682370225,0.6238250638257441,0.8100319995549432,0.4214207206566836,33954.12093109049,1.6820252148204224,20186.45180340862,0.6570582712655716,0.23076923076923078,,27777.26168342097,47359.917296716674,52.12507543960984,123848.23291112541,23412.54626557119,136.40520878277104
CC[C@H](F)/C(Cl)=C/F,4.475486785849663,3.3974159999999993,3.6207582,237.8076429,0.5334285975345029,False,9145.901974834604,7952.391151554744,0.5628797852317132,0.7318957938414671,0.5127903543544576,32019.172979223793,1.5861714228459474,20186.45180340862,0.6196144052081164,0.3181818181818182,,26610.42268835173,43844.365887740496,48.92199252227079,112161.88997768096,22837.68144025067,132.33258091005402
CC[C@@H](F)/C(Cl)=C/F,4.475486785849663,3.3974159999999993,3.6207582,237.8076429,0.5334285975345029,False,9145.901974834604,7952.391151554744,0.5628797852317132,0.7318957938414671,0.5127903543544576,32019.172979223793,1.5861714228459474,20186.45180340862,0.6196144052081164,0.3181818181818182,,26610.42268835173,43844.365887740496,48.92199252227079,112161.88997768096,22837.68144025067,132.33258091005402
CC[C@H](F)/C(Cl)=C\F,4.475486785849663,3.3974159999999993,3.6207582,237.8076429,0.5334285975345029,False,9145.901974834604,7952.391151554744,0.5628797852317132,0.7318957938414671,0.5127903543544576,32019.172979223793,1.5861714228459474,20186.45180340862,0.6196144052081164,0.3181818181818182,,26610.42268835173,43844.365887740496,48.92199252227079,112161.88997768096,22837.68144025067,132.33258091005402
CC[C@@H](F)/C(Cl)=C\F,4.475486785849663,3.3974159999999993,3.6207582,237.8076429,0.5334285975345029,False,9145.901974834604,7952.391151554744,0.5628797852317132,0.7318957938414671,0.5127903543544576,32019.172979223793,1.5861714228459474,20186.45180340862,0.6196144052081164,0.3181818181818182,,26610.42268835173,43844.365887740496,48.92199252227079,112161.88997768096,22837.68144025067,132.33258091005402
C[C@H](C=C(F)F)CCl,4.37125986277274,3.3411345,3.618011899999999,231.90419509999995,0.5360131443193702,False,14688.18026345197,8010.029803711237,0.9039764229799816,0.737200548885839,0.2797929213715453,41471.656929599296,2.0544302353619432,20186.45180340862,0.8025327842821648,0.38095238095238093,,31137.475656732266,67325.26690258601,73.50555206006503,263746.07445887756,24671.250828613986,165.78395447773892
C[C@@H](C=C(F)F)CCl,4.37125986277274,3.3411345,3.618011899999999,231.90419509999995,0.5360131443193702,False,14688.18026345197,8010.029803711237,0.9039764229799816,0.737200548885839,0.2797929213715453,41471.656929599296,2.0544302353619432,20186.45180340862,0.8025327842821648,0.38095238095238093,,31137.475656732266,67325.26690258601,73.50555206006503,263746.07445887756,24671.250828613986,165.78395447773892
C[C@](F)(Cl)/C(F)=C/F,4.322545814189743,3.2907637,3.593612799999999,227.74340319999996,0.5368726335859568,False,21239.42416910619,8222.537362674928,1.3071693254145067,0.7567586145796568,0.3918154744989165,56103.18257338222,2.7792493262193214,20186.45180340862,1.0856726412966613,0.5,,37571.42754857125,109804.65974493991,98.02571573570202,663749.4946623007,27183.379435580955,184.26279573333488
C[C@@](F)(Cl)/C(F)=C/F,4.322545814189743,3.2907637,3.593612799999999,227.74340319999996,0.5368726335859568,False,21239.42416910619,8222.537362674928,1.3071693254145067,0.7567586145796568,0.3918154744989165,56103.18257338222,2.7792493262193214,20186.45180340862,1.0856726412966613,0.5,,37571.42754857125,109804.65974493991,98.02571573570202,663749.4946623007,27183.379435580955,184.26279573333488
C[C@](F)(Cl)/C(F)=C\F,4.322545814189743,3.2907637,3.593612799999999,227.74340319999996,0.5368726335859568,False,21239.42416910619,8222.537362674928,1.3071693254145067,0.7567586145796568,0.3918154744989165,56103.18257338222,2.7792493262193214,20186.45180340862,1.0856726412966613,0.5,,37571.42754857125,109804.65974493991,98.02571573570202,663749.4946623007,27183.379435580955,184.26279573333488
C[C@@](F)(Cl)/C(F)=C\F,4.322545814189743,3.2907637,3.593612799999999,227.74340319999996,0.5368726335859568,False,21239.42416910619,8222.537362674928,1.3071693254145067,0.7567586145796568,0.3918154744989165,56103.18257338222,2.7792493262193214,20186.45180340862,1.0856726412966613,0.5,,37571.42754857125,109804.65974493991,98.02571573570202,663749.4946623007,27183.379435580955,184.26279573333488
CC(C)/C(F)=C(/F)Cl,3.6775504355780786,3.3535619999999984,3.639793,231.3140109999999,0.5420697412514842,False,14448.127488360356,7833.821639118774,0.8892024996578601,0.7209832864237763,0.300210613631402,40951.77020802308,2.028675995506456,20186.45180340862,0.792472271414638,0.375,,30814.93291153806,66448.4778555536,73.27225040327679,261432.50549666412,24515.988501504235,165.7057281068789
CC(C)/C(F)=C(\F)Cl,3.6775504355780786,3.3535619999999984,3.639793,231.3140109999999,0.5420697412514842,False,14448.127488360356,7833.821639118774,0.8892024996578601,0.7209832864237763,0.300210613631402,40951.77020802308,2.028675995506456,20186.45180340862,0.792472271414638,0.375,,30814.93291153806,66448.4778555536,73.27225040327679,261432.50549666412,24515.988501504235,165.7057281068789
CC(C)(Cl)C=C(F)F,3.9704621764687658,3.292162699999998,3.6783107000000017,225.92334489999993,0.5439520673777788,False,21749.153964634777,7639.305485952869,1.3385403808470708,0.7030810540482328,0.4503003996547063,57872.51975285918,2.86689906262214,20186.45180340862,1.1199117143915718,0.375,,37848.342384325115,119412.79939745781,103.73122831107548,847667.079788752,27119.22690678935,187.59961069384784
C=C(Cl)C(F)(F)CC,3.5086856582501422,3.3022114999999985,3.5341966,226.6276552999999,0.5461330389380076,False,23055.559022217138,8600.963649378125,1.4189424013652143,0.791586957682846,0.4679195784208481,60563.21158423073,3.0001910278261095,20186.45180340862,1.1719802490715714,0.47368421052631576,,39598.61763783739,122604.90031928863,102.34831368255728,775975.4124267278,28054.205209090287,186.04319811422803
C[C@H](F)/C(F)=C/CCl,4.40905986277274,3.3665992000000005,3.4877957,232.01461569999995,0.5466725505846594,False,15295.798571298608,8883.82059422119,0.9413719760445832,0.8176196067621123,0.1915720570190847,42811.4298629952,2.1208001425870293,20186.45180340862,0.8284592068596214,0.375,,32056.67726684605,69088.2739876314,73.22480511679727,255050.14258747324,25196.198102203325,164.03707104228894
C[C@@H](F)/C(F)=C/CCl,4.40905986277274,3.3665992000000005,3.4877957,232.01461569999995,0.5466725505846594,False,15295.798571298608,8883.82059422119,0.9413719760445832,0.8176196067621123,0.1915720570190847,42811.4298629952,2.1208001425870293,20186.45180340862,0.8284592068596214,0.375,,32056.67726684605,69088.2739876314,73.22480511679727,255050.14258747324,25196.198102203325,164.03707104228894
C[C@H](F)/C(F)=C\CCl,4.40905986277274,3.3665992000000005,3.4877957,232.01461569999995,0.5466725505846594,False,15295.798571298608,8883.82059422119,0.9413719760445832,0.8176196067621123,0.1915720570190847,42811.4298629952,2.1208001425870293,20186.45180340862,0.8284592068596214,0.375,,32056.67726684605,69088.2739876314,73.22480511679727,255050.14258747324,25196.198102203325,164.03707104228894
C[C@@H](F)/C(F)=C\CCl,4.40905986277274,3.3665992000000005,3.4877957,232.01461569999995,0.5466725505846594,False,15295.798571298608,8883.82059422119,0.9413719760445832,0.8176196067621123,0.1915720570190847,42811.4298629952,2.1208001425870293,20186.45180340862,0.8284592068596214,0.375,,32056.67726684605,69088.2739876314,73.22480511679727,255050.14258747324,25196.198102203325,164.03707104228894
CC(F)(F)/C(Cl)=C/F,3.8852427432703855,3.3621383,3.475212300000001,231.3243841999999,0.5481935985456114,False,16241.499834498853,8980.523263768075,0.999574668943349,0.8265196062397246,0.1734809151628153,44677.06017844207,2.2132200652963707,20186.45180340862,0.8645616826791536,0.3333333333333333,,32951.059312815654,73831.72345162905,76.56789433741066,286898.27067102754,25574.57733993928,167.2616964926928
CC(F)(F)/C(Cl)=C\F,3.8852427432703855,3.3621383,3.475212300000001,231.3243841999999,0.5481935985456114,False,16241.499834498853,8980.523263768075,0.999574668943349,0.8265196062397246,0.1734809151628153,44677.06017844207,2.2132200652963707,20186.45180340862,0.8645616826791536,0.3333333333333333,,32951.059312815654,73831.72345162905,76.56789433741066,286898.27067102754,25574.57733993928,167.2616964926928
CCCC(Cl)=C(F)F,3.486006022622611,3.391622899999998,3.587497500000002,233.17086390000003,0.5483832197967301,False,12382.605052780558,8126.659562911032,0.7620809945149553,0.7479345317305315,0.3466157143940522,37237.82346241854,1.8446938483825417,20186.45180340862,0.7206023669281743,0.3333333333333333,,29175.637900093127,56266.54403368057,63.41342301999176,182404.27820301463,23912.81931846001,153.6387054573196
C[C@H](Cl)C/C(F)=C/F,4.482728324311202,3.3836049000000004,3.5827340999999997,232.4523848,0.548431729864085,False,13202.034864197574,8166.20511601012,0.8125123765188297,0.7515740941497793,0.3112347018828714,38684.18228255682,1.9163438260122927,20186.45180340862,0.7485913709114751,0.3181818181818182,,29871.51000588848,59864.61089188458,66.84733100991538,205503.4563023921,24199.71298312233,157.85915700093318
C[C@@H](Cl)C/C(F)=C/F,4.482728324311202,3.3836049000000004,3.5827340999999997,232.4523848,0.548431729864085,False,13202.034864197574,8166.20511601012,0.8125123765188297,0.7515740941497793,0.3112347018828714,38684.18228255682,1.9163438260122927,20186.45180340862,0.7485913709114751,0.3181818181818182,,29871.51000588848,59864.61089188458,66.84733100991538,205503.4563023921,24199.71298312233,157.85915700093318
C[C@H](Cl)C/C(F)=C\F,4.482728324311202,3.3836049000000004,3.5827340999999997,232.4523848,0.548431729864085,False,13202.034864197574,8166.20511601012,0.8125123765188297,0.7515740941497793,0.3112347018828714,38684.18228255682,1.9163438260122927,20186.45180340862,0.7485913709114751,0.3181818181818182,,29871.51000588848,59864.61089188458,66.84733100991538,205503.4563023921,24199.71298312233,157.85915700093318
C[C@@H](Cl)C/C(F)=C\F,4.482728324311202,3.3836049000000004,3.5827340999999997,232.4523848,0.548431729864085,False,13202.034864197574,8166.20511601012,0.8125123765188297,0.7515740941497793,0.3112347018828714,38684.18228255682,1.9163438260122927,20186.45180340862,0.7485913709114751,0.3181818181818182,,29871.51000588848,59864.61089188458,66.84733100991538,205503.4563023921,24199.71298312233,157.85915700093318
C/C(F)=C(\CF)CCl,4.110606022622612,3.381329,3.528536699999999,232.5207215,0.5485425157323329,False,13845.796479257124,8554.30951892613,0.8521323506473729,0.7872931596047081,0.2590541288534495,39967.0834447552,1.9798964094327112,20186.45180340862,0.7734172476157903,0.24,,30604.445162390777,62421.323489319795,68.40444059334082,215616.8337086375,24555.984387345845,159.10280841600948
C/C(F)=C(/CF)CCl,4.110606022622612,3.381329,3.528536699999999,232.5207215,0.5485425157323329,False,13845.796479257124,8554.30951892613,0.8521323506473729,0.7872931596047081,0.2590541288534495,39967.0834447552,1.9798964094327112,20186.45180340862,0.7734172476157903,0.24,,30604.445162390777,62421.323489319795,68.40444059334082,215616.8337086375,24555.984387345845,159.10280841600948
C=C(Cl)CC(C)(F)F,3.47418687282504,3.3158282999999993,3.5332255000000004,226.6594936999999,0.5502145256778498,False,22295.58047939792,8578.03928826087,1.3721699167989203,0.7894771213885208,0.4275866337819496,58467.12152399605,2.896354549744273,20186.45180340862,1.1314180647585137,0.4,,38706.74408188816,116087.10979299158,99.97860221717869,701544.4347883314,27719.343701024987,184.79598492691102
C/C(CCl)=C(/F)CF,3.839269868776457,3.3878763999999983,3.5360305000000007,231.92740300000003,0.5527248110987449,False,13989.271844292138,8477.238858778825,0.8609624674449468,0.7801999858767823,0.260083605149506,40170.31433007101,1.989964096775441,20186.45180340862,0.7773500407646509,0.24,,30662.77097135429,63153.712805809286,69.26488933784536,221820.56973495212,24569.857702176916,160.112317742626
C/C(CCl)=C(\F)CF,3.839269868776457,3.3878763999999983,3.5360305000000007,231.92740300000003,0.5527248110987449,False,13989.271844292138,8477.238858778825,0.8609624674449468,0.7801999858767823,0.260083605149506,40170.31433007101,1.989964096775441,20186.45180340862,0.7773500407646509,0.24,,30662.77097135429,63153.712805809286,69.26488933784536,221820.56973495212,24569.857702176916,160.112317742626
C/C(F)=C(/F)[C@H](C)Cl,4.261447838481241,3.3600239999999983,3.603732899999999,228.69545029999995,0.554687676638707,False,16913.678896778827,8021.356693359909,1.0409435800966145,0.7382430155770743,0.2649397962657019,45841.155360571174,2.2708872171795234,20186.45180340862,0.8870885026050954,0.4,,33036.10891316347,79867.5175745625,82.95820093341321,366560.5255065678,25426.857916046458,174.05339152088686
C/C(F)=C(/F)[C@@H](C)Cl,4.261447838481241,3.3600239999999983,3.603732899999999,228.69545029999995,0.554687676638707,False,16913.678896778827,8021.356693359909,1.0409435800966145,0.7382430155770743,0.2649397962657019,45841.155360571174,2.2708872171795234,20186.45180340862,0.8870885026050954,0.4,,33036.10891316347,79867.5175745625,82.95820093341321,366560.5255065678,25426.857916046458,174.05339152088686
C/C(F)=C(\F)[C@H](C)Cl,4.261447838481241,3.3600239999999983,3.603732899999999,228.69545029999995,0.554687676638707,False,16913.678896778827,8021.356693359909,1.0409435800966145,0.7382430155770743,0.2649397962657019,45841.155360571174,2.2708872171795234,20186.45180340862,0.8870885026050954,0.4,,33036.10891316347,79867.5175745625,82.95820093341321,366560.5255065678,25426.857916046458,174.05339152088686
C/C(F)=C(\F)[C@@H](C)Cl,4.261447838481241,3.3600239999999983,3.603732899999999,228.69545029999995,0.554687676638707,False,16913.678896778827,8021.356693359909,1.0409435800966145,0.7382430155770743,0.2649397962657019,45841.155360571174,2.2708872171795234,20186.45180340862,0.8870885026050954,0.4,,33036.10891316347,79867.5175745625,82.95820093341321,366560.5255065678,25426.857916046458,174.05339152088686
C=C(Cl)C[C@H](F)CF,4.30805909354197,3.3793859,3.5908768,230.19274110000003,0.5553782894058883,False,15017.832586269516,8088.481788207193,0.9242647039149008,0.7444208523614647,0.2665643182812318,41996.75453451051,2.0804426128726132,20186.45180340862,0.812694134806564,0.3333333333333333,,31352.35834158443,68897.66557165535,74.90333820281991,272569.49416277284,24781.41052769969,166.6637496146233
C=C(Cl)C[C@@H](F)CF,4.30805909354197,3.3793859,3.5908768,230.19274110000003,0.5553782894058883,False,15017.832586269516,8088.481788207193,0.9242647039149008,0.7444208523614647,0.2665643182812318,41996.75453451051,2.0804426128726132,20186.45180340862,0.812694134806564,0.3333333333333333,,31352.35834158443,68897.66557165535,74.90333820281991,272569.49416277284,24781.41052769969,166.6637496146233
C/C(F)=C(/Cl)CCF,3.9881437149303034,3.437805899999999,3.5722908,235.3315333,0.5566428209792539,False,9880.172036470296,8162.712764753495,0.6080700546805665,0.7512526767110959,0.4642028790103403,33150.402494625974,1.642210469550092,20186.45180340862,0.6415052299272495,0.2692307692307692,,27185.544290013127,46405.732175100304,52.23496264315695,123568.3193883141,23105.541676127836,136.9879772484443
C/C(F)=C(\Cl)CCF,3.9881437149303034,3.437805899999999,3.5722908,235.3315333,0.5566428209792539,False,9880.172036470296,8162.712764753495,0.6080700546805665,0.7512526767110959,0.4642028790103403,33150.402494625974,1.642210469550092,20186.45180340862,0.6415052299272495,0.2692307692307692,,27185.544290013127,46405.732175100304,52.23496264315695,123568.3193883141,23105.541676127836,136.9879772484443
CC/C(=C\F)[C@H](F)Cl,4.498353708926585,3.3937151,3.549201099999999,230.93530150000004,0.5580481390416129,False,14408.784473594536,8356.572200176262,0.8867811542550026,0.7690944682777325,0.2571689553810347,40869.27969645396,2.0245895660352207,20186.45180340862,0.7908759681842461,0.3181818181818182,,30931.043942622844,65306.712590869734,71.43904822071264,239057.11657322454,24661.46387654641,162.5942717657794
CC/C(=C\F)[C@@H](F)Cl,4.498353708926585,3.3937151,3.549201099999999,230.93530150000004,0.5580481390416129,False,14408.784473594536,8356.572200176262,0.8867811542550026,0.7690944682777325,0.2571689553810347,40869.27969645396,2.0245895660352207,20186.45180340862,0.7908759681842461,0.3181818181818182,,30931.043942622844,65306.712590869734,71.43904822071264,239057.11657322454,24661.46387654641,162.5942717657794
CC/C(=C/F)[C@H](F)Cl,4.498353708926585,3.3937151,3.549201099999999,230.93530150000004,0.5580481390416129,False,14408.784473594536,8356.572200176262,0.8867811542550026,0.7690944682777325,0.2571689553810347,40869.27969645396,2.0245895660352207,20186.45180340862,0.7908759681842461,0.3181818181818182,,30931.043942622844,65306.712590869734,71.43904822071264,239057.11657322454,24661.46387654641,162.5942717657794
CC/C(=C/F)[C@@H](F)Cl,4.498353708926585,3.3937151,3.549201099999999,230.93530150000004,0.5580481390416129,False,14408.784473594536,8356.572200176262,0.8867811542550026,0.7690944682777325,0.2571689553810347,40869.27969645396,2.0245895660352207,20186.45180340862,0.7908759681842461,0.3181818181818182,,30931.043942622844,65306.712590869734,71.43904822071264,239057.11657322454,24661.46387654641,162.5942717657794
CC/C(Cl)=C(\F)CF,3.9383321764687658,3.4144319999999997,3.5290616000000012,232.93633639999996,0.5580526260234676,False,12448.021219689756,8483.88199622291,0.7661069985200111,0.7808113849214944,0.3205457613529641,37420.08551473553,1.8537227779880017,20186.45180340862,0.7241293847312787,0.2777777777777778,,29349.413117138833,56256.308458584856,62.862376126682534,176726.02184700948,24038.411297014438,152.1062353115707
CC/C(Cl)=C(/F)CF,3.9383321764687658,3.4144319999999997,3.5290616000000012,232.93633639999996,0.5580526260234676,False,12448.021219689756,8483.88199622291,0.7661069985200111,0.7808113849214944,0.3205457613529641,37420.08551473553,1.8537227779880017,20186.45180340862,0.7241293847312787,0.2777777777777778,,29349.413117138833,56256.308458584856,62.862376126682534,176726.02184700948,24038.411297014438,152.1062353115707
FC1(F)C=CCC1(F)F,4.122089545687096,3.367309600000001,3.4495777,229.09784569999997,0.5591762310814387,False,18532.011312357812,9134.767966551886,1.1405430077988876,0.8407154684701342,0.2124238664224126,49322.18325372253,2.4433309892228876,20186.45180340862,0.9544511115309215,0.17647058823529413,,35076.24978709962,86431.58176865599,84.53007731932281,379531.92854017013,26461.034001760538,173.929563866243
C=C(C)[C@](F)(Cl)CF,4.41062921499946,3.356462799999999,3.578623499999998,227.3011496,0.5594229212243957,False,18799.286241431662,8178.66229989036,1.1569923044444088,0.7527205871116193,0.2929056020174216,49913.79530661055,2.4726383711565525,20186.45180340862,0.9658996067966182,0.3333333333333333,,34855.24533334804,91485.44846764303,89.64681359673008,467380.26992602326,26166.347853857613,178.79321068266125
C=C(C)[C@@](F)(Cl)CF,4.41062921499946,3.356462799999999,3.578623499999998,227.3011496,0.5594229212243957,False,18799.286241431662,8178.66229989036,1.1569923044444088,0.7527205871116193,0.2929056020174216,49913.79530661055,2.4726383711565525,20186.45180340862,0.9658996067966182,0.3333333333333333,,34855.24533334804,91485.44846764303,89.64681359673008,467380.26992602326,26166.347853857613,178.79321068266125
F/C=C(/CF)CCl,4.229585124985617,3.3459339,3.495008499999999,226.80998499999995,0.5599522571777987,False,21257.82731701459,8795.962489653612,1.3083019375910607,0.8095336140132116,0.3623914029240629,55577.23382542688,2.7531947846348253,20186.45180340862,1.0754948200004724,0.2631578947368421,,37595.45898843499,106253.82767770877,95.45875447908375,577524.4798026518,27366.265149762934,181.90333353378333
F/C=C(\CF)CCl,4.229585124985617,3.3459339,3.495008499999999,226.80998499999995,0.5599522571777987,False,21257.82731701459,8795.962489653612,1.3083019375910607,0.8095336140132116,0.3623914029240629,55577.23382542688,2.7531947846348253,20186.45180340862,1.0754948200004724,0.2631578947368421,,37595.45898843499,106253.82767770877,95.45875447908375,577524.4798026518,27366.265149762934,181.90333353378333
C/C(F)=C\C[C@H](F)Cl,4.490191401234277,3.3506153000000007,3.512675699999999,227.04913690000004,0.5599943840081428,False,20437.76356009701,8657.161508520003,1.2578315397407245,0.7967591097997341,0.3283046791236294,53616.565221190045,2.656066838459274,20186.45180340862,1.0375532244504335,0.2692307692307692,,36688.65014497542,100819.24265872344,93.27550761802227,531615.4381629922,26984.585536657218,180.67698933635103
C/C(F)=C\C[C@@H](F)Cl,4.490191401234277,3.3506153000000007,3.512675699999999,227.04913690000004,0.5599943840081428,False,20437.76356009701,8657.161508520003,1.2578315397407245,0.7967591097997341,0.3283046791236294,53616.565221190045,2.656066838459274,20186.45180340862,1.0375532244504335,0.2692307692307692,,36688.65014497542,100819.24265872344,93.27550761802227,531615.4381629922,26984.585536657218,180.67698933635103
C/C(F)=C/C[C@H](F)Cl,4.490191401234277,3.3506153000000007,3.512675699999999,227.04913690000004,0.5599943840081428,False,20437.76356009701,8657.161508520003,1.2578315397407245,0.7967591097997341,0.3283046791236294,53616.565221190045,2.656066838459274,20186.45180340862,1.0375532244504335,0.2692307692307692,,36688.65014497542,100819.24265872344,93.27550761802227,531615.4381629922,26984.585536657218,180.67698933635103
C/C(F)=C/C[C@@H](F)Cl,4.490191401234277,3.3506153000000007,3.512675699999999,227.04913690000004,0.5599943840081428,False,20437.76356009701,8657.161508520003,1.2578315397407245,0.7967591097997341,0.3283046791236294,53616.565221190045,2.656066838459274,20186.45180340862,1.0375532244504335,0.2692307692307692,,36688.65014497542,100819.24265872344,93.27550761802227,531615.4381629922,26984.585536657218,180.67698933635103
C=C(F)[C@H](F)CCCl,4.334636785849662,3.393926200000001,3.508349000000001,230.0883952,0.5622554550477358,False,15628.30184585884,8638.901500011154,0.9618357173232764,0.7950785557162591,0.2084449826682407,43216.69002933993,2.1408759919879774,20186.45180340862,0.8363015404853889,0.2727272727272727,,32104.175329302743,70993.95093897577,75.44225490282015,273499.69814561954,25183.39035929037,166.27409943381997
C=C(F)[C@@H](F)CCCl,4.334636785849662,3.393926200000001,3.508349000000001,230.0883952,0.5622554550477358,False,15628.30184585884,8638.901500011154,0.9618357173232764,0.7950785557162591,0.2084449826682407,43216.69002933993,2.1408759919879774,20186.45180340862,0.8363015404853889,0.2727272727272727,,32104.175329302743,70993.95093897577,75.44225490282015,273499.69814561954,25183.39035929037,166.27409943381997
CC/C(F)=C(\Cl)CF,4.059278330314919,3.4240630999999992,3.5815487000000004,232.19559079999996,0.562901797587319,False,12120.587825475692,8086.382204192852,0.7459552803931352,0.7442276178135625,0.3604971997803251,36707.2960717146,1.8184124891882345,20186.45180340862,0.7103359426875814,0.2777777777777778,,28879.80114845286,55175.86543966318,62.56821308684527,175564.44394224315,23793.67739776549,152.25942692911926
CC/C(F)=C(/Cl)CF,4.059278330314919,3.4240630999999992,3.5815487000000004,232.19559079999996,0.562901797587319,False,12120.587825475692,8086.382204192852,0.7459552803931352,0.7442276178135625,0.3604971997803251,36707.2960717146,1.8184124891882345,20186.45180340862,0.7103359426875814,0.2777777777777778,,28879.80114845286,55175.86543966318,62.56821308684527,175564.44394224315,23793.67739776549,152.25942692911926
FC/C=C(\F)CCl,4.333138971139464,3.343873999999999,3.3688580999999997,226.8855059999999,0.5635668514583697,False,23756.542165519502,9828.120250036334,1.462084044719666,0.9045279256621364,0.4718438103470903,61771.20692321728,3.0600329134011943,20186.45180340862,1.195356596547691,0.25,,40799.10649254073,120854.98663727865,99.04590548220456,656902.1167120703,28860.919312253027,183.16566055845018
FC/C=C(/F)CCl,4.333138971139464,3.343873999999999,3.3688580999999997,226.8855059999999,0.5635668514583697,False,23756.542165519502,9828.120250036334,1.462084044719666,0.9045279256621364,0.4718438103470903,61771.20692321728,3.0600329134011943,20186.45180340862,1.195356596547691,0.25,,40799.10649254073,120854.98663727865,99.04590548220456,656902.1167120703,28860.919312253027,183.16566055845018
FC=C1C(F)(F)C1(F)F,4.267144490742041,3.3626528,3.3458052000000005,228.36941179999997,0.5647034957973762,False,21378.122925837117,10010.582828783125,1.3157054683357214,0.9213208111444022,0.3253618869751834,55912.01712260902,2.769779338495133,20186.45180340862,1.0819733306631845,0.21428571428571427,,38385.274662329684,102584.91651242977,91.08257755075662,480720.44690627884,27961.549132045388,178.0125505916756
C/C(Cl)=C(/F)CCF,3.914212176468766,3.4408627999999988,3.5872577000000008,233.03228409999997,0.5654879054525307,False,11033.380323216885,8024.568615976516,0.6790436595319449,0.7385386238549416,0.4139746655319789,34881.06410923386,1.727944289017843,20186.45180340862,0.6749958784098818,0.25,,27982.18722199717,50783.81330460745,57.89712802520328,149450.08641821987,23420.4866203076,145.80804307257566
C/C(Cl)=C(\F)CCF,3.914212176468766,3.4408627999999988,3.5872577000000008,233.03228409999997,0.5654879054525307,False,11033.380323216885,8024.568615976516,0.6790436595319449,0.7385386238549416,0.4139746655319789,34881.06410923386,1.727944289017843,20186.45180340862,0.6749958784098818,0.25,,27982.18722199717,50783.81330460745,57.89712802520328,149450.08641821987,23420.4866203076,145.80804307257566
CC/C(CF)=C(\F)Cl,3.925005253391843,3.44021,3.5376491000000017,233.2167947,0.5655610242272004,False,11402.972866768116,8370.84753845259,0.7017900406007319,0.770408294501945,0.3763529342497793,35596.2755803909,1.763374560673423,20186.45180340862,0.6888361899815311,0.3157894736842105,,28421.74906503996,52039.8583768177,58.706531133732106,152725.32361160815,23644.952645439047,146.37429129843127
CC/C(CF)=C(/F)Cl,3.925005253391843,3.44021,3.5376491000000017,233.2167947,0.5655610242272004,False,11402.972866768116,8370.84753845259,0.7017900406007319,0.770408294501945,0.3763529342497793,35596.2755803909,1.763374560673423,20186.45180340862,0.6888361899815311,0.3157894736842105,,28421.74906503996,52039.8583768177,58.706531133732106,152725.32361160815,23644.952645439047,146.37429129843127
FC=C1C(F)(F)CC1(F)F,4.494050289752436,3.435893100000001,3.5403835,232.2781001,0.5673822939879348,False,12127.593396924109,8347.669767325848,0.7463864346481403,0.7682751356978831,0.3435349374755302,36774.56605257743,1.821744921332227,20186.45180340862,0.7116377080144913,0.17647058823529413,,28979.75867437549,54979.47507313064,61.93414407984024,170463.2033666034,23872.477715156037,150.863418220944
FC/C=C(\F)CCCl,3.9896555830621727,3.4794107999999992,3.5108200999999997,236.81415339999995,0.5674468512056331,False,8594.203571165945,8528.609918365362,0.5289257936162161,0.7849279050296545,0.5178483503450072,31352.027352733363,1.5531222454576863,20186.45180340862,0.6067042328931322,0.23809523809523808,,26340.955532655917,42032.937184929004,45.900506841370174,98800.73843581174,22791.734100259688,125.02254909407048
FC/C=C(/F)CCCl,3.9896555830621727,3.4794107999999992,3.5108200999999997,236.81415339999995,0.5674468512056331,False,8594.203571165945,8528.609918365362,0.5289257936162161,0.7849279050296545,0.5178483503450072,31352.027352733363,1.5531222454576863,20186.45180340862,0.6067042328931322,0.23809523809523808,,26340.955532655917,42032.937184929004,45.900506841370174,98800.73843581174,22791.734100259688,125.02254909407048
C=C(CF)[C@](C)(F)Cl,4.340159579371929,3.390485599999999,3.614992199999998,227.86881549999995,0.5675435518313507,False,16287.311254121412,7873.133093144772,1.002394108962415,0.7246013036091853,0.2754091024848018,44452.67666347706,2.2021045152655763,20186.45180340862,0.8602195574701806,0.3888888888888889,,32317.102208835193,76622.0764789052,81.33891737345351,342732.04096491885,25125.50839568084,172.67908902307062
C=C(CF)[C@@](C)(F)Cl,4.340159579371929,3.390485599999999,3.614992199999998,227.86881549999995,0.5675435518313507,False,16287.311254121412,7873.133093144772,1.002394108962415,0.7246013036091853,0.2754091024848018,44452.67666347706,2.2021045152655763,20186.45180340862,0.8602195574701806,0.3888888888888889,,32317.102208835193,76622.0764789052,81.33891737345351,342732.04096491885,25125.50839568084,172.67908902307062
C/C(Cl)=C(/F)[C@H](C)F,4.25314014617355,3.388044499999998,3.6108284999999993,227.3341282,0.5688820796227294,False,16931.487825459706,7897.852155713869,1.0420396213595409,0.7268763146816084,0.2763401477273133,45785.50830510203,2.268130563558021,20186.45180340862,0.8860116566416324,0.29411764705882354,,32904.677738856044,80451.57617283665,83.88932554355723,375849.3852690894,25359.345132290884,174.71705552676215
C/C(Cl)=C(/F)[C@@H](C)F,4.25314014617355,3.388044499999998,3.6108284999999993,227.3341282,0.5688820796227294,False,16931.487825459706,7897.852155713869,1.0420396213595409,0.7268763146816084,0.2763401477273133,45785.50830510203,2.268130563558021,20186.45180340862,0.8860116566416324,0.29411764705882354,,32904.677738856044,80451.57617283665,83.88932554355723,375849.3852690894,25359.345132290884,174.71705552676215
C/C(Cl)=C(\F)[C@H](C)F,4.25314014617355,3.388044499999998,3.6108284999999993,227.3341282,0.5688820796227294,False,16931.487825459706,7897.852155713869,1.0420396213595409,0.7268763146816084,0.2763401477273133,45785.50830510203,2.268130563558021,20186.45180340862,0.8860116566416324,0.29411764705882354,,32904.677738856044,80451.57617283665,83.88932554355723,375849.3852690894,25359.345132290884,174.71705552676215
C/C(Cl)=C(\F)[C@@H](C)F,4.25314014617355,3.388044499999998,3.6108284999999993,227.3341282,0.5688820796227294,False,16931.487825459706,7897.852155713869,1.0420396213595409,0.7268763146816084,0.2763401477273133,45785.50830510203,2.268130563558021,20186.45180340862,0.8860116566416324,0.29411764705882354,,32904.677738856044,80451.57617283665,83.88932554355723,375849.3852690894,25359.345132290884,174.71705552676215
C/C(Cl)=C\C(C)(F)F,3.6578524598695745,3.3733149999999994,3.605041700000001,225.33663729999992,0.5721435745109402,False,19659.23862525022,7937.317838103236,1.2099176271129848,0.730508526225455,0.3416007385968631,51900.44794154864,2.571053518815273,20186.45180340862,1.0043440285670069,0.36363636363636365,,35500.02489573289,99103.02742384076,94.50454715856229,560143.1000257778,26362.389584850385,182.02070394781677
C/C(Cl)=C/C(C)(F)F,3.6578524598695745,3.3733149999999994,3.605041700000001,225.33663729999992,0.5721435745109402,False,19659.23862525022,7937.317838103236,1.2099176271129848,0.730508526225455,0.3416007385968631,51900.44794154864,2.571053518815273,20186.45180340862,1.0043440285670069,0.36363636363636365,,35500.02489573289,99103.02742384076,94.50454715856229,560143.1000257778,26362.389584850385,182.02070394781677
C/C=C(\Cl)C(C)(F)F,3.625510759464717,3.3602701999999987,3.5680200999999996,224.37332609999987,0.5725240328419215,False,22035.90059072072,8199.855527117852,1.3561880529685617,0.7546710990482329,0.4324999407164545,57657.16103177686,2.8562305844180624,20186.45180340862,1.1157442311790482,0.35294117647058826,,38011.462183159914,116510.14318055524,101.60220742287012,736580.0402016143,27375.64619577014,185.66636956399054
C/C=C(/Cl)C(C)(F)F,3.625510759464717,3.3602701999999987,3.5680200999999996,224.37332609999987,0.5725240328419215,False,22035.90059072072,8199.855527117852,1.3561880529685617,0.7546710990482329,0.4324999407164545,57657.16103177686,2.8562305844180624,20186.45180340862,1.1157442311790482,0.35294117647058826,,38011.462183159914,116510.14318055524,101.60220742287012,736580.0402016143,27375.64619577014,185.66636956399054
CC[C@H](Cl)/C(F)=C/F,4.479952170465047,3.454558900000001,3.550473600000002,232.2955562,0.5734213345460932,False,11467.14409233248,8237.772053494691,0.7057394253375369,0.7581607345105005,0.3808877999269388,35614.410019964125,1.7642729077306387,20186.45180340862,0.6891871159719443,0.3333333333333333,,28378.85798290833,52352.5406017031,59.39122333838647,155915.46167637754,23613.701552165174,147.38748596047392
CC[C@@H](Cl)/C(F)=C/F,4.479952170465047,3.454558900000001,3.550473600000002,232.2955562,0.5734213345460932,False,11467.14409233248,8237.772053494691,0.7057394253375369,0.7581607345105005,0.3808877999269388,35614.410019964125,1.7642729077306387,20186.45180340862,0.6891871159719443,0.3333333333333333,,28378.85798290833,52352.5406017031,59.39122333838647,155915.46167637754,23613.701552165174,147.38748596047392
CC[C@H](Cl)/C(F)=C\F,4.479952170465047,3.454558900000001,3.550473600000002,232.2955562,0.5734213345460932,False,11467.14409233248,8237.772053494691,0.7057394253375369,0.7581607345105005,0.3808877999269388,35614.410019964125,1.7642729077306387,20186.45180340862,0.6891871159719443,0.3333333333333333,,28378.85798290833,52352.5406017031,59.39122333838647,155915.46167637754,23613.701552165174,147.38748596047392
CC[C@@H](Cl)/C(F)=C\F,4.479952170465047,3.454558900000001,3.550473600000002,232.2955562,0.5734213345460932,False,11467.14409233248,8237.772053494691,0.7057394253375369,0.7581607345105005,0.3808877999269388,35614.410019964125,1.7642729077306387,20186.45180340862,0.6891871159719443,0.3333333333333333,,28378.85798290833,52352.5406017031,59.39122333838647,155915.46167637754,23613.701552165174,147.38748596047392
C/C(CF)=C(/Cl)CF,4.179462945699535,3.4490965999999985,3.5428187000000015,231.49956559999995,0.5745728542729751,False,12239.77651858554,8291.764084585895,0.753290686585364,0.7631298739433469,0.3420130727671324,36903.747177548365,1.8281443186224984,20186.45180340862,0.7141375379121879,0.2777777777777778,,29009.744462299794,55471.95751772413,62.646022594766016,174029.72584653637,23880.462929712285,151.73474781187576
C/C(CF)=C(\Cl)CF,4.179462945699535,3.4490965999999985,3.5428187000000015,231.49956559999995,0.5745728542729751,False,12239.77651858554,8291.764084585895,0.753290686585364,0.7631298739433469,0.3420130727671324,36903.747177548365,1.8281443186224984,20186.45180340862,0.7141375379121879,0.2777777777777778,,29009.744462299794,55471.95751772413,62.646022594766016,174029.72584653637,23880.462929712285,151.73474781187576
CC[C@H](Cl)C=C(F)F,4.366296016618893,3.4413838999999995,3.619969500000002,230.25822419999997,0.575217843413431,False,12543.481145426307,7771.739510247147,0.7719820300526771,0.715269577411238,0.364778848299176,37310.31283855168,1.8482848398474652,20186.45180340862,0.7220051346294445,0.35,,29037.743281220923,57417.41044612573,65.65176497032363,195149.43248183734,23817.09433470718,156.49180780099468
CC[C@@H](Cl)C=C(F)F,4.366296016618893,3.4413838999999995,3.619969500000002,230.25822419999997,0.575217843413431,False,12543.481145426307,7771.739510247147,0.7719820300526771,0.715269577411238,0.364778848299176,37310.31283855168,1.8482848398474652,20186.45180340862,0.7220051346294445,0.35,,29037.743281220923,57417.41044612573,65.65176497032363,195149.43248183734,23817.09433470718,156.49180780099468
C/C(=C(\F)Cl)[C@H](C)F,4.142130429574359,3.399916499999998,3.5839137,226.7045116,0.5755309821493748,False,17423.567351212067,8043.61100324631,1.0723244001090333,0.7402911839191857,0.2695913351746116,46737.47420075134,2.315289217536457,20186.45180340862,0.9044334872927208,0.3333333333333333,,33364.120199433375,82922.2080917577,85.23459055001987,391105.17605253437,25573.355917215784,175.45027741523063
C/C(=C(\F)Cl)[C@@H](C)F,4.142130429574359,3.399916499999998,3.5839137,226.7045116,0.5755309821493748,False,17423.567351212067,8043.61100324631,1.0723244001090333,0.7402911839191857,0.2695913351746116,46737.47420075134,2.315289217536457,20186.45180340862,0.9044334872927208,0.3333333333333333,,33364.120199433375,82922.2080917577,85.23459055001987,391105.17605253437,25573.355917215784,175.45027741523063
C/C(=C(/F)Cl)[C@H](C)F,4.142130429574359,3.399916499999998,3.5839137,226.7045116,0.5755309821493748,False,17423.567351212067,8043.61100324631,1.0723244001090333,0.7402911839191857,0.2695913351746116,46737.47420075134,2.315289217536457,20186.45180340862,0.9044334872927208,0.3333333333333333,,33364.120199433375,82922.2080917577,85.23459055001987,391105.17605253437,25573.355917215784,175.45027741523063
C/C(=C(/F)Cl)[C@@H](C)F,4.142130429574359,3.399916499999998,3.5839137,226.7045116,0.5755309821493748,False,17423.567351212067,8043.61100324631,1.0723244001090333,0.7402911839191857,0.2695913351746116,46737.47420075134,2.315289217536457,20186.45180340862,0.9044334872927208,0.3333333333333333,,33364.120199433375,82922.2080917577,85.23459055001987,391105.17605253437,25573.355917215784,175.45027741523063
C/C(F)=C(/Cl)[C@H](C)F,4.285729619857759,3.3932246999999984,3.608261600000001,225.97786979999992,0.5758717082939816,False,18056.04767960022,7885.047513080528,1.1112500733106472,0.7256978434637844,0.2960038038472528,48177.570485878256,2.3866289606053077,20186.45180340862,0.932301302733498,0.29411764705882354,,33898.0374735076,87841.02534012971,88.62067214892241,445944.086222473,25743.671984504188,178.16888690742076
C/C(F)=C(/Cl)[C@@H](C)F,4.285729619857759,3.3932246999999984,3.608261600000001,225.97786979999992,0.5758717082939816,False,18056.04767960022,7885.047513080528,1.1112500733106472,0.7256978434637844,0.2960038038472528,48177.570485878256,2.3866289606053077,20186.45180340862,0.932301302733498,0.29411764705882354,,33898.0374735076,87841.02534012971,88.62067214892241,445944.086222473,25743.671984504188,178.16888690742076
C/C(F)=C(\Cl)[C@H](C)F,4.285729619857759,3.3932246999999984,3.608261600000001,225.97786979999992,0.5758717082939816,False,18056.04767960022,7885.047513080528,1.1112500733106472,0.7256978434637844,0.2960038038472528,48177.570485878256,2.3866289606053077,20186.45180340862,0.932301302733498,0.29411764705882354,,33898.0374735076,87841.02534012971,88.62067214892241,445944.086222473,25743.671984504188,178.16888690742076
C/C(F)=C(\Cl)[C@@H](C)F,4.285729619857759,3.3932246999999984,3.608261600000001,225.97786979999992,0.5758717082939816,False,18056.04767960022,7885.047513080528,1.1112500733106472,0.7256978434637844,0.2960038038472528,48177.570485878256,2.3866289606053077,20186.45180340862,0.932301302733498,0.29411764705882354,,33898.0374735076,87841.02534012971,88.62067214892241,445944.086222473,25743.671984504188,178.16888690742076
C[C@H](Cl)CC=C(F)F,4.186455247388125,3.3876239,3.6746122,225.3505178,0.5759798670297855,False,17930.961777312506,7467.767364374311,1.1035517264434975,0.6872935975116832,0.3294059110073986,48153.7514973591,2.385449011362562,20186.45180340862,0.9318403730144972,0.3333333333333333,,33660.48681514712,89504.45028335233,90.68159296593441,489621.06090308103,25553.294021860143,180.15949840858582
C[C@@H](Cl)CC=C(F)F,4.186455247388125,3.3876239,3.6746122,225.3505178,0.5759798670297855,False,17930.961777312506,7467.767364374311,1.1035517264434975,0.6872935975116832,0.3294059110073986,48153.7514973591,2.385449011362562,20186.45180340862,0.9318403730144972,0.3333333333333333,,33660.48681514712,89504.45028335233,90.68159296593441,489621.06090308103,25553.294021860143,180.15949840858582
C/C(=C\CCl)C(F)F,3.737216791853381,3.3881556000000006,3.5229111999999985,225.4126980000001,0.578052194994149,False,20253.80780637856,8474.428594842557,1.2465100784534628,0.7799413441279874,0.3304436877946516,52944.17058589679,2.622757634749699,20186.45180340862,1.0245414766990883,0.45454545454545453,,36221.829232966826,100144.67932514637,93.75153880241575,533155.8743050712,26777.25675137444,180.87110387566966
C/C(=C/CCl)C(F)F,3.737216791853381,3.3881556000000006,3.5229111999999985,225.4126980000001,0.578052194994149,False,20253.80780637856,8474.428594842557,1.2465100784534628,0.7799413441279874,0.3304436877946516,52944.17058589679,2.622757634749699,20186.45180340862,1.0245414766990883,0.45454545454545453,,36221.829232966826,100144.67932514637,93.75153880241575,533155.8743050712,26777.25675137444,180.87110387566966
FC/C(F)=C/CCCl,3.985633605040194,3.491146099999999,3.5441823,234.42077939999987,0.5787598801388744,False,9311.486552159491,8234.054435954322,0.5730706020126906,0.7578185847609404,0.4908365804959938,32237.97175587504,1.5970103151278638,20186.45180340862,0.6238484581595463,0.23809523809523808,,26712.625967901036,44384.68326296566,49.712309751920536,112047.68867418128,22923.682720341694,132.0635702712526
FC/C(F)=C\CCCl,3.985633605040194,3.491146099999999,3.5441823,234.42077939999987,0.5787598801388744,False,9311.486552159491,8234.054435954322,0.5730706020126906,0.7578185847609404,0.4908365804959938,32237.97175587504,1.5970103151278638,20186.45180340862,0.6238484581595463,0.23809523809523808,,26712.625967901036,44384.68326296566,49.712309751920536,112047.68867418128,22923.682720341694,132.0635702712526
C/C(F)=C(/C)[C@H](F)Cl,4.306200065201891,3.402220999999999,3.572753399999999,225.88811439999995,0.5796349521860468,False,18295.918521806696,8102.5602751306205,1.126012799667877,0.7457165614339358,0.2837944552120739,48579.59669399403,2.406544605614694,20186.45180340862,0.9400810548832916,0.3125,,34168.70258194724,88325.75435344942,88.42367748944673,438285.7261983222,25900.65269755888,177.6808162624966
C/C(F)=C(/C)[C@@H](F)Cl,4.306200065201891,3.402220999999999,3.572753399999999,225.88811439999995,0.5796349521860468,False,18295.918521806696,8102.5602751306205,1.126012799667877,0.7457165614339358,0.2837944552120739,48579.59669399403,2.406544605614694,20186.45180340862,0.9400810548832916,0.3125,,34168.70258194724,88325.75435344942,88.42367748944673,438285.7261983222,25900.65269755888,177.6808162624966
C/C(F)=C(\C)[C@H](F)Cl,4.306200065201891,3.402220999999999,3.572753399999999,225.88811439999995,0.5796349521860468,False,18295.918521806696,8102.5602751306205,1.126012799667877,0.7457165614339358,0.2837944552120739,48579.59669399403,2.406544605614694,20186.45180340862,0.9400810548832916,0.3125,,34168.70258194724,88325.75435344942,88.42367748944673,438285.7261983222,25900.65269755888,177.6808162624966
C/C(F)=C(\C)[C@@H](F)Cl,4.306200065201891,3.402220999999999,3.572753399999999,225.88811439999995,0.5796349521860468,False,18295.918521806696,8102.5602751306205,1.126012799667877,0.7457165614339358,0.2837944552120739,48579.59669399403,2.406544605614694,20186.45180340862,0.9400810548832916,0.3125,,34168.70258194724,88325.75435344942,88.42367748944673,438285.7261983222,25900.65269755888,177.6808162624966
C/C(CCF)=C(\F)Cl,3.881576791853381,3.456537899999999,3.5637533,229.9858047,0.5821255392386755,False,12863.518014669153,8110.388242625717,0.791678532893109,0.7464370059360739,0.3281646318789246,37880.95570246726,1.8765534464095768,20186.45180340862,0.7330478476608129,0.3157894736842105,,29398.223704772525,58354.631030866054,65.99536257441805,195031.26511872438,24016.557127569486,156.14371897189528
C/C(CCF)=C(/F)Cl,3.881576791853381,3.456537899999999,3.5637533,229.9858047,0.5821255392386755,False,12863.518014669153,8110.388242625717,0.791678532893109,0.7464370059360739,0.3281646318789246,37880.95570246726,1.8765534464095768,20186.45180340862,0.7330478476608129,0.3157894736842105,,29398.223704772525,58354.631030866054,65.99536257441805,195031.26511872438,24016.557127569486,156.14371897189528
FC/C=C(/CF)CCl,4.338024813831403,3.481814599999999,3.463228300000001,232.4834596000001,0.5842795088740945,False,11421.718587248815,8817.96254361854,0.7029437362282626,0.8115583819923455,0.3517849730209731,35686.67607745158,1.7678528363972137,20186.45180340862,0.6905855621546698,0.24,,28546.546948619813,51850.841261524656,57.9727646176554,146417.20877268928,23759.504052945653,144.1533364737397
FC/C=C(\CF)CCl,4.338024813831403,3.481814599999999,3.463228300000001,232.4834596000001,0.5842795088740945,False,11421.718587248815,8817.96254361854,0.7029437362282626,0.8115583819923455,0.3517849730209731,35686.67607745158,1.7678528363972137,20186.45180340862,0.6905855621546698,0.24,,28546.546948619813,51850.841261524656,57.9727646176554,146417.20877268928,23759.504052945653,144.1533364737397
C/C=C/[C@H](Cl)C(F)F,4.333314478157355,3.461058199999999,3.5752388999999996,229.52728249999996,0.5851053158130022,False,12931.17783548358,8017.030476929889,0.795842621412058,0.7378448536220048,0.3322733152156044,37966.19558605461,1.8807760747554336,20186.45180340862,0.7346973549670526,0.29411764705882354,,29400.799909531488,58788.00803809959,66.64611714905826,199466.7778206686,24005.06689984331,157.03249878325283
C/C=C/[C@@H](Cl)C(F)F,4.333314478157355,3.461058199999999,3.5752388999999996,229.52728249999996,0.5851053158130022,False,12931.17783548358,8017.030476929889,0.795842621412058,0.7378448536220048,0.3322733152156044,37966.19558605461,1.8807760747554336,20186.45180340862,0.7346973549670526,0.29411764705882354,,29400.799909531488,58788.00803809959,66.64611714905826,199466.7778206686,24005.06689984331,157.03249878325283
C/C=C\[C@H](Cl)C(F)F,4.333314478157355,3.461058199999999,3.5752388999999996,229.52728249999996,0.5851053158130022,False,12931.17783548358,8017.030476929889,0.795842621412058,0.7378448536220048,0.3322733152156044,37966.19558605461,1.8807760747554336,20186.45180340862,0.7346973549670526,0.29411764705882354,,29400.799909531488,58788.00803809959,66.64611714905826,199466.7778206686,24005.06689984331,157.03249878325283
C/C=C\[C@@H](Cl)C(F)F,4.333314478157355,3.461058199999999,3.5752388999999996,229.52728249999996,0.5851053158130022,False,12931.17783548358,8017.030476929889,0.795842621412058,0.7378448536220048,0.3322733152156044,37966.19558605461,1.8807760747554336,20186.45180340862,0.7346973549670526,0.29411764705882354,,29400.799909531488,58788.00803809959,66.64611714905826,199466.7778206686,24005.06689984331,157.03249878325283
FCC/C=C/[C@H](F)Cl,4.343525686948564,3.4211577000000015,3.5652545,226.03158649999995,0.5852896518889519,False,17461.425276640002,8116.730271797044,1.074654346460178,0.7470206925765389,0.2637646705490528,46699.97067308342,2.313431361186408,20186.45180340862,0.9037077431892035,0.2631578947368421,,33349.36088921798,82804.83849028667,85.15486803793524,385706.8106913198,25590.38342635072,175.1125134891833
FCC/C=C/[C@@H](F)Cl,4.343525686948564,3.4211577000000015,3.5652545,226.03158649999995,0.5852896518889519,False,17461.425276640002,8116.730271797044,1.074654346460178,0.7470206925765389,0.2637646705490528,46699.97067308342,2.313431361186408,20186.45180340862,0.9037077431892035,0.2631578947368421,,33349.36088921798,82804.83849028667,85.15486803793524,385706.8106913198,25590.38342635072,175.1125134891833
FCC/C=C\[C@H](F)Cl,4.343525686948564,3.4211577000000015,3.5652545,226.03158649999995,0.5852896518889519,False,17461.425276640002,8116.730271797044,1.074654346460178,0.7470206925765389,0.2637646705490528,46699.97067308342,2.313431361186408,20186.45180340862,0.9037077431892035,0.2631578947368421,,33349.36088921798,82804.83849028667,85.15486803793524,385706.8106913198,25590.38342635072,175.1125134891833
FCC/C=C\[C@@H](F)Cl,4.343525686948564,3.4211577000000015,3.5652545,226.03158649999995,0.5852896518889519,False,17461.425276640002,8116.730271797044,1.074654346460178,0.7470206925765389,0.2637646705490528,46699.97067308342,2.313431361186408,20186.45180340862,0.9037077431892035,0.2631578947368421,,33349.36088921798,82804.83849028667,85.15486803793524,385706.8106913198,25590.38342635072,175.1125134891833
C=C(CCF)[C@H](F)Cl,4.410936016618894,3.4219628,3.5320135000000006,226.2705416999999,0.5853000394090649,False,17688.718964373704,8349.93402214017,1.088643018379919,0.76848352567056,0.2479061568284194,47128.67531341376,2.334668607063266,20186.45180340862,0.9120037591700224,0.2631578947368421,,33647.075262121674,83280.01594896319,84.89553647963534,379941.4228814233,25756.140857962564,174.60557502927682
C=C(CCF)[C@@H](F)Cl,4.410936016618894,3.4219628,3.5320135000000006,226.2705416999999,0.5853000394090649,False,17688.718964373704,8349.93402214017,1.088643018379919,0.76848352567056,0.2479061568284194,47128.67531341376,2.334668607063266,20186.45180340862,0.9120037591700224,0.2631578947368421,,33647.075262121674,83280.01594896319,84.89553647963534,379941.4228814233,25756.140857962564,174.60557502927682
F/C=C/CC[C@H](F)Cl,4.40043997266285,3.4558348000000008,3.6102474000000018,228.70568400000005,0.5858613373319228,False,13323.540891850276,7785.325202820597,0.8199904018615131,0.7165199323122274,0.3358041158149251,38636.56401625853,1.9139849039609071,20186.45180340862,0.7476698929030143,0.2631578947368421,,29629.327469048843,61027.171821257296,69.26771847137894,219675.24410738455,24061.013868136837,160.5130331154041
F/C=C/CC[C@@H](F)Cl,4.40043997266285,3.4558348000000008,3.6102474000000018,228.70568400000005,0.5858613373319228,False,13323.540891850276,7785.325202820597,0.8199904018615131,0.7165199323122274,0.3358041158149251,38636.56401625853,1.9139849039609071,20186.45180340862,0.7476698929030143,0.2631578947368421,,29629.327469048843,61027.171821257296,69.26771847137894,219675.24410738455,24061.013868136837,160.5130331154041
F/C=C\CC[C@H](F)Cl,4.40043997266285,3.4558348000000008,3.6102474000000018,228.70568400000005,0.5858613373319228,False,13323.540891850276,7785.325202820597,0.8199904018615131,0.7165199323122274,0.3358041158149251,38636.56401625853,1.9139849039609071,20186.45180340862,0.7476698929030143,0.2631578947368421,,29629.327469048843,61027.171821257296,69.26771847137894,219675.24410738455,24061.013868136837,160.5130331154041
F/C=C\CC[C@@H](F)Cl,4.40043997266285,3.4558348000000008,3.6102474000000018,228.70568400000005,0.5858613373319228,False,13323.540891850276,7785.325202820597,0.8199904018615131,0.7165199323122274,0.3358041158149251,38636.56401625853,1.9139849039609071,20186.45180340862,0.7476698929030143,0.2631578947368421,,29629.327469048843,61027.171821257296,69.26771847137894,219675.24410738455,24061.013868136837,160.5130331154041
C=C(F)C[C@H](C)F,4.218705842963798,3.406400100000001,3.5679331000000007,224.62449880000008,0.5860079764691447,False,19499.283987855004,8108.143530923936,1.2000733020599097,0.7462304146075527,0.3231537229669656,51241.59474585941,2.5384151333225837,20186.45180340862,0.991594326029988,0.36363636363636365,,35267.791367853606,96702.43229009533,93.1037914756786,520337.3708249931,26328.947326894737,180.7349043080577
C=C(F)C[C@@H](C)F,4.218705842963798,3.406400100000001,3.5679331000000007,224.62449880000008,0.5860079764691447,False,19499.283987855004,8108.143530923936,1.2000733020599097,0.7462304146075527,0.3231537229669656,51241.59474585941,2.5384151333225837,20186.45180340862,0.991594326029988,0.36363636363636365,,35267.791367853606,96702.43229009533,93.1037914756786,520337.3708249931,26328.947326894737,180.7349043080577
C=CC(Cl)(CF)CF,4.4636483303149195,3.422592299999999,3.6552417999999993,225.6662062,0.5860369061377262,False,16478.44276718142,7524.208474664403,1.0141571986301432,0.6924881371707371,0.3078375741422361,44844.87364869161,2.221533238502035,20186.45180340862,0.8678091008314601,0.3333333333333333,,32261.328293175557,79366.94385202821,84.39728512070604,381803.1919716137,25041.78687451358,175.37952962277097
FCC/C(F)=C/CCl,3.9351940446006335,3.499072999999999,3.529397999999999,233.122257,0.586243107160903,False,9962.99600411043,8303.850666409788,0.613167412737278,0.7642422586626396,0.4530134249322697,33209.84533600772,1.6451551594817673,20186.45180340862,0.6426555294940286,0.3333333333333333,,27199.162277787593,46624.55637373922,52.626430775307135,122945.01800098602,23137.10402554277,136.6463090634978
FCC/C(F)=C\CCl,3.9351940446006335,3.499072999999999,3.529397999999999,233.122257,0.586243107160903,False,9962.99600411043,8303.850666409788,0.613167412737278,0.7642422586626396,0.4530134249322697,33209.84533600772,1.6451551594817673,20186.45180340862,0.6426555294940286,0.3333333333333333,,27199.162277787593,46624.55637373922,52.626430775307135,122945.01800098602,23137.10402554277,136.6463090634978
C=C1C(F)(F)C(F)C1(F)F,4.287330905137052,3.4741280999999997,3.4528576,231.0196244,0.5871266832305173,False,12772.434755716442,8893.2270408735,0.7860728610437304,0.8184853260921372,0.2805572982937582,37910.61814239141,1.878022869575818,20186.45180340862,0.7336218560864067,0.1875,,29640.160738008006,57181.42957185458,63.443364111514086,175898.45360275975,24228.203750942637,151.57425987858903
C=C(Cl)[C@H](C)C(F)F,4.212046219048043,3.4166231999999996,3.5630725,225.19091899999995,0.5871337980732679,False,18524.808373035692,8128.660998064204,1.140099706640639,0.7481187331791695,0.2882223106840612,48992.31555870408,2.426989945327162,20186.45180340862,0.948067724434108,0.3333333333333333,,34329.30819203215,89691.05539570666,89.27847911767905,449039.4870121559,25974.41259396714,178.1274504889184
C=C(Cl)[C@@H](C)C(F)F,4.212046219048043,3.4166231999999996,3.5630725,225.19091899999995,0.5871337980732679,False,18524.808373035692,8128.660998064204,1.140099706640639,0.7481187331791695,0.2882223106840612,48992.31555870408,2.426989945327162,20186.45180340862,0.948067724434108,0.3333333333333333,,34329.30819203215,89691.05539570666,89.27847911767905,449039.4870121559,25974.41259396714,178.1274504889184
FCC(CF)=C(F)Cl,4.405217561084149,3.4134641999999995,3.375930300000001,226.31015019999995,0.5873974392392045,False,20626.831863899683,9583.804249056677,1.2694676502666626,0.8820423801101901,0.2941544061038441,53507.53193278433,2.6506655282405407,20186.45180340862,1.035443282504487,0.4,,37016.358081304556,97801.33572136679,90.17359061048975,454263.69267364044,27350.007318334505,177.2846932562008
C/C(Cl)=C(/C)C(F)F,3.680909949748118,3.3853218999999997,3.6402657000000023,222.33742590000003,0.5875935490126496,False,21855.12969360633,7642.769233033195,1.345062602026285,0.7033998389106355,0.4550163237460688,57661.055822495946,2.856423525245753,20186.45180340862,1.11581960065959,0.29411764705882354,,37543.78938089965,120746.46438084233,105.12671882525264,852528.0599678063,27051.749865713464,187.6978759342675
C/C(Cl)=C(\C)C(F)F,3.680909949748118,3.3853218999999997,3.6402657000000023,222.33742590000003,0.5875935490126496,False,21855.12969360633,7642.769233033195,1.345062602026285,0.7033998389106355,0.4550163237460688,57661.055822495946,2.856423525245753,20186.45180340862,1.11581960065959,0.29411764705882354,,37543.78938089965,120746.46438084233,105.12671882525264,852528.0599678063,27051.749865713464,187.6978759342675
CC(C)=C(F)[C@H](F)Cl,4.188121522691768,3.4753040999999985,3.5884754999999995,229.86864639999993,0.5884402963652876,False,12114.314654429736,7904.829092459524,0.7455692013403764,0.727518434839021,0.3728018705145547,36532.06510996836,1.8097318669841556,20186.45180340862,0.7069449860189975,0.3125,,28688.01667788531,55337.909354842806,63.43254739394924,178551.21042679437,23701.548453783424,153.1248946418017
CC(C)=C(F)[C@@H](F)Cl,4.188121522691768,3.4753040999999985,3.5884754999999995,229.86864639999993,0.5884402963652876,False,12114.314654429736,7904.829092459524,0.7455692013403764,0.727518434839021,0.3728018705145547,36532.06510996836,1.8097318669841556,20186.45180340862,0.7069449860189975,0.3125,,28688.01667788531,55337.909354842806,63.43254739394924,178551.21042679437,23701.548453783424,153.1248946418017
FCC(=CCCl)CF,4.326908330314919,3.4653207999999993,3.4429009,229.8459022,0.5886874524486743,False,14074.021739636652,8972.724501175886,0.8661783557215967,0.8258018496015499,0.2196661741816808,40171.24129359709,1.9900100168576385,20186.45180340862,0.7773679787655554,0.38095238095238093,,30736.435991378898,62750.97329396077,68.48951649706751,208864.41431891112,24695.5065503202,157.70591725085052
CC[C@H](F)/C(F)=C/Cl,4.455465247388124,3.464232800000001,3.5436534000000006,228.9947743,0.5887034043407139,False,13580.933397571142,8219.217945708571,0.8358314898962482,0.7564531130934519,0.293711398879166,39114.90677014093,1.937681131437676,20186.45180340862,0.7569264736749403,0.3333333333333333,,29992.832777190215,61444.11109908144,68.79337166922305,213470.939567304,24277.492604299005,159.15431722085822
CC[C@@H](F)/C(F)=C/Cl,4.455465247388124,3.464232800000001,3.5436534000000006,228.9947743,0.5887034043407139,False,13580.933397571142,8219.217945708571,0.8358314898962482,0.7564531130934519,0.293711398879166,39114.90677014093,1.937681131437676,20186.45180340862,0.7569264736749403,0.3333333333333333,,29992.832777190215,61444.11109908144,68.79337166922305,213470.939567304,24277.492604299005,159.15431722085822
CC[C@H](F)/C(F)=C\Cl,4.455465247388124,3.464232800000001,3.5436534000000006,228.9947743,0.5887034043407139,False,13580.933397571142,8219.217945708571,0.8358314898962482,0.7564531130934519,0.293711398879166,39114.90677014093,1.937681131437676,20186.45180340862,0.7569264736749403,0.3333333333333333,,29992.832777190215,61444.11109908144,68.79337166922305,213470.939567304,24277.492604299005,159.15431722085822
CC[C@@H](F)/C(F)=C\Cl,4.455465247388124,3.464232800000001,3.5436534000000006,228.9947743,0.5887034043407139,False,13580.933397571142,8219.217945708571,0.8358314898962482,0.7564531130934519,0.293711398879166,39114.90677014093,1.937681131437676,20186.45180340862,0.7569264736749403,0.3333333333333333,,29992.832777190215,61444.11109908144,68.79337166922305,213470.939567304,24277.492604299005,159.15431722085822
FCCC/C=C(/F)Cl,3.5878336050401938,3.515495000000001,3.5515938,233.8527296999999,0.5890026761685482,False,8993.87273381041,8125.286491058681,0.5535232245806042,0.7478081614987074,0.5127789332602927,31694.74444203322,1.570099824907384,20186.45180340862,0.6133362731890817,0.25,,26403.262388862182,43316.86853942191,48.518572542433965,107282.14022961086,22786.618321924267,129.9243920656139
FCCC/C=C(\F)Cl,3.5878336050401938,3.515495000000001,3.5515938,233.8527296999999,0.5890026761685482,False,8993.87273381041,8125.286491058681,0.5535232245806042,0.7478081614987074,0.5127789332602927,31694.74444203322,1.570099824907384,20186.45180340862,0.6133362731890817,0.25,,26403.262388862182,43316.86853942191,48.518572542433965,107282.14022961086,22786.618321924267,129.9243920656139
CCC(CCl)=C(F)F,3.672956791853381,3.4097890999999994,3.569331800000002,223.45213419999996,0.5916949760028043,False,20607.638574238183,8074.170722591704,1.2682864092264372,0.74310373798294,0.371447555940207,53845.05922357076,2.6673860145386548,20186.45180340862,1.0419748931634456,0.29411764705882354,,36295.64123878431,105400.01549205856,97.53915659467397,615201.049875557,26715.665714155297,183.35256579843863
C[C@H](/C=C/Cl)C(F)F,4.384171401234278,3.4933780999999993,3.5106069000000004,231.02768559999996,0.5919903010088646,False,11583.817709608602,8420.782888769694,0.7129200424943021,0.7750040786082063,0.3647438370204705,35756.886357452284,1.7713309255970624,20186.45180340862,0.6919442262560306,0.29411764705882354,,28461.002026397724,52633.632743117196,59.61585691931976,154857.14001681274,23678.825511457366,146.9488952740831
C[C@@H](/C=C/Cl)C(F)F,4.384171401234278,3.4933780999999993,3.5106069000000004,231.02768559999996,0.5919903010088646,False,11583.817709608602,8420.782888769694,0.7129200424943021,0.7750040786082063,0.3647438370204705,35756.886357452284,1.7713309255970624,20186.45180340862,0.6919442262560306,0.29411764705882354,,28461.002026397724,52633.632743117196,59.61585691931976,154857.14001681274,23678.825511457366,146.9488952740831
C[C@H](/C=C\Cl)C(F)F,4.384171401234278,3.4933780999999993,3.5106069000000004,231.02768559999996,0.5919903010088646,False,11583.817709608602,8420.782888769694,0.7129200424943021,0.7750040786082063,0.3647438370204705,35756.886357452284,1.7713309255970624,20186.45180340862,0.6919442262560306,0.29411764705882354,,28461.002026397724,52633.632743117196,59.61585691931976,154857.14001681274,23678.825511457366,146.9488952740831
C[C@@H](/C=C\Cl)C(F)F,4.384171401234278,3.4933780999999993,3.5106069000000004,231.02768559999996,0.5919903010088646,False,11583.817709608602,8420.782888769694,0.7129200424943021,0.7750040786082063,0.3647438370204705,35756.886357452284,1.7713309255970624,20186.45180340862,0.6919442262560306,0.29411764705882354,,28461.002026397724,52633.632743117196,59.61585691931976,154857.14001681274,23678.825511457366,146.9488952740831
C=C(Cl)[C@H](F)CCF,4.462713708926586,3.4796075999999987,3.5734436000000005,229.1699786,0.5926531264902851,False,12631.956894235882,7986.82250224441,0.7774272240450442,0.7350646722663067,0.3460193180700385,37401.76632273605,1.852815278632598,20186.45180340862,0.7237748835309505,0.2727272727272727,,29111.311555001455,57479.7807981553,65.52283490651598,190994.6155076271,23886.959374660746,155.53465319165494
C=C(Cl)[C@@H](F)CCF,4.462713708926586,3.4796075999999987,3.5734436000000005,229.1699786,0.5926531264902851,False,12631.956894235882,7986.82250224441,0.7774272240450442,0.7350646722663067,0.3460193180700385,37401.76632273605,1.852815278632598,20186.45180340862,0.7237748835309505,0.2727272727272727,,29111.311555001455,57479.7807981553,65.52283490651598,190994.6155076271,23886.959374660746,155.53465319165494
CCC/C(F)=C(/F)Cl,3.430780638007227,3.522546999999999,3.5968393000000014,233.09115580000005,0.5932646923094028,False,8892.210639618197,7799.085042122305,0.5472664838127091,0.7177863147520406,0.5334905817543008,31430.46167504816,1.5570077387122043,20186.45180340862,0.6082220433625194,0.3333333333333333,,26197.014467864028,43064.36379352736,48.706363485884474,108349.11142266616,22669.468746897594,130.79006437847562
CCC/C(F)=C(\F)Cl,3.430780638007227,3.522546999999999,3.5968393000000014,233.09115580000005,0.5932646923094028,False,8892.210639618197,7799.085042122305,0.5472664838127091,0.7177863147520406,0.5334905817543008,31430.46167504816,1.5570077387122043,20186.45180340862,0.6082220433625194,0.3333333333333333,,26197.014467864028,43064.36379352736,48.706363485884474,108349.11142266616,22669.468746897594,130.79006437847562
C/C(=C\Cl)C(C)(F)F,3.66557715622585,3.414688399999999,3.582517400000001,223.20571469999996,0.5940012933273019,False,20423.77184215152,7971.789043793167,1.256970426729252,0.7336810726925855,0.3700804929411787,53455.19181020221,2.6480726940420474,20186.45180340862,1.0344304301755625,0.42857142857142855,,36063.097403531094,104740.6290316817,97.55073017865163,615896.1407314702,26602.752544401665,183.43794654103527
C/C(=C/Cl)C(C)(F)F,3.66557715622585,3.414688399999999,3.582517400000001,223.20571469999996,0.5940012933273019,False,20423.77184215152,7971.789043793167,1.256970426729252,0.7336810726925855,0.3700804929411787,53455.19181020221,2.6480726940420474,20186.45180340862,1.0344304301755625,0.42857142857142855,,36063.097403531094,104740.6290316817,97.55073017865163,615896.1407314702,26602.752544401665,183.43794654103527
FCC/C=C(\F)CCl,4.0376951435017325,3.517431999999999,3.5136593,232.38763839999996,0.5954633971239013,False,10064.22865108317,8367.262707072226,0.6193977233991725,0.7700783656844464,0.4446594774432093,33342.66250564982,1.6517346797924974,20186.45180340862,0.6452257217854603,0.23076923076923078,,27264.206783023943,46939.9158465178,53.0313097608425,123887.75966774403,23174.524331151115,136.96677706617092
FCC/C=C(/F)CCl,4.0376951435017325,3.517431999999999,3.5136593,232.38763839999996,0.5954633971239013,False,10064.22865108317,8367.262707072226,0.6193977233991725,0.7700783656844464,0.4446594774432093,33342.66250564982,1.6517346797924974,20186.45180340862,0.6452257217854603,0.23076923076923078,,27264.206783023943,46939.9158465178,53.0313097608425,123887.75966774403,23174.524331151115,136.96677706617092
FCC/C=C(\Cl)CF,4.182242396248985,3.5006946,3.5223898000000005,230.21027339999992,0.5970768449754902,False,11804.49959194235,8309.875461794769,0.7265017942859067,0.7647967487923361,0.3607240467552502,36053.96794693957,1.7860478056302895,20186.45180340862,0.6976931577630339,0.24,,28562.82705967293,53581.9827279773,60.91475708077125,161614.59289803056,23709.087231190333,148.82664273738
FCC/C=C(/Cl)CF,4.182242396248985,3.5006946,3.5223898000000005,230.21027339999992,0.5970768449754902,False,11804.49959194235,8309.875461794769,0.7265017942859067,0.7647967487923361,0.3607240467552502,36053.96794693957,1.7860478056302895,20186.45180340862,0.6976931577630339,0.24,,28562.82705967293,53581.9827279773,60.91475708077125,161614.59289803056,23709.087231190333,148.82664273738
C=C(Cl)C(CF)CF,4.30772679185338,3.4739643999999994,3.543645900000002,226.76734909999996,0.6001463559985785,False,15045.935713382538,8167.436418253341,0.9259942962719194,0.7516874166606551,0.2591061234879399,41706.70456111053,2.066074066273899,20186.45180340862,0.8070812746035391,0.3157894736842105,,31126.23508105759,68710.72805777968,75.29173924181887,266159.65794483887,24731.944849761094,165.9915313991041
FC/C(F)=C(\Cl)CF,4.321759868776457,3.453676899999999,3.4237028000000014,225.76583249999993,0.6005699990704831,False,18523.36529747718,9086.341554350684,1.1400108933051492,0.8362585590041097,0.2154398053831197,48619.16538167755,2.4085047662248336,20186.45180340862,0.9408467626328264,0.29411764705882354,,34587.159016094294,85630.69553894135,84.91839537775041,370500.650599346,26290.64011080644,173.4967568831936
FC/C(F)=C(/Cl)CF,4.321759868776457,3.453676899999999,3.4237028000000014,225.76583249999993,0.6005699990704831,False,18523.36529747718,9086.341554350684,1.1400108933051492,0.8362585590041097,0.2154398053831197,48619.16538167755,2.4085047662248336,20186.45180340862,0.9408467626328264,0.29411764705882354,,34587.159016094294,85630.69553894135,84.91839537775041,370500.650599346,26290.64011080644,173.4967568831936
FC(F)=C1C(F)(F)CC1(F)F,4.3531439260408185,3.498123299999999,3.6061951,228.338766,0.6014032040528481,False,12321.28219666812,7724.183735221533,0.7583069111961813,0.7108927967611423,0.3768269153605204,36803.10151624657,1.823158516150526,20186.45180340862,0.7121899079217209,0.17647058823529413,,28730.20898326409,56519.663239092355,65.19529831867735,188943.4049219064,23698.158197429868,155.42139956123202
C=C1C(F)(F)C(F)(F)C1(F)F,4.041883176533917,3.5160563,3.521316999999999,230.29750569999996,0.6020281254751185,False,11321.797096656595,8286.837236793996,0.6967941200045878,0.762676433071656,0.3850406226405006,35240.23922765058,1.7457371692087076,20186.45180340862,0.6819464038812215,0.3076923076923077,,28156.737457098872,51659.3160222688,58.89185831831515,150500.52164937527,23540.132896053416,145.89739286481736
C=CC[C@](F)(Cl)CF,4.436392170465048,3.463725099999999,3.6164940999999993,224.9119028,0.6026236741960727,False,16098.479833121572,7678.043393723771,0.9907725772655036,0.7066462850862205,0.293498803036803,43863.76458542261,2.1729308851601106,20186.45180340862,0.8488233103778413,0.34782608695652173,,31860.719277372984,76304.42361981492,82.17749850279611,344833.0477807943,24930.326365963207,173.03104838493988
C=CC[C@@](F)(Cl)CF,4.436392170465048,3.463725099999999,3.6164940999999993,224.9119028,0.6026236741960727,False,16098.479833121572,7678.043393723771,0.9907725772655036,0.7066462850862205,0.293498803036803,43863.76458542261,2.1729308851601106,20186.45180340862,0.8488233103778413,0.34782608695652173,,31860.719277372984,76304.42361981492,82.17749850279611,344833.0477807943,24930.326365963207,173.03104838493988
C=C(CCl)[C@H](F)CF,4.39834986277274,3.4419878999999995,3.4790183000000003,223.7293423,0.6028771471510742,False,20327.643760140458,8653.247716785996,1.2510542738658157,0.7963989052205703,0.3232362204668194,52624.06114029203,2.606899996729792,20186.45180340862,1.0183469249575867,0.3333333333333333,,36080.72720666317,99215.04980435886,93.32785396923717,509396.3519015575,26788.266040994436,180.01564002802888
C=C(CCl)[C@@H](F)CF,4.39834986277274,3.4419878999999995,3.4790183000000003,223.7293423,0.6028771471510742,False,20327.643760140458,8653.247716785996,1.2510542738658157,0.7963989052205703,0.3232362204668194,52624.06114029203,2.606899996729792,20186.45180340862,1.0183469249575867,0.3333333333333333,,36080.72720666317,99215.04980435886,93.32785396923717,509396.3519015575,26788.266040994436,180.01564002802888
FC(F)=CCCCCl,3.196053385259974,3.447842200000001,3.6152468,223.4056328,0.6033157478418251,False,18193.183730616667,7695.503708720991,1.1196900403205778,0.7082532396313468,0.3153440627910186,48342.89121269407,2.394818647848308,20186.45180340862,0.9355004829209757,0.3333333333333333,,33763.07583188876,89924.49467445347,90.81174221897255,474763.34801935044,25667.816338743953,179.48343894875674
C/C(CF)=C(/F)CCl,4.0623729456995346,3.5251172999999985,3.4989375999999988,230.9214534,0.6035062485533036,False,10886.619044218232,8436.621054528154,0.6700113128666958,0.7764617391633608,0.3985748206972326,34587.50470767111,1.7134018917495333,20186.45180340862,0.669315106014212,0.24,,27876.966483619242,49887.626366855424,56.60843598977791,138907.9959794492,23442.112703173545,142.24306249403162
C/C(CF)=C(\F)CCl,4.0623729456995346,3.5251172999999985,3.4989375999999988,230.9214534,0.6035062485533036,False,10886.619044218232,8436.621054528154,0.6700113128666958,0.7764617391633608,0.3985748206972326,34587.50470767111,1.7134018917495333,20186.45180340862,0.669315106014212,0.24,,27876.966483619242,49887.626366855424,56.60843598977791,138907.9959794492,23442.112703173545,142.24306249403162
CC(C)=C(Cl)C(F)F,3.595420880922207,3.4369380999999986,3.6385192000000024,222.10395539999993,0.6047261616458869,False,19671.79102907025,7551.168163559643,1.21069015828441,0.6949693635754322,0.3707209623901604,51953.20313080815,2.573666914659836,20186.45180340862,1.0053649129988402,0.29411764705882354,,35146.331325226805,102403.4102945958,97.79310113902305,624413.1676227304,26154.515593370754,183.9189580004496
C/C=C(\Cl)CC(F)F,3.769589099545688,3.4536682,3.5795140000000005,223.114143,0.6068081382717081,False,18792.71243089292,7912.426832339131,1.1565877226902652,0.728217690415691,0.313664372698438,49492.266414745965,2.4517565987693217,20186.45180340862,0.9577424512766995,0.25,,34346.87578698379,92716.45950027772,91.87478603695313,488978.560479099,25945.882530687762,179.84490122159949
C/C=C(/Cl)CC(F)F,3.769589099545688,3.4536682,3.5795140000000005,223.114143,0.6068081382717081,False,18792.71243089292,7912.426832339131,1.1565877226902652,0.728217690415691,0.313664372698438,49492.266414745965,2.4517565987693217,20186.45180340862,0.9577424512766995,0.25,,34346.87578698379,92716.45950027772,91.87478603695313,488978.560479099,25945.882530687762,179.84490122159949
CC/C(=C\Cl)C(F)F,3.9173414072379966,3.4562805999999995,3.5478515000000015,223.18244780000003,0.6079389717500133,False,19110.557411180023,8121.869382583693,1.1761493268637255,0.7474936690055338,0.3078766515129566,50050.988540967155,2.479434673730809,20186.45180340862,0.9685544818728612,0.2857142857142857,,34690.39165123998,93608.73100603206,91.84527241418758,484852.35885372333,26128.800050056125,179.5461734001223
CC/C(=C/Cl)C(F)F,3.9173414072379966,3.4562805999999995,3.5478515000000015,223.18244780000003,0.6079389717500133,False,19110.557411180023,8121.869382583693,1.1761493268637255,0.7474936690055338,0.3078766515129566,50050.988540967155,2.479434673730809,20186.45180340862,0.9685544818728612,0.2857142857142857,,34690.39165123998,93608.73100603206,91.84527241418758,484852.35885372333,26128.800050056125,179.5461734001223
FC(F)/C=C/CCCl,3.520402835809426,3.4385547000000014,3.5898448,221.4193364,0.6085253073145062,False,21191.928599247374,7849.166668201585,1.3042462352441604,0.7223955613016145,0.4118616224477472,55313.65530986776,2.740137585770654,20186.45180340862,1.0703942183937485,0.25,,36663.720506183694,112222.75212159078,101.49885383383274,711986.5887101794,26807.760556351994,185.48567103526634
FC(F)/C=C\CCCl,3.520402835809426,3.4385547000000014,3.5898448,221.4193364,0.6085253073145062,False,21191.928599247374,7849.166668201585,1.3042462352441604,0.7223955613016145,0.4118616224477472,55313.65530986776,2.740137585770654,20186.45180340862,1.0703942183937485,0.25,,36663.720506183694,112222.75212159078,101.49885383383274,711986.5887101794,26807.760556351994,185.48567103526634
CC/C=C(\F)[C@H](F)Cl,4.299398324311201,3.5519513999999996,3.487120900000001,232.24777940000004,0.6085916764517857,False,9526.286688023656,8484.619427593605,0.586290364773722,0.7808792541834776,0.4681554907573433,32516.667377589096,1.6108163878556625,20186.45180340862,0.6292415962644721,0.34782608695652173,,26859.817120241965,44991.48121801425,50.469969275748866,112779.41864759289,23020.888411810436,132.1919400322405
CC/C=C(\F)[C@@H](F)Cl,4.299398324311201,3.5519513999999996,3.487120900000001,232.24777940000004,0.6085916764517857,False,9526.286688023656,8484.619427593605,0.586290364773722,0.7808792541834776,0.4681554907573433,32516.667377589096,1.6108163878556625,20186.45180340862,0.6292415962644721,0.34782608695652173,,26859.817120241965,44991.48121801425,50.469969275748866,112779.41864759289,23020.888411810436,132.1919400322405
CC/C=C(/F)[C@H](F)Cl,4.299398324311201,3.5519513999999996,3.487120900000001,232.24777940000004,0.6085916764517857,False,9526.286688023656,8484.619427593605,0.586290364773722,0.7808792541834776,0.4681554907573433,32516.667377589096,1.6108163878556625,20186.45180340862,0.6292415962644721,0.34782608695652173,,26859.817120241965,44991.48121801425,50.469969275748866,112779.41864759289,23020.888411810436,132.1919400322405
CC/C=C(/F)[C@@H](F)Cl,4.299398324311201,3.5519513999999996,3.487120900000001,232.24777940000004,0.6085916764517857,False,9526.286688023656,8484.619427593605,0.586290364773722,0.7808792541834776,0.4681554907573433,32516.667377589096,1.6108163878556625,20186.45180340862,0.6292415962644721,0.34782608695652173,,26859.817120241965,44991.48121801425,50.469969275748866,112779.41864759289,23020.888411810436,132.1919400322405
C[C@H](Cl)/C=C/C(F)F,4.233732939695816,3.4526410999999992,3.639365600000001,222.2353968,0.6091898310166205,False,18819.831706774203,7518.07436859629,1.1582567644343926,0.6919235866670371,0.3463470512958721,49901.32006805442,2.4720203705947092,20186.45180340862,0.965658194018006,0.3333333333333333,,34279.52163200946,95934.88431400644,94.69822057562197,551571.3701879423,25824.055418620563,182.1099688197273
C[C@@H](Cl)/C=C/C(F)F,4.233732939695816,3.4526410999999992,3.639365600000001,222.2353968,0.6091898310166205,False,18819.831706774203,7518.07436859629,1.1582567644343926,0.6919235866670371,0.3463470512958721,49901.32006805442,2.4720203705947092,20186.45180340862,0.965658194018006,0.3333333333333333,,34279.52163200946,95934.88431400644,94.69822057562197,551571.3701879423,25824.055418620563,182.1099688197273
C[C@H](Cl)/C=C\C(F)F,4.233732939695816,3.4526410999999992,3.639365600000001,222.2353968,0.6091898310166205,False,18819.831706774203,7518.07436859629,1.1582567644343926,0.6919235866670371,0.3463470512958721,49901.32006805442,2.4720203705947092,20186.45180340862,0.965658194018006,0.3333333333333333,,34279.52163200946,95934.88431400644,94.69822057562197,551571.3701879423,25824.055418620563,182.1099688197273
C[C@@H](Cl)/C=C\C(F)F,4.233732939695816,3.4526410999999992,3.639365600000001,222.2353968,0.6091898310166205,False,18819.831706774203,7518.07436859629,1.1582567644343926,0.6919235866670371,0.3463470512958721,49901.32006805442,2.4720203705947092,20186.45180340862,0.965658194018006,0.3333333333333333,,34279.52163200946,95934.88431400644,94.69822057562197,551571.3701879423,25824.055418620563,182.1099688197273
C=CC(F)(F)CCCl,3.766923714930304,3.459086899999999,3.5152285000000005,222.8684757999999,0.6107563748230836,False,19863.898584057475,8339.383206654767,1.2225133179454402,0.7675124847184491,0.3218114687590824,51589.33781361289,2.555641690576928,20186.45180340862,0.998323625822682,0.3684210526315789,,35440.58263447992,97589.31014882754,93.43573269743477,510752.98329996207,26472.627741364766,180.28937772340987
F/C=C1\CC(F)(F)C1(F)F,4.349047828213975,3.5511193000000003,3.4949836,231.15808849999996,0.6117656903180229,False,10105.78185359435,8414.128472738585,0.6219550936585018,0.7743916415423198,0.4402466156788956,33339.73274569797,1.6515895448286917,20186.45180340862,0.6451690269585468,0.15789473684210525,,27246.716069272134,47013.60931087851,53.236753651203244,123556.7406516113,23178.18723149613,136.81616894933038
F/C=C1/CC(F)(F)C1(F)F,4.349047828213975,3.5511193000000003,3.4949836,231.15808849999996,0.6117656903180229,False,10105.78185359435,8414.128472738585,0.6219550936585018,0.7743916415423198,0.4402466156788956,33339.73274569797,1.6515895448286917,20186.45180340862,0.6451690269585468,0.15789473684210525,,27246.716069272134,47013.60931087851,53.236753651203244,123556.7406516113,23178.18723149613,136.81616894933038
CC(CCCl)=C(F)F,3.381239099545688,3.4672555999999988,3.6104512000000017,222.5668464,0.6128691436102021,False,18293.96012900491,7676.792787393286,1.1258922714003865,0.7065311859298046,0.3193318161882957,48491.736093577834,2.402192151737616,20186.45180340862,0.938380833153535,0.3333333333333333,,33778.766533664086,90762.41230039879,91.50972602027319,483293.7416454874,25676.486761725075,179.82083404596932
C=C[C@](F)(Cl)C(C)(F)F,4.121920089133925,3.5010924000000005,3.6593862,225.33221419999995,0.6129348713889567,False,13893.49197872352,7347.905394202707,0.8550677453815431,0.676262139156796,0.3546992542593273,39612.12045134362,1.9623121902312144,20186.45180340862,0.7665482324736339,0.4117647058823529,,29836.714131316956,65172.08963231126,74.38337101665854,261451.1302347011,24081.730392461664,166.26415560077115
C=C[C@@](F)(Cl)C(C)(F)F,4.121920089133925,3.5010924000000005,3.6593862,225.33221419999995,0.6129348713889567,False,13893.49197872352,7347.905394202707,0.8550677453815431,0.676262139156796,0.3546992542593273,39612.12045134362,1.9623121902312144,20186.45180340862,0.7665482324736339,0.4117647058823529,,29836.714131316956,65172.08963231126,74.38337101665854,261451.1302347011,24081.730392461664,166.26415560077115
C=CCC(F)(F)CCl,3.660031407237996,3.4686033999999983,3.5376407000000007,222.7756067999999,0.613676066469259,False,19161.730285752463,8161.032313697543,1.1792987348421051,0.7510980169318964,0.3067576135831256,50062.880499280865,2.4800237796534113,20186.45180340862,0.9687846073880356,0.42105263157894735,,34694.146128378685,93657.97570545602,91.87823112641986,482177.4820798373,26144.17845952334,179.42705929014886
C/C(Cl)=C\CC(F)F,3.4668221764687654,3.495514700000001,3.614242900000001,224.38226020000005,0.6150535646494012,False,15418.813156739468,7624.260395784937,0.9489428447925584,0.7016963839531606,0.302641504827902,42430.973110686464,2.1019530090732292,20186.45180340862,0.8210968529211811,0.45454545454545453,,31179.241808519622,72534.6265691803,79.74899674950841,313027.7568838372,24661.1098464497,170.78836494050412
C/C(Cl)=C/CC(F)F,3.4668221764687654,3.495514700000001,3.614242900000001,224.38226020000005,0.6150535646494012,False,15418.813156739468,7624.260395784937,0.9489428447925584,0.7016963839531606,0.302641504827902,42430.973110686464,2.1019530090732292,20186.45180340862,0.8210968529211811,0.45454545454545453,,31179.241808519622,72534.6265691803,79.74899674950841,313027.7568838372,24661.1098464497,170.78836494050412
FC/C(F)=C(\F)CCl,4.204669868776457,3.5080476999999997,3.374288600000001,226.4897709999999,0.617524107468033,False,16320.205057431593,9375.21183052032,1.004418540996963,0.8628446431220981,0.1372265113775267,44026.79930924863,2.181007327984921,20186.45180340862,0.8519782533083561,0.2631578947368421,,32587.10475237615,72505.0058310232,75.96745532476268,264121.5984538523,25541.47727033481,164.72939851725522
FC/C(F)=C(/F)CCl,4.204669868776457,3.5080476999999997,3.374288600000001,226.4897709999999,0.617524107468033,False,16320.205057431593,9375.21183052032,1.004418540996963,0.8628446431220981,0.1372265113775267,44026.79930924863,2.181007327984921,20186.45180340862,0.8519782533083561,0.2631578947368421,,32587.10475237615,72505.0058310232,75.96745532476268,264121.5984538523,25541.47727033481,164.72939851725522
CCC(F)(F)/C=C/Cl,3.912135253391842,3.5323461999999983,3.532790400000001,227.38059539999995,0.617627770815439,False,12750.246316884975,8132.632691623954,0.7847072851039875,0.7484842667344751,0.3310756970352708,37465.71732294807,1.85598329452934,20186.45180340862,0.7250124220827595,0.45,,29132.29219470438,57700.298685066875,65.80019368515187,188993.87814368366,23928.544135029155,155.04739448491338
CCC(F)(F)/C=C\Cl,3.912135253391842,3.5323461999999983,3.532790400000001,227.38059539999995,0.617627770815439,False,12750.246316884975,8132.632691623954,0.7847072851039875,0.7484842667344751,0.3310756970352708,37465.71732294807,1.85598329452934,20186.45180340862,0.7250124220827595,0.45,,29132.29219470438,57700.298685066875,65.80019368515187,188993.87814368366,23928.544135029155,155.04739448491338
C=CC[C@H](Cl)C(F)F,4.1810690935419705,3.4713680999999985,3.5959054000000004,221.4831484999999,0.6186008617022236,False,19483.856430376534,7746.646522940749,1.1991238210503792,0.7129601522943811,0.3493453452968398,51108.07040128587,2.5318005808557165,20186.45180340862,0.9890104489449234,0.36363636363636365,,34867.795569010304,99077.0111577561,95.87413974134284,566488.9362302007,26112.873060266487,182.37408482331034
C=CC[C@@H](Cl)C(F)F,4.1810690935419705,3.4713680999999985,3.5959054000000004,221.4831484999999,0.6186008617022236,False,19483.856430376534,7746.646522940749,1.1991238210503792,0.7129601522943811,0.3493453452968398,51108.07040128587,2.5318005808557165,20186.45180340862,0.9890104489449234,0.36363636363636365,,34867.795569010304,99077.0111577561,95.87413974134284,566488.9362302007,26112.873060266487,182.37408482331034
FCC(CCl)=C(F)F,4.153169099545689,3.4646205999999995,3.2640451000000006,223.75878079999995,0.6186527244996746,False,23307.116303746287,10419.262730511817,1.4344243635587972,0.9589335360974868,0.4363610685096946,58975.61976245006,2.92154462491975,20186.45180340862,1.141258195038377,0.2777777777777778,,39659.16978980153,112020.18118346362,95.41313425901507,535308.9238565507,28618.28205658077,179.70072608201906
CC/C(Cl)=C/C(F)F,3.8121590995456898,3.4727682,3.607937100000002,221.26706820000007,0.619740217844421,False,19460.43181833757,7663.608821393037,1.197682165472842,0.7053178038063856,0.3548462135905128,51135.785150855736,2.5331735189946114,20186.45180340862,0.9895467669216984,0.2727272727272727,,34824.30356616013,99629.83240971476,96.39797001883628,579277.4869192615,26075.83851941659,182.7698387545684
CC/C(Cl)=C\C(F)F,3.8121590995456898,3.4727682,3.607937100000002,221.26706820000007,0.619740217844421,False,19460.43181833757,7663.608821393037,1.197682165472842,0.7053178038063856,0.3548462135905128,51135.785150855736,2.5331735189946114,20186.45180340862,0.9895467669216984,0.2727272727272727,,34824.30356616013,99629.83240971476,96.39797001883628,579277.4869192615,26075.83851941659,182.7698387545684
C/C(=C\Cl)CC(F)F,3.813509099545688,3.5265114000000004,3.5604709,225.64178009999995,0.6214248130583322,False,13955.070807632455,7931.705753041641,0.8588575824130852,0.7299920197592887,0.3046727612307135,39545.497448755064,1.959011808210769,20186.45180340862,0.7652589870534331,0.2857142857142857,,30008.00564333353,63697.36274484162,71.90486026787643,233789.8240844663,24254.938682416283,162.40196712796194
C/C(=C/Cl)CC(F)F,3.813509099545688,3.5265114000000004,3.5604709,225.64178009999995,0.6214248130583322,False,13955.070807632455,7931.705753041641,0.8588575824130852,0.7299920197592887,0.3046727612307135,39545.497448755064,1.959011808210769,20186.45180340862,0.7652589870534331,0.2857142857142857,,30008.00564333353,63697.36274484162,71.90486026787643,233789.8240844663,24254.938682416283,162.40196712796194
F/C(=C\Cl)CC(F)F,4.187569868776458,3.4718690000000016,3.325847900000002,222.7896398999999,0.6216276380660133,False,22868.4299401714,9813.778760887715,1.4074256392347722,0.9032080112634032,0.4187652571422899,57813.098966876925,2.863955465274724,20186.45180340862,1.118761841626673,0.3684210526315789,,38820.621848951356,111038.098458843,96.38074642778798,554260.1238785676,28152.465139850647,180.66493364279918
F/C(=C/Cl)CC(F)F,4.187569868776458,3.4718690000000016,3.325847900000002,222.7896398999999,0.6216276380660133,False,22868.4299401714,9813.778760887715,1.4074256392347722,0.9032080112634032,0.4187652571422899,57813.098966876925,2.863955465274724,20186.45180340862,1.118761841626673,0.3684210526315789,,38820.621848951356,111038.098458843,96.38074642778798,554260.1238785676,28152.465139850647,180.66493364279918
FC1(F)CC=CCC1(F)F,3.916609011645928,3.587781100000001,3.628390699999999,231.3053969,0.621710008016982,False,8179.888641552333,7453.902659074641,0.5034269965330098,0.6860175637630544,0.5875114620477757,30251.23283480112,1.4985908930113705,20186.45180340862,0.5854023666354523,0.23076923076923078,,25506.301063401974,40849.89907816776,46.24616232403452,99207.32699588775,22358.196165167505,126.4324437265115
FC(F)CC/C=C/Cl,3.5678555830621725,3.5585777000000007,3.526068200000001,228.36929030000007,0.6231932479653836,False,11369.303069328069,8140.250641570525,0.6997178504106341,0.7491853823382392,0.391250995902663,35165.44329511339,1.7420319151469434,20186.45180340862,0.6804990011865584,0.3333333333333333,,28041.265651314272,51900.8217862754,59.6921018695894,153046.10177979575,23482.825871235433,146.78985210252424
FC(F)CC/C=C\Cl,3.5678555830621725,3.5585777000000007,3.526068200000001,228.36929030000007,0.6231932479653836,False,11369.303069328069,8140.250641570525,0.6997178504106341,0.7491853823382392,0.391250995902663,35165.44329511339,1.7420319151469434,20186.45180340862,0.6804990011865584,0.3333333333333333,,28041.265651314272,51900.8217862754,59.6921018695894,153046.10177979575,23482.825871235433,146.78985210252424
CC(F)(F)C/C=C/Cl,3.691476022622611,3.5429701,3.5687195,226.2202556999999,0.624703233717106,False,12892.355531046478,7852.879883655278,0.7934533228558429,0.7227373059065254,0.3457399765362177,37656.65305361645,1.8654419023385709,20186.45180340862,0.728707287320779,0.38095238095238093,,29114.26014741883,58824.52633232609,67.5703347162983,201149.9195052722,23883.33002877875,157.54702013461375
CC(F)(F)C/C=C\Cl,3.691476022622611,3.5429701,3.5687195,226.2202556999999,0.624703233717106,False,12892.355531046478,7852.879883655278,0.7934533228558429,0.7227373059065254,0.3457399765362177,37656.65305361645,1.8654419023385709,20186.45180340862,0.728707287320779,0.38095238095238093,,29114.26014741883,58824.52633232609,67.5703347162983,201149.9195052722,23883.33002877875,157.54702013461375
F/C=C(\Cl)CC(F)F,4.199809868776458,3.4845407999999995,3.3943666000000023,221.93751049999992,0.6261306608076884,False,21909.587029524453,9187.731944018584,1.3484141504717229,0.8455899913141736,0.3810969312803362,55590.6217742941,2.7538579992005947,20186.45180340862,1.0757538949609564,0.25,,37516.65864762487,106981.95664824091,96.14666252459723,549328.9583233366,27497.72949698948,180.93172172674875
F/C=C(/Cl)CC(F)F,4.199809868776458,3.4845407999999995,3.3943666000000023,221.93751049999992,0.6261306608076884,False,21909.587029524453,9187.731944018584,1.3484141504717229,0.8455899913141736,0.3810969312803362,55590.6217742941,2.7538579992005947,20186.45180340862,1.0757538949609564,0.25,,37516.65864762487,106981.95664824091,96.14666252459723,549328.9583233366,27497.72949698948,180.93172172674875
C=C(CCCl)C(F)F,3.656632176468766,3.496278,3.577363900000001,221.57585579999989,0.6265069953149752,False,18590.447566032573,7820.535808119192,1.1441394366703868,0.7197605291874974,0.3151354283556958,48880.91061155776,2.4214711474605894,20186.45180340862,0.9459118876762972,0.2857142857142857,,33967.5986360494,91783.9000887932,91.95326026173556,482456.8363895505,25793.70197297994,179.7000101122714
C=C(Cl)CCC(F)F,3.5557214072379963,3.538937,3.5866678000000003,224.7605735,0.6283800603130175,False,13943.18106586654,7723.294425740568,0.85812583443349,0.7108109494455188,0.3221157956632921,39510.41503584711,1.9572738894695456,20186.45180340862,0.7645800948028014,0.35,,29897.984748098872,64197.63539230661,72.90381973789482,242224.46944444237,24179.709710045765,163.69469910451528
C=C[C@H](Cl)CC(F)F,4.21508909354197,3.5142924,3.5940688000000005,222.29386429999988,0.6293569584140628,False,16889.619012042567,7687.959619082071,1.0394628269909818,0.7075589217375383,0.2950916789227229,45270.95524901685,2.242640543761759,20186.45180340862,0.8760543574321522,0.2857142857142857,,32380.817381066343,81126.98120087844,85.89042238295325,385676.9526174099,25152.162673639974,175.5108275071293
C=C[C@@H](Cl)CC(F)F,4.21508909354197,3.5142924,3.5940688000000005,222.29386429999988,0.6293569584140628,False,16889.619012042567,7687.959619082071,1.0394628269909818,0.7075589217375383,0.2950916789227229,45270.95524901685,2.242640543761759,20186.45180340862,0.8760543574321522,0.2857142857142857,,32380.817381066343,81126.98120087844,85.89042238295325,385676.9526174099,25152.162673639974,175.5108275071293
C/C(=C\C(F)F)CCl,3.675352176468765,3.486065299999999,3.5662467,220.0098612,0.6295164901906236,False,20966.639608781545,7890.495689970789,1.2903809413762182,0.7261992646934615,0.3991089246921694,54371.49488220092,2.693464676789802,20186.45180340862,1.052162136841292,0.28,,36220.15974511832,109639.85992130933,100.67145245708464,672037.6423747223,26672.223750189944,184.73058701854848
C/C(=C/C(F)F)CCl,3.675352176468765,3.486065299999999,3.5662467,220.0098612,0.6295164901906236,False,20966.639608781545,7890.495689970789,1.2903809413762182,0.7261992646934615,0.3991089246921694,54371.49488220092,2.693464676789802,20186.45180340862,1.052162136841292,0.28,,36220.15974511832,109639.85992130933,100.67145245708464,672037.6423747223,26672.223750189944,184.73058701854848
C=C(F)[C@](C)(Cl)C(F)(F)F,4.053075447628316,3.4852163000000007,3.649850100000001,219.6762956,0.6295647050436151,False,19963.9313903916,7357.445491702199,1.2286697850386157,0.6771401590000921,0.3956366357152641,52711.79650025473,2.611246246423256,20186.45180340862,1.020044723114781,0.42105263157894735,,35214.52484751459,107088.4518692512,101.01535284787701,696981.9265582619,26146.797425369106,185.53685032378218
C=C(F)[C@@](C)(Cl)C(F)(F)F,4.053075447628316,3.4852163000000007,3.649850100000001,219.6762956,0.6295647050436151,False,19963.9313903916,7357.445491702199,1.2286697850386157,0.6771401590000921,0.3956366357152641,52711.79650025473,2.611246246423256,20186.45180340862,1.020044723114781,0.42105263157894735,,35214.52484751459,107088.4518692512,101.01535284787701,696981.9265582619,26146.797425369106,185.53685032378218
CC(=C(F)F)[C@H](C)Cl,4.016152291922537,3.491582499999999,3.629401,219.8537844,0.6310611654749944,False,19815.161619980303,7473.2673221485165,1.219513826812899,0.6877997843785678,0.3816481295593001,52129.721152955,2.5824112954884195,20186.45180340862,1.0087807760310303,0.375,,35055.13009878177,104439.35102978146,99.47952115331739,651066.003262644,26121.06490062989,184.57084245777006
CC(=C(F)F)[C@@H](C)Cl,4.016152291922537,3.491582499999999,3.629401,219.8537844,0.6310611654749944,False,19815.161619980303,7473.2673221485165,1.219513826812899,0.6877997843785678,0.3816481295593001,52129.721152955,2.5824112954884195,20186.45180340862,1.0087807760310303,0.375,,35055.13009878177,104439.35102978146,99.47952115331739,651066.003262644,26121.06490062989,184.57084245777006
C=CCCC(F)(F)Cl,3.285015253391842,3.5014306,3.6503260000000006,219.68199169999997,0.6347088470928828,False,19229.949685186355,7325.217909301762,1.1834972623364568,0.6741741036898036,0.3739435251362394,50900.384356408606,2.52151219303502,20186.45180340862,0.984991442418735,0.3888888888888889,,34459.137227180276,101206.99864345453,98.40018069051813,626058.7556661031,25860.53616976432,184.13267624160125
FCC/C(F)=C(/F)Cl,4.084346791853379,3.612764199999999,3.4084075000000023,230.7286022,0.6372695666874121,False,9602.584697059188,8929.044691431944,0.5909860860987152,0.8217817921850913,0.4461548064983786,32626.04487536844,1.616234749578889,20186.45180340862,0.6313581991284396,0.35294117647058826,,26962.751522534225,45018.1168247898,50.16712278361062,109492.26614800302,23117.889899470032,130.26811644443262
FCC/C(F)=C(\F)Cl,4.084346791853379,3.612764199999999,3.4084075000000023,230.7286022,0.6372695666874121,False,9602.584697059188,8929.044691431944,0.5909860860987152,0.8217817921850913,0.4461548064983786,32626.04487536844,1.616234749578889,20186.45180340862,0.6313581991284396,0.35294117647058826,,26962.751522534225,45018.1168247898,50.16712278361062,109492.26614800302,23117.889899470032,130.26811644443262
C=C(Cl)[C@](C)(F)C(F)(F)F,3.821447353982831,3.489944900000001,3.624345900000001,218.1446896,0.6373586376569046,False,21966.027899743774,7482.821712156097,1.3518877745051707,0.6886791196283061,0.4698358185596415,57594.295453663566,2.85311633835216,20186.45180340862,1.114527697016345,0.5,,37148.51341149081,124136.24440697864,107.86850806248533,907181.5727351793,26905.445229032488,188.47839881655932
C=C(Cl)[C@@](C)(F)C(F)(F)F,3.821447353982831,3.489944900000001,3.624345900000001,218.1446896,0.6373586376569046,False,21966.027899743774,7482.821712156097,1.3518877745051707,0.6886791196283061,0.4698358185596415,57594.295453663566,2.85311633835216,20186.45180340862,1.114527697016345,0.5,,37148.51341149081,124136.24440697864,107.86850806248533,907181.5727351793,26905.445229032488,188.47839881655932
FC1=C(F)C(F)(F)C1(F)F,3.6451274712200945,3.5040270000000016,3.363557200000001,220.90658319999991,0.6374849328494172,False,22813.340554115337,9378.87670062114,1.4040351915919804,0.8631819382778124,0.4265719377293643,57344.40725711519,2.8407373329191112,20186.45180340862,1.109692021642302,0.2727272727272727,,38300.196793211995,112094.47289344082,98.1341642678948,584581.9582326696,27863.015673129124,181.8021099950019
C=C(F)[C@](F)(Cl)C(C)(F)F,4.082176450972797,3.5175336000000015,3.630455399999999,220.17240569999996,0.6381331980785775,False,18334.08598693743,7423.598463807777,1.1283617964792074,0.6832285267767095,0.3417907503772202,48609.23393468281,2.4080127804567817,20186.45180340862,0.9406545756695188,0.42105263157894735,,33589.00748326107,93099.22118678376,93.94750298153589,522660.0705155263,25561.05740777424,181.34981954847214
C=C(F)[C@@](F)(Cl)C(C)(F)F,4.082176450972797,3.5175336000000015,3.630455399999999,220.17240569999996,0.6381331980785775,False,18334.08598693743,7423.598463807777,1.1283617964792074,0.6832285267767095,0.3417907503772202,48609.23393468281,2.4080127804567817,20186.45180340862,0.9406545756695188,0.42105263157894735,,33589.00748326107,93099.22118678376,93.94750298153589,522660.0705155263,25561.05740777424,181.34981954847214
C=C(CCl)CC(F)F,3.786924484161073,3.5300744,3.525770300000002,221.4656345999999,0.6388313673773213,False,18080.112071728396,8099.380592913383,1.1127311038213732,0.7454239203909845,0.2784192559394573,47399.84346439171,2.3481017826217445,20186.45180340862,0.9172512305112908,0.35,,33450.97187259531,86371.05503892842,88.33114333044817,412915.2775558992,25665.890829155756,176.59188977614997
CC/C=C(\Cl)C(F)F,3.7384075610841494,3.629188199999999,3.517439800000002,229.8227894,0.6429339363270357,False,8858.03775118423,8079.675672006068,0.5451633311487746,0.7436103842538413,0.5221226200751528,31284.073023237663,1.54975591193075,20186.45180340862,0.605389224492412,0.36363636363636365,,26114.16513218308,42779.05453861163,48.378895589613876,104092.63309226916,22677.46117791226,128.44539145145558
CC/C=C(/Cl)C(F)F,3.7384075610841494,3.629188199999999,3.517439800000002,229.8227894,0.6429339363270357,False,8858.03775118423,8079.675672006068,0.5451633311487746,0.7436103842538413,0.5221226200751528,31284.073023237663,1.54975591193075,20186.45180340862,0.605389224492412,0.36363636363636365,,26114.16513218308,42779.05453861163,48.378895589613876,104092.63309226916,22677.46117791226,128.44539145145558
FC(F)=C1C(F)(F)C1(F)F,4.114721540588556,3.555608900000001,3.365757600000001,223.7740209,0.6434506910170738,False,17171.649673735894,9291.362577153704,1.056820257534137,0.8551276037202099,0.1556166857059172,45215.373808312215,2.239887140576002,20186.45180340862,0.8749787812033358,0.21428571428571427,,33013.37020653617,76448.15470597768,79.36082479054878,291486.18072062405,25722.48213921911,167.56396006677224
C/C=C/CC(F)(F)Cl,3.576822945699534,3.5406439999999986,3.6594212000000006,220.6568723999999,0.6435541121119567,False,16525.424358744865,7214.284917207663,1.0170486562733414,0.66396442099631,0.3364677800875913,44804.792857290326,2.2195477092078524,20186.45180340862,0.8670334831807328,0.35,,31901.374686507825,81872.11997352117,87.84250749497124,417338.2047929168,24871.678825503754,177.5023763630165
C/C=C\CC(F)(F)Cl,3.576822945699534,3.5406439999999986,3.6594212000000006,220.6568723999999,0.6435541121119567,False,16525.424358744865,7214.284917207663,1.0170486562733414,0.66396442099631,0.3364677800875913,44804.792857290326,2.2195477092078524,20186.45180340862,0.8670334831807328,0.35,,31901.374686507825,81872.11997352117,87.84250749497124,417338.2047929168,24871.678825503754,177.5023763630165
FC(F)C/C=C/CCl,3.606275363281953,3.555106300000001,3.4969724000000015,221.6918143000001,0.6468224226323689,False,17271.323887357987,8253.80345853082,1.0629546552251596,0.7596361797811996,0.24847143635576,45539.638340916674,2.255950614026532,20186.45180340862,0.8812537395112899,0.5,,32705.852292858028,80407.8044885647,84.34340035153211,353007.74225135305,25409.395930042236,173.1413898935389
FC(F)C/C=C\CCl,3.606275363281953,3.555106300000001,3.4969724000000015,221.6918143000001,0.6468224226323689,False,17271.323887357987,8253.80345853082,1.0629546552251596,0.7596361797811996,0.24847143635576,45539.638340916674,2.255950614026532,20186.45180340862,0.8812537395112899,0.5,,32705.852292858028,80407.8044885647,84.34340035153211,353007.74225135305,25409.395930042236,173.1413898935389
C/C=C(\CCl)C(F)F,3.916538330314919,3.579812999999999,3.5306944,223.6068802,0.64723247109119,False,14195.497305622095,7999.214405629343,0.8736545063167953,0.7362051571584952,0.2924908594876546,39769.23160327096,1.9700951901094204,20186.45180340862,0.7695885462573843,0.3333333333333333,,30068.870333914918,64567.343293004844,72.90755121520765,237082.14628903684,24304.474156711487,162.80685810885876
C/C=C(/CCl)C(F)F,3.916538330314919,3.579812999999999,3.5306944,223.6068802,0.64723247109119,False,14195.497305622095,7999.214405629343,0.8736545063167953,0.7362051571584952,0.2924908594876546,39769.23160327096,1.9700951901094204,20186.45180340862,0.7695885462573843,0.3333333333333333,,30068.870333914918,64567.343293004844,72.90755121520765,237082.14628903684,24304.474156711487,162.80685810885876
CC(F)(F)/C=C/CCl,3.678349868776457,3.547144399999998,3.5550988,220.5091053999999,0.6474585535629187,False,17907.96818403243,7853.511754897077,1.102136597691538,0.7227954599755732,0.2954221413471867,47109.41922418431,2.3337146955280947,20186.45180340862,0.9116311277381524,0.3888888888888889,,33174.009315546624,86659.03761307438,89.26590730749976,427175.8325028513,25509.950188690498,177.45902242653565
CC(F)(F)/C=C\CCl,3.678349868776457,3.547144399999998,3.5550988,220.5091053999999,0.6474585535629187,False,17907.96818403243,7853.511754897077,1.102136597691538,0.7227954599755732,0.2954221413471867,47109.41922418431,2.3337146955280947,20186.45180340862,0.9116311277381524,0.3888888888888889,,33174.009315546624,86659.03761307438,89.26590730749976,427175.8325028513,25509.950188690498,177.45902242653565
C/C(F)=C(/C)C(F)(F)Cl,3.661368666566215,3.626514499999999,3.6605866,226.52513859999996,0.651153982257376,False,9620.30756323184,7133.1456854023245,0.5920768306892872,0.656496797568073,0.5332876917213503,32268.913966241045,1.598543135787351,20186.45180340862,0.6244472318781615,0.35294117647058826,,26359.016029269605,46354.90723123098,54.99879611866157,132055.517295667,22680.138778967612,141.3706204392137
C/C(F)=C(\C)C(F)(F)Cl,3.661368666566215,3.626514499999999,3.6605866,226.52513859999996,0.651153982257376,False,9620.30756323184,7133.1456854023245,0.5920768306892872,0.656496797568073,0.5332876917213503,32268.913966241045,1.598543135787351,20186.45180340862,0.6244472318781615,0.35294117647058826,,26359.016029269605,46354.90723123098,54.99879611866157,132055.517295667,22680.138778967612,141.3706204392137
C=C[C@](C)(Cl)C(F)(F)F,3.992755253969091,3.513502099999999,3.658361100000001,215.97597819999987,0.6531786838700736,False,22868.06338724193,7202.995897998994,1.407403079925173,0.6629254396989923,0.5287688802630451,60701.66618979614,3.0070498164291677,20186.45180340862,1.1746595333907324,0.4117647058823529,,37995.96497907376,139353.6744056719,114.30269582529097,1187895.5139728908,27136.32437192972,191.06646475736923
C=C[C@@](C)(Cl)C(F)(F)F,3.992755253969091,3.513502099999999,3.658361100000001,215.97597819999987,0.6531786838700736,False,22868.06338724193,7202.995897998994,1.407403079925173,0.6629254396989923,0.5287688802630451,60701.66618979614,3.0070498164291677,20186.45180340862,1.1746595333907324,0.4117647058823529,,37995.96497907376,139353.6744056719,114.30269582529097,1187895.5139728908,27136.32437192972,191.06646475736923
FC1(F)C=CC(F)(F)C1(F)F,4.21271892976603,3.559440800000001,3.5208886,220.0861389,0.6537348738341355,False,18363.724336198466,8054.016082979814,1.1301858732856918,0.7412488121276583,0.289655897279006,47839.78180843006,2.369895525688768,20186.45180340862,0.9257646338882748,0.36363636363636365,,33559.274399425165,88323.05202147116,89.86336121109176,431448.4316644977,25709.769202824664,177.50470698847968
C=C(F)C(F)(F)[C@](C)(F)Cl,4.0343530396015606,3.5148159000000008,3.681164699999999,215.4997760999999,0.6553987215723276,False,22981.85304601283,7060.923514118639,1.4144062053541129,0.6498498529727619,0.5425289195049343,61519.69079989495,3.0475732634452837,20186.45180340862,1.190489418583609,0.42105263157894735,,38155.50119670259,144229.58015653747,116.31881091676851,1306293.9849256482,27145.0236531708,191.8571382782323
C=C(F)C(F)(F)[C@@](C)(F)Cl,4.0343530396015606,3.5148159000000008,3.681164699999999,215.4997760999999,0.6553987215723276,False,22981.85304601283,7060.923514118639,1.4144062053541129,0.6498498529727619,0.5425289195049343,61519.69079989495,3.0475732634452837,20186.45180340862,1.190489418583609,0.42105263157894735,,38155.50119670259,144229.58015653747,116.31881091676851,1306293.9849256482,27145.0236531708,191.8571382782323
C=CC(F)(F)[C@](C)(F)Cl,4.042739869353706,3.5425984999999995,3.636273700000001,217.35396609999995,0.6571038491845466,False,20213.45260754481,7303.024129818169,1.2440264387080306,0.6721315062440893,0.4087134105779915,53134.547984234225,2.632188583793715,20186.45180340862,1.0282255374495786,0.4117647058823529,,35222.37925757446,110078.73380160713,103.03617497209872,735262.19084343,26157.57117288746,186.25852783036808
C=CC(F)(F)[C@@](C)(F)Cl,4.042739869353706,3.5425984999999995,3.636273700000001,217.35396609999995,0.6571038491845466,False,20213.45260754481,7303.024129818169,1.2440264387080306,0.6721315062440893,0.4087134105779915,53134.547984234225,2.632188583793715,20186.45180340862,1.0282255374495786,0.4117647058823529,,35222.37925757446,110078.73380160713,103.03617497209872,735262.19084343,26157.57117288746,186.25852783036808
FC(F)=C1CC(F)(F)C1(F)F,4.219261874758769,3.631743399999999,3.5896738000000004,225.4678587,0.6572897796287162,False,10725.60755610145,7540.900037896236,0.6601019444850548,0.6940243398913023,0.4573311630774728,33942.29323510973,1.6814392923365733,20186.45180340862,0.6568293893136594,0.15789473684210525,,27239.35365154681,50060.355162918204,59.04550446922491,148821.58719317248,23090.526048185857,146.27364968571445
FC1=C(F)C(F)(F)CC1(F)F,3.929431105527998,3.635102699999999,3.5695183,224.9066618,0.6606867611413139,False,11186.92583366631,7655.631607968635,0.6884935381970427,0.7045836235025467,0.4293100409353156,34649.11409650702,1.716453908490064,20186.45180340862,0.670507331211395,0.21428571428571427,,27594.242949083167,51729.78004545562,60.85303338191536,157294.22248194987,23251.866943934994,148.48547090026005
CC/C=C/C(F)(F)Cl,3.590101407237997,3.6096369,3.638591300000001,221.68107459999993,0.6627182502480665,False,13535.717292809866,7230.484284290074,0.8330486882210202,0.6654553246005918,0.3738888609504401,38752.70280092286,1.919738207503074,20186.45180340862,0.7499173358344128,0.47619047619047616,,29291.834840835618,63860.17906321908,74.21920959859952,251557.11643625112,23871.32987094866,165.33207779951135
CC/C=C\C(F)(F)Cl,3.590101407237997,3.6096369,3.638591300000001,221.68107459999993,0.6627182502480665,False,13535.717292809866,7230.484284290074,0.8330486882210202,0.6654553246005918,0.3738888609504401,38752.70280092286,1.919738207503074,20186.45180340862,0.7499173358344128,0.47619047619047616,,29291.834840835618,63860.17906321908,74.21920959859952,251557.11643625112,23871.32987094866,165.33207779951135
CC(C)(F)C(Cl)=C(F)F,3.6022983368958865,3.618675599999999,3.6791658000000007,221.30204559999996,0.666900204021981,False,13110.278854222144,6973.8130553168585,0.8068653005572898,0.6418326695644534,0.4069211824421924,38108.40499379408,1.8878208694090168,20186.45180340862,0.7374492997986278,0.3684210526315789,,28902.09212809183,62752.26872881018,73.86484676614111,250536.83512019765,23674.77156264222,165.46496065715402
CC(C)(F)/C(F)=C(/F)Cl,3.702900534698084,3.637115399999999,3.6415684000000006,222.8357981999999,0.6678245130867005,False,11846.899390180812,7180.202252273793,0.7291112678394176,0.6608276337542577,0.4340721129447314,35782.5108426637,1.7726003158525154,20186.45180340862,0.6924400947837199,0.35294117647058826,,27951.70572309803,55699.80097477511,66.34212902320044,191413.23143620964,23332.878994802046,156.53866987770593
CC(C)(F)/C(F)=C(\F)Cl,3.702900534698084,3.637115399999999,3.6415684000000006,222.8357981999999,0.6678245130867005,False,11846.899390180812,7180.202252273793,0.7291112678394176,0.6608276337542577,0.4340721129447314,35782.5108426637,1.7726003158525154,20186.45180340862,0.6924400947837199,0.35294117647058826,,27951.70572309803,55699.80097477511,66.34212902320044,191413.23143620964,23332.878994802046,156.53866987770593
FCC(F)(F)/C=C/Cl,4.235816791853382,3.563590900000001,3.315417400000001,218.3753739999999,0.6681738836399979,False,24018.123113552727,9605.075394720989,1.4781829082603843,0.8840000632453884,0.4920517036648009,59159.771471948465,2.9306671646950324,20186.45180340862,1.1448217802697307,0.47368421052631576,,39025.53525434854,118116.8462658194,100.6619732326255,621914.8941819256,28238.310953644264,182.62667277153176
FCC(F)(F)/C=C\Cl,4.235816791853382,3.563590900000001,3.315417400000001,218.3753739999999,0.6681738836399979,False,24018.123113552727,9605.075394720989,1.4781829082603843,0.8840000632453884,0.4920517036648009,59159.771471948465,2.9306671646950324,20186.45180340862,1.1448217802697307,0.47368421052631576,,39025.53525434854,118116.8462658194,100.6619732326255,621914.8941819256,28238.310953644264,182.62667277153176
C=C(C)[C@](F)(Cl)C(F)F,4.193128880342718,3.6076322,3.694875099999999,218.46996929999997,0.6736615526099449,False,15637.12406752833,6867.061044784587,0.9623786763722858,0.6320077821810637,0.369910308543572,43154.63971818371,2.1378021327599908,20186.45180340862,0.8351007828435538,0.3333333333333333,,30952.334706411526,78786.67193685433,87.1783674622467,403890.5835046975,24449.08167504943,177.1685102617898
C=C(C)[C@@](F)(Cl)C(F)F,4.193128880342718,3.6076322,3.694875099999999,218.46996929999997,0.6736615526099449,False,15637.12406752833,6867.061044784587,0.9623786763722858,0.6320077821810637,0.369910308543572,43154.63971818371,2.1378021327599908,20186.45180340862,0.8351007828435538,0.3333333333333333,,30952.334706411526,78786.67193685433,87.1783674622467,403890.5835046975,24449.08167504943,177.1685102617898
C/C(=C(\F)Cl)C(C)(F)F,3.605720314917864,3.6713665999999994,3.6060036999999983,223.59286079999987,0.6772340590218853,False,10775.639088352127,7344.246336787894,0.6631811091432334,0.6759253789697921,0.4674091625480349,33956.66252035348,1.6821511205163684,20186.45180340862,0.6571074544634167,0.3333333333333333,,27156.52154355265,50614.18225686856,60.32518562134669,154439.60023010356,23038.872970363056,148.07511569171535
C/C(=C(/F)Cl)C(C)(F)F,3.605720314917864,3.6713665999999994,3.6060036999999983,223.59286079999987,0.6772340590218853,False,10775.639088352127,7344.246336787894,0.6631811091432334,0.6759253789697921,0.4674091625480349,33956.66252035348,1.6821511205163684,20186.45180340862,0.6571074544634167,0.3333333333333333,,27156.52154355265,50614.18225686856,60.32518562134669,154439.60023010356,23038.872970363056,148.07511569171535
FC1=C(F)C(F)(F)C(F)(F)C1,4.0027336696305635,3.702651299999999,3.5589754000000005,226.4097351,0.6792426242694819,False,8795.62452135411,7619.744216820237,0.5413221413460562,0.7012807388565467,0.5473742549640583,30984.5906860206,1.5349201032342217,20186.45180340862,0.5995938352621688,0.17647058823529413,,25823.053952907205,42794.82284764699,49.467484819066016,106980.91701611306,22521.660204591302,130.43641080220718
CC(=C(F)F)[C@](C)(F)Cl,4.090944264958102,3.6211724,3.696823099999999,217.24172799999997,0.6827370477860011,False,16259.696338482492,6817.864431693158,1.0006945633269169,0.627479987520734,0.3725206599851444,44514.75919789598,2.2051799707752187,20186.45180340862,0.8614209386758336,0.4117647058823529,,31447.225344927494,83729.05787814873,90.78576087050926,459370.6280024907,24631.19051289159,179.64372068812074
CC(=C(F)F)[C@@](C)(F)Cl,4.090944264958102,3.6211724,3.696823099999999,217.24172799999997,0.6827370477860011,False,16259.696338482492,6817.864431693158,1.0006945633269169,0.627479987520734,0.3725206599851444,44514.75919789598,2.2051799707752187,20186.45180340862,0.8614209386758336,0.4117647058823529,,31447.225344927494,83729.05787814873,90.78576087050926,459370.6280024907,24631.19051289159,179.64372068812074
C/C(F)=C(/Cl)C(F)(F)F,3.4851071281046773,3.6289667000000008,3.4002907999999996,218.7293902999999,0.6848864526991149,False,18841.903532175947,8770.251082601771,1.1596151634611909,0.8071672728315019,0.2503227138594959,47870.43489105887,2.371414023487556,20186.45180340862,0.926357812593208,0.38095238095238093,,33811.299597689955,86630.14250362632,87.70875204483977,381059.5205402766,25984.937017927492,174.46476763368108
C/C(F)=C(\Cl)C(F)(F)F,3.4851071281046773,3.6289667000000008,3.4002907999999996,218.7293902999999,0.6848864526991149,False,18841.903532175947,8770.251082601771,1.1596151634611909,0.8071672728315019,0.2503227138594959,47870.43489105887,2.371414023487556,20186.45180340862,0.926357812593208,0.38095238095238093,,33811.299597689955,86630.14250362632,87.70875204483977,381059.5205402766,25984.937017927492,174.46476763368108
C=C(CC)C(F)(F)Cl,3.486779585375647,3.718317199999999,3.6105394,222.80591099999995,0.6961329602855508,False,10092.216421718864,7225.424545278431,0.6211202162017284,0.6649896531276998,0.5057487746722912,32841.58093380142,1.6269120127518346,20186.45180340862,0.6355291140591129,0.3684210526315789,,26579.417275667227,48084.689038309,57.605381820839504,140118.9037229035,22795.477598422338,144.03077883354828
C=C([C@H](F)Cl)C(C)(F)F,4.140559649573488,3.6863668,3.5666037,219.48792569999995,0.697331485337262,False,13726.558498221846,7507.195320064083,0.8447939110553814,0.690922336890715,0.3458582540269662,38727.72237592978,1.9185007228159996,20186.45180340862,0.749433930745094,0.3333333333333333,,29304.914041162385,63634.04034629136,73.87456967078427,239800.73421544084,23941.184411416707,163.68998218248538
C=C([C@@H](F)Cl)C(C)(F)F,4.140559649573488,3.6863668,3.5666037,219.48792569999995,0.697331485337262,False,13726.558498221846,7507.195320064083,0.8447939110553814,0.690922336890715,0.3458582540269662,38727.72237592978,1.9185007228159996,20186.45180340862,0.749433930745094,0.3333333333333333,,29304.914041162385,63634.04034629136,73.87456967078427,239800.73421544084,23941.184411416707,163.68998218248538
C=C(F)[C@H](Cl)C(F)(F)F,4.17232668254052,3.661610500000001,3.3715221999999985,218.2750825999999,0.6983261229087909,False,18448.291009853303,8919.201098415864,1.1353904852786445,0.8208758402283207,0.2245351823610209,46777.09775689642,2.317252096230096,20186.45180340862,0.9052002568213714,0.3888888888888889,,33364.334161013954,83205.30208166213,85.51277936029352,347155.36754714005,25842.643617975842,172.28656148889115
C=C(F)[C@@H](Cl)C(F)(F)F,4.17232668254052,3.661610500000001,3.3715221999999985,218.2750825999999,0.6983261229087909,False,18448.291009853303,8919.201098415864,1.1353904852786445,0.8208758402283207,0.2245351823610209,46777.09775689642,2.317252096230096,20186.45180340862,0.9052002568213714,0.3888888888888889,,33364.334161013954,83205.30208166213,85.51277936029352,347155.36754714005,25842.643617975842,172.28656148889115
C=C(C)C(F)(F)CCl,3.6273982088574295,3.714486299999999,3.544309600000001,221.6378481999999,0.6997399088529694,False,11545.221394863169,7629.040646471909,0.7105446523562463,0.7021363328068608,0.4153398157091509,35013.38237971698,1.7344990947742849,20186.45180340862,0.6775564163262348,0.35,,27682.63469044304,53151.7385206237,63.01552871246556,165242.5229530026,23300.386489627606,150.5674616807217
C=C(Cl)[C@H](C)C(F)(F)F,3.8353376715515095,3.7260142,3.619685700000001,221.83529729999992,0.7020319742522619,False,10431.893296927572,7145.405576226546,0.6420254530052438,0.6576251327261656,0.4953446537885279,33360.90185272427,1.6526382237759614,20186.45180340862,0.6455786778782442,0.4,,26785.844817090965,49630.35964632743,59.789713424388886,150566.85632401932,22871.44149364805,147.25169289266805
C=C(Cl)[C@@H](C)C(F)(F)F,3.8353376715515095,3.7260142,3.619685700000001,221.83529729999992,0.7020319742522619,False,10431.893296927572,7145.405576226546,0.6420254530052438,0.6576251327261656,0.4953446537885279,33360.90185272427,1.6526382237759614,20186.45180340862,0.6455786778782442,0.4,,26785.844817090965,49630.35964632743,59.789713424388886,150566.85632401932,22871.44149364805,147.25169289266805
CC(F)(F)C(Cl)=C(F)F,3.641140095137643,3.700475599999999,3.4975712000000017,219.74821759999992,0.7024736027242855,False,13883.707200566096,7937.862951298082,0.8544655462935858,0.730558695545207,0.306233397528625,38768.85512261742,1.920538364056185,20186.45180340862,0.7502299051567372,0.35294117647058826,,29467.11246161836,62797.92889718451,72.25015226720235,223021.88677483375,24079.16014890254,161.0213547070334
C=C(C(F)F)[C@](C)(F)Cl,4.199438770452607,3.667770200000001,3.6568098,215.20958989999997,0.7058644841626811,False,17056.827776984886,6938.913822909548,1.0497536035550172,0.6386207297943363,0.3647881549626961,45891.824230307626,2.273397260560594,20186.45180340862,0.888069013925756,0.3684210526315789,,31986.66076463244,88479.1203184769,93.79005232177975,499387.3899790365,24880.129292417707,181.0172262229846
C=C(C(F)F)[C@@](C)(F)Cl,4.199438770452607,3.667770200000001,3.6568098,215.20958989999997,0.7058644841626811,False,17056.827776984886,6938.913822909548,1.0497536035550172,0.6386207297943363,0.3647881549626961,45891.824230307626,2.273397260560594,20186.45180340862,0.888069013925756,0.3684210526315789,,31986.66076463244,88479.1203184769,93.79005232177975,499387.3899790365,24880.129292417707,181.0172262229846
C=C(C)C(F)(F)[C@H](F)Cl,4.0387640451778815,3.6872139,3.6146688999999994,216.90137409999997,0.7063779786086194,False,15328.89007566471,7175.101043372908,0.9434085754879008,0.6603581456132808,0.3443242346677881,41922.42391412907,2.0767604095262633,20186.45180340862,0.8112557365329334,0.4,,30501.95954246925,74417.84434678244,83.7132422600955,340728.971939083,24360.095611119268,173.3105175955239
C=C(C)C(F)(F)[C@@H](F)Cl,4.0387640451778815,3.6872139,3.6146688999999994,216.90137409999997,0.7063779786086194,False,15328.89007566471,7175.101043372908,0.9434085754879008,0.6603581456132808,0.3443242346677881,41922.42391412907,2.0767604095262633,20186.45180340862,0.8112557365329334,0.4,,30501.95954246925,74417.84434678244,83.7132422600955,340728.971939083,24360.095611119268,173.3105175955239
C/C=C/[C@](F)(Cl)C(F)(F)F,4.074620514517949,3.6274638,3.664876899999999,210.70010959999996,0.7101585161391173,False,23941.469782203207,6895.576130756591,1.4734653188081868,0.6346321590617027,0.5980493853404172,64401.78768915909,3.1903470860730665,20186.45180340862,1.246261900619679,0.35,,38698.4537911371,162546.29986965517,123.08181338955012,1670688.3882539193,27334.278508850595,193.56091551805665
C/C=C/[C@@](F)(Cl)C(F)(F)F,4.074620514517949,3.6274638,3.664876899999999,210.70010959999996,0.7101585161391173,False,23941.469782203207,6895.576130756591,1.4734653188081868,0.6346321590617027,0.5980493853404172,64401.78768915909,3.1903470860730665,20186.45180340862,1.246261900619679,0.35,,38698.4537911371,162546.29986965517,123.08181338955012,1670688.3882539193,27334.278508850595,193.56091551805665
C/C=C\[C@](F)(Cl)C(F)(F)F,4.074620514517949,3.6274638,3.664876899999999,210.70010959999996,0.7101585161391173,False,23941.469782203207,6895.576130756591,1.4734653188081868,0.6346321590617027,0.5980493853404172,64401.78768915909,3.1903470860730665,20186.45180340862,1.246261900619679,0.35,,38698.4537911371,162546.29986965517,123.08181338955012,1670688.3882539193,27334.278508850595,193.56091551805665
C/C=C\[C@@](F)(Cl)C(F)(F)F,4.074620514517949,3.6274638,3.664876899999999,210.70010959999996,0.7101585161391173,False,23941.469782203207,6895.576130756591,1.4734653188081868,0.6346321590617027,0.5980493853404172,64401.78768915909,3.1903470860730665,20186.45180340862,1.246261900619679,0.35,,38698.4537911371,162546.29986965517,123.08181338955012,1670688.3882539193,27334.278508850595,193.56091551805665
C=C([C@H](C)F)C(F)(F)Cl,4.105357451771289,3.715880400000001,3.6975641,217.9330716999999,0.7118246580946749,False,12644.28109831967,6671.288180302536,0.7781857107822651,0.6139898887786881,0.445202633489806,37318.30622500572,1.8486808176315697,20186.45180340862,0.7221598174938811,0.3181818181818182,,28344.09861881902,61992.801158174865,74.49603123955148,251911.38242959595,23423.341546868953,165.97110424928294
C=C([C@@H](C)F)C(F)(F)Cl,4.105357451771289,3.715880400000001,3.6975641,217.9330716999999,0.7118246580946749,False,12644.28109831967,6671.288180302536,0.7781857107822651,0.6139898887786881,0.445202633489806,37318.30622500572,1.8486808176315697,20186.45180340862,0.7221598174938811,0.3181818181818182,,28344.09861881902,61992.801158174865,74.49603123955148,251911.38242959595,23423.341546868953,165.97110424928294
C=C(Cl)C(F)(F)C(F)F,3.596337897335447,3.695543299999999,3.3997883,217.22931289999983,0.7124566559913732,False,17741.0164051754,8611.880591497855,1.091861637202603,0.7925916949834602,0.2268408371069386,45322.879497699214,2.245212776325859,20186.45180340862,0.8770591620373204,0.5294117647058824,,32559.973428741792,80164.10210787941,84.46133348624755,332183.62754280586,25467.201750084358,171.5172456885556
C=C(Cl)C(F)(F)C(C)(F)F,3.4097777278795265,3.758314200000001,3.626209399999999,222.00533959999987,0.7126289805185961,False,9536.23201830225,7055.423229684046,0.5869024449585607,0.6493436360417922,0.5418574310329296,31974.9816830684,1.5839822666442651,20186.45180340862,0.6187592437178284,0.5,,26110.86381001889,46243.01546538837,55.64912858020677,130961.86208762106,22589.531018246915,141.15447457341588
C[C@](Cl)(/C(F)=C/F)C(F)(F)F,4.309746602482861,3.769905000000002,3.6357399000000017,222.70362910000011,0.7142717354216948,False,8828.831407341515,6989.811586703944,0.5433658418913098,0.6433050893193041,0.5794359443951869,30937.0926839687,1.532567138854227,20186.45180340862,0.5986746845299167,0.45454545454545453,,25612.52643385331,43687.72463988274,52.164885194419476,116976.23897250938,22379.61032613476,135.7626954626798
C[C@@](Cl)(/C(F)=C/F)C(F)(F)F,4.309746602482861,3.769905000000002,3.6357399000000017,222.70362910000011,0.7142717354216948,False,8828.831407341515,6989.811586703944,0.5433658418913098,0.6433050893193041,0.5794359443951869,30937.0926839687,1.532567138854227,20186.45180340862,0.5986746845299167,0.45454545454545453,,25612.52643385331,43687.72463988274,52.164885194419476,116976.23897250938,22379.61032613476,135.7626954626798
C[C@](Cl)(/C(F)=C\F)C(F)(F)F,4.309746602482861,3.769905000000002,3.6357399000000017,222.70362910000011,0.7142717354216948,False,8828.831407341515,6989.811586703944,0.5433658418913098,0.6433050893193041,0.5794359443951869,30937.0926839687,1.532567138854227,20186.45180340862,0.5986746845299167,0.45454545454545453,,25612.52643385331,43687.72463988274,52.164885194419476,116976.23897250938,22379.61032613476,135.7626954626798
C[C@@](Cl)(/C(F)=C\F)C(F)(F)F,4.309746602482861,3.769905000000002,3.6357399000000017,222.70362910000011,0.7142717354216948,False,8828.831407341515,6989.811586703944,0.5433658418913098,0.6433050893193041,0.5794359443951869,30937.0926839687,1.532567138854227,20186.45180340862,0.5986746845299167,0.45454545454545453,,25612.52643385331,43687.72463988274,52.164885194419476,116976.23897250938,22379.61032613476,135.7626954626798
CC(C)=C(Cl)C(F)(F)F,3.173397237994787,3.7467488999999983,3.6736633000000007,219.36894899999993,0.7173597372039415,False,11042.630091219911,6771.462153264564,0.6796129316979176,0.6232093685635781,0.4945897830257522,34436.40954293181,1.705916912902791,20186.45180340862,0.6663912097383614,0.3888888888888889,,27127.275990375336,53438.0206926146,65.31533001303862,182345.94204563522,22962.632558224806,155.2622045084461
C=C(Cl)[C@](C)(F)C(F)F,4.173454155067993,3.7649055999999983,3.6244419000000017,221.13579249999995,0.7178844219540929,False,9917.654868205977,7043.914599861789,0.6103769160853038,0.6482844429514043,0.5248904462735081,32536.76119275137,1.61181179880544,20186.45180340862,0.6296304388288385,0.45,,26357.22128719426,47773.959963566165,57.780648615125685,140157.87197480418,22690.017123097812,144.26696655685384
C=C(Cl)[C@@](C)(F)C(F)F,4.173454155067993,3.7649055999999983,3.6244419000000017,221.13579249999995,0.7178844219540929,False,9917.654868205977,7043.914599861789,0.6103769160853038,0.6482844429514043,0.5248904462735081,32536.76119275137,1.61181179880544,20186.45180340862,0.6296304388288385,0.45,,26357.22128719426,47773.959963566165,57.780648615125685,140157.87197480418,22690.017123097812,144.26696655685384
C=C(F)C(F)(F)CCl,3.858971488209656,3.710422499999998,3.3827859999999985,217.1112114999999,0.7184054963226877,False,17548.52160760922,8709.890947418016,1.0800146448982455,0.8016120469610973,0.2139161595325565,44811.664590646775,2.2198881223435225,20186.45180340862,0.8671664605371177,0.4444444444444444,,32363.317997070808,78481.78083401492,83.21245291543828,315731.682714764,25408.81072711559,170.20721818068833
C[C@](F)(/C=C/F)C(F)(F)Cl,4.267860899133334,3.6636359000000023,3.6649661999999985,210.89753490000004,0.7209479514691636,False,21933.662873699657,6839.341659436902,1.3498958857927332,0.6294566373546583,0.5096366494819605,58403.6277839993,2.8932091856845017,20186.45180340862,1.1301893748117728,0.4,,36511.02951946987,137841.95618059507,116.23652586648818,1219404.407009162,26541.38290417897,191.47912112419434
C[C@@](F)(/C=C/F)C(F)(F)Cl,4.267860899133334,3.6636359000000023,3.6649661999999985,210.89753490000004,0.7209479514691636,False,21933.662873699657,6839.341659436902,1.3498958857927332,0.6294566373546583,0.5096366494819605,58403.6277839993,2.8932091856845017,20186.45180340862,1.1301893748117728,0.4,,36511.02951946987,137841.95618059507,116.23652586648818,1219404.407009162,26541.38290417897,191.47912112419434
C[C@](F)(/C=C\F)C(F)(F)Cl,4.267860899133334,3.6636359000000023,3.6649661999999985,210.89753490000004,0.7209479514691636,False,21933.662873699657,6839.341659436902,1.3498958857927332,0.6294566373546583,0.5096366494819605,58403.6277839993,2.8932091856845017,20186.45180340862,1.1301893748117728,0.4,,36511.02951946987,137841.95618059507,116.23652586648818,1219404.407009162,26541.38290417897,191.47912112419434
C[C@@](F)(/C=C\F)C(F)(F)Cl,4.267860899133334,3.6636359000000023,3.6649661999999985,210.89753490000004,0.7209479514691636,False,21933.662873699657,6839.341659436902,1.3498958857927332,0.6294566373546583,0.5096366494819605,58403.6277839993,2.8932091856845017,20186.45180340862,1.1301893748117728,0.4,,36511.02951946987,137841.95618059507,116.23652586648818,1219404.407009162,26541.38290417897,191.47912112419434
C/C(Cl)=C(/C)C(F)(F)F,3.2904433918409417,3.7347140999999993,3.643003999999999,217.0410547999999,0.7216308820225786,False,13371.37124868342,6933.133858683772,0.8229340963222536,0.6380887726226153,0.4029045429714363,38354.65531611201,1.9000196611885785,20186.45180340862,0.7422145773744833,0.3888888888888889,,28865.262701177588,64511.888642925485,76.34978242244064,262996.275096414,23678.918185558407,166.96063176660294
C/C(Cl)=C(\C)C(F)(F)F,3.2904433918409417,3.7347140999999993,3.643003999999999,217.0410547999999,0.7216308820225786,False,13371.37124868342,6933.133858683772,0.8229340963222536,0.6380887726226153,0.4029045429714363,38354.65531611201,1.9000196611885785,20186.45180340862,0.7422145773744833,0.3888888888888889,,28865.262701177588,64511.888642925485,76.34978242244064,262996.275096414,23678.918185558407,166.96063176660294
C=C[C@](Cl)(CF)C(F)(F)F,4.374747437594872,3.777154800000003,3.5871473,220.79751360000003,0.7236952258853345,False,10155.802540169736,7240.808463392924,0.6250335908252294,0.6664055071452172,0.5018815534291544,32827.46955261444,1.6262129606685658,20186.45180340862,0.635256039702492,0.35,,26533.72576446812,48280.18079344936,58.1347934615502,140374.18044633785,22788.036483395776,144.13403565554756
C=C[C@@](Cl)(CF)C(F)(F)F,4.374747437594872,3.777154800000003,3.5871473,220.79751360000003,0.7236952258853345,False,10155.802540169736,7240.808463392924,0.6250335908252294,0.6664055071452172,0.5018815534291544,32827.46955261444,1.6262129606685658,20186.45180340862,0.635256039702492,0.35,,26533.72576446812,48280.18079344936,58.1347934615502,140374.18044633785,22788.036483395776,144.13403565554756
C/C(Cl)=C(/F)C(C)(F)F,3.579709325906876,3.799644999999999,3.5993227999999995,222.80208579999987,0.7247752148387058,False,8445.099237683082,7155.716905610996,0.5197492448800844,0.6585741326510394,0.58924732556732,30340.52598829288,1.5030143129546756,20186.45180340862,0.5871303102093184,0.3333333333333333,,25357.575123345257,42059.226249559324,49.547444512627415,106295.86099092885,22295.291091257746,130.6475111848811
C/C(Cl)=C(\F)C(C)(F)F,3.579709325906876,3.799644999999999,3.5993227999999995,222.80208579999987,0.7247752148387058,False,8445.099237683082,7155.716905610996,0.5197492448800844,0.6585741326510394,0.58924732556732,30340.52598829288,1.5030143129546756,20186.45180340862,0.5871303102093184,0.3333333333333333,,25357.575123345257,42059.226249559324,49.547444512627415,106295.86099092885,22295.291091257746,130.6475111848811
CC(C)=C(F)C(F)(F)Cl,3.485680754478304,3.673475199999998,3.638042299999999,210.63587499999997,0.7252943348749186,False,22297.472503048462,6972.375522714539,1.3722863604114806,0.6417003667079796,0.5166969724757665,58804.55748326545,2.9130705116456324,20186.45180340862,1.1379479080288006,0.35294117647058826,,36744.03565518929,138407.74465873622,116.08641239196596,1192497.2707129705,26676.21642214191,191.2477701644161
C[C@](Cl)(/C=C/F)C(F)(F)F,4.384312822210257,3.6910662000000007,3.6588737,211.19619150000003,0.7286978417948585,False,20448.307852391197,6833.770331044332,1.2584804827316185,0.6289438819155808,0.452211015700689,54197.041809914524,2.6848225898106066,20186.45180340862,1.0487862333883329,0.4,,34967.07091086953,121014.01284688823,110.32997061316948,941507.7066840662,25983.356270714463,189.25742789132974
C[C@@](Cl)(/C=C/F)C(F)(F)F,4.384312822210257,3.6910662000000007,3.6588737,211.19619150000003,0.7286978417948585,False,20448.307852391197,6833.770331044332,1.2584804827316185,0.6289438819155808,0.452211015700689,54197.041809914524,2.6848225898106066,20186.45180340862,1.0487862333883329,0.4,,34967.07091086953,121014.01284688823,110.32997061316948,941507.7066840662,25983.356270714463,189.25742789132974
C[C@](Cl)(/C=C\F)C(F)(F)F,4.384312822210257,3.6910662000000007,3.6588737,211.19619150000003,0.7286978417948585,False,20448.307852391197,6833.770331044332,1.2584804827316185,0.6289438819155808,0.452211015700689,54197.041809914524,2.6848225898106066,20186.45180340862,1.0487862333883329,0.4,,34967.07091086953,121014.01284688823,110.32997061316948,941507.7066840662,25983.356270714463,189.25742789132974
C[C@@](Cl)(/C=C\F)C(F)(F)F,4.384312822210257,3.6910662000000007,3.6588737,211.19619150000003,0.7286978417948585,False,20448.307852391197,6833.770331044332,1.2584804827316185,0.6289438819155808,0.452211015700689,54197.041809914524,2.6848225898106066,20186.45180340862,1.0487862333883329,0.4,,34967.07091086953,121014.01284688823,110.32997061316948,941507.7066840662,25983.356270714463,189.25742789132974
C=C(Cl)C(F)(F)[C@H](C)F,4.107599210013047,3.7786101999999975,3.598669700000002,219.4092291999999,0.7287894674956148,False,10908.691060769392,7150.9876248121345,0.6713697236576852,0.6581388747948027,0.4742013153243987,33996.48919594976,1.6841240613771076,20186.45180340862,0.657878154628815,0.45,,27029.705857834437,51601.72842980863,62.49923531112719,162167.74531874253,22980.888409576484,150.351481516633
C=C(Cl)C(F)(F)[C@@H](C)F,4.107599210013047,3.7786101999999975,3.598669700000002,219.4092291999999,0.7287894674956148,False,10908.691060769392,7150.9876248121345,0.6713697236576852,0.6581388747948027,0.4742013153243987,33996.48919594976,1.6841240613771076,20186.45180340862,0.657878154628815,0.45,,27029.705857834437,51601.72842980863,62.49923531112719,162167.74531874253,22980.888409576484,150.351481516633
C[C@H](/C=C/Cl)C(F)(F)F,4.057834574648412,3.7887765999999994,3.5216595000000006,220.5620281999999,0.7295683358841409,False,10604.702999888628,7628.457922920793,0.6526609363896407,0.7020827020299151,0.4576015095468082,33398.13555286409,1.6544827133624638,20186.45180340862,0.6462992004532901,0.3181818181818182,,26889.073622482312,49226.87429767497,58.6941404148948,140843.89369796042,22983.48237515939,143.88365869962698
C[C@@H](/C=C/Cl)C(F)(F)F,4.057834574648412,3.7887765999999994,3.5216595000000006,220.5620281999999,0.7295683358841409,False,10604.702999888628,7628.457922920793,0.6526609363896407,0.7020827020299151,0.4576015095468082,33398.13555286409,1.6544827133624638,20186.45180340862,0.6462992004532901,0.3181818181818182,,26889.073622482312,49226.87429767497,58.6941404148948,140843.89369796042,22983.48237515939,143.88365869962698
C[C@H](/C=C\Cl)C(F)(F)F,4.057834574648412,3.7887765999999994,3.5216595000000006,220.5620281999999,0.7295683358841409,False,10604.702999888628,7628.457922920793,0.6526609363896407,0.7020827020299151,0.4576015095468082,33398.13555286409,1.6544827133624638,20186.45180340862,0.6462992004532901,0.3181818181818182,,26889.073622482312,49226.87429767497,58.6941404148948,140843.89369796042,22983.48237515939,143.88365869962698
C[C@@H](/C=C\Cl)C(F)(F)F,4.057834574648412,3.7887765999999994,3.5216595000000006,220.5620281999999,0.7295683358841409,False,10604.702999888628,7628.457922920793,0.6526609363896407,0.7020827020299151,0.4576015095468082,33398.13555286409,1.6544827133624638,20186.45180340862,0.6462992004532901,0.3181818181818182,,26889.073622482312,49226.87429767497,58.6941404148948,140843.89369796042,22983.48237515939,143.88365869962698
C=C[C@](F)(CCl)C(F)(F)F,4.2281051299025645,3.7459155000000033,3.507176700000001,215.27550220000003,0.7336023392761273,False,16243.315502473906,7723.77060451151,0.9996864132855322,0.7108547744074614,0.2891453956396116,42854.1027017212,2.1229140771774953,20186.45180340862,0.8292849841400934,0.3888888888888889,,31061.90480738498,76008.90167111265,83.95751996647955,328445.4192083842,24706.973268865193,172.0155108161054
C=C[C@@](F)(CCl)C(F)(F)F,4.2281051299025645,3.7459155000000033,3.507176700000001,215.27550220000003,0.7336023392761273,False,16243.315502473906,7723.77060451151,0.9996864132855322,0.7108547744074614,0.2891453956396116,42854.1027017212,2.1229140771774953,20186.45180340862,0.8292849841400934,0.3888888888888889,,31061.90480738498,76008.90167111265,83.95751996647955,328445.4192083842,24706.973268865193,172.0155108161054
C=C([C@H](C)Cl)C(F)(F)F,3.741948660562497,3.742361900000001,3.6242870000000007,214.46097789999988,0.7336740214981189,False,15568.662999575132,6993.626940043559,0.958165275514474,0.6436562341521054,0.3587910584608248,42422.72814325409,2.10154456842637,20186.45180340862,0.820937301623748,0.4,,30544.247825860562,77342.22342764917,86.75411301908939,374930.9073497921,24354.95986316824,175.60148068032825
C=C([C@@H](C)Cl)C(F)(F)F,3.741948660562497,3.742361900000001,3.6242870000000007,214.46097789999988,0.7336740214981189,False,15568.662999575132,6993.626940043559,0.958165275514474,0.6436562341521054,0.3587910584608248,42422.72814325409,2.10154456842637,20186.45180340862,0.820937301623748,0.4,,30544.247825860562,77342.22342764917,86.75411301908939,374930.9073497921,24354.95986316824,175.60148068032825
CC(C)(Cl)C(F)=C(F)F,3.6554016335991824,3.7614871999999986,3.658830800000002,216.0279735999999,0.7342416613734736,False,13220.136491592984,6787.915263348063,0.8136264317720685,0.6247236253243725,0.4190077139190797,38156.02660020277,1.8901799569233784,20186.45180340862,0.738370842442753,0.3888888888888889,,28693.920518090494,64563.646649494905,76.9261459865148,267917.6440379709,23591.353692856956,167.6286442250532
C=C[C@](F)(CF)C(F)(F)Cl,4.467920514517948,3.712484000000003,3.656480699999999,211.0763093,0.7361512457435593,False,19720.030490537534,6811.405442537124,1.213659030877306,0.6268855365052247,0.4299588170330079,52278.7069528801,2.5897917802499832,20186.45180340862,1.0116638532380822,0.35,,34219.37753917894,113951.38768310256,107.62178358775695,837242.1476575072,25706.59894762606,188.08429861043007
C=C[C@@](F)(CF)C(F)(F)Cl,4.467920514517948,3.712484000000003,3.656480699999999,211.0763093,0.7361512457435593,False,19720.030490537534,6811.405442537124,1.213659030877306,0.6268855365052247,0.4299588170330079,52278.7069528801,2.5897917802499832,20186.45180340862,1.0116638532380822,0.35,,34219.37753917894,113951.38768310256,107.62178358775695,837242.1476575072,25706.59894762606,188.08429861043007
C=CC[C@](F)(Cl)C(F)(F)F,3.8865320529794865,3.7403121000000024,3.655666399999999,213.46776469999995,0.7364051164957321,False,16161.798697159064,6804.945067567868,0.9946695038549864,0.6262909579468358,0.3737470565789725,43952.07543956007,2.177305643785227,20186.45180340862,0.8505322451275087,0.36363636363636365,,31050.672894038173,83368.29786041878,91.44921444653474,448895.236631521,24510.39533787424,179.29015315182494
C=CC[C@@](F)(Cl)C(F)(F)F,3.8865320529794865,3.7403121000000024,3.655666399999999,213.46776469999995,0.7364051164957321,False,16161.798697159064,6804.945067567868,0.9946695038549864,0.6262909579468358,0.3737470565789725,43952.07543956007,2.177305643785227,20186.45180340862,0.8505322451275087,0.36363636363636365,,31050.672894038173,83368.29786041878,91.44921444653474,448895.236631521,24510.39533787424,179.29015315182494
C/C=C/[C@H](Cl)C(F)(F)F,4.091789120102957,3.8029206000000007,3.6049079999999982,219.38096769999996,0.7372653969101806,False,10292.82179151197,7073.666478800905,0.6334663694598944,0.6510226476799484,0.5060949463778748,33029.41567709587,1.636217003303108,20186.45180340862,0.6391639709874705,0.3684210526315789,,26558.504983949664,49217.94330327052,59.80601844370794,148076.37202442958,22782.109801282495,146.6643749661269
C/C=C/[C@@H](Cl)C(F)(F)F,4.091789120102957,3.8029206000000007,3.6049079999999982,219.38096769999996,0.7372653969101806,False,10292.82179151197,7073.666478800905,0.6334663694598944,0.6510226476799484,0.5060949463778748,33029.41567709587,1.636217003303108,20186.45180340862,0.6391639709874705,0.3684210526315789,,26558.504983949664,49217.94330327052,59.80601844370794,148076.37202442958,22782.109801282495,146.6643749661269
C/C=C\[C@H](Cl)C(F)(F)F,4.091789120102957,3.8029206000000007,3.6049079999999982,219.38096769999996,0.7372653969101806,False,10292.82179151197,7073.666478800905,0.6334663694598944,0.6510226476799484,0.5060949463778748,33029.41567709587,1.636217003303108,20186.45180340862,0.6391639709874705,0.3684210526315789,,26558.504983949664,49217.94330327052,59.80601844370794,148076.37202442958,22782.109801282495,146.6643749661269
C/C=C\[C@@H](Cl)C(F)(F)F,4.091789120102957,3.8029206000000007,3.6049079999999982,219.38096769999996,0.7372653969101806,False,10292.82179151197,7073.666478800905,0.6334663694598944,0.6510226476799484,0.5060949463778748,33029.41567709587,1.636217003303108,20186.45180340862,0.6391639709874705,0.3684210526315789,,26558.504983949664,49217.94330327052,59.80601844370794,148076.37202442958,22782.109801282495,146.6643749661269
C=CC(F)(F)[C@](F)(Cl)CF,4.350718591441025,3.8291926000000034,3.6126182,221.5397778,0.7392225945399343,False,8437.486869755166,7013.258139936875,0.5192807456510133,0.6454629853991399,0.5973169143963163,30303.534559122665,1.501181825030078,20186.45180340862,0.5864144759059785,0.35,,25291.015189271027,42237.50373103575,50.19061224121909,108305.80368773793,22257.42781139566,131.81103881748402
C=CC(F)(F)[C@@](F)(Cl)CF,4.350718591441025,3.8291926000000034,3.6126182,221.5397778,0.7392225945399343,False,8437.486869755166,7013.258139936875,0.5192807456510133,0.6454629853991399,0.5973169143963163,30303.534559122665,1.501181825030078,20186.45180340862,0.5864144759059785,0.35,,25291.015189271027,42237.50373103575,50.19061224121909,108305.80368773793,22257.42781139566,131.81103881748402
C=C(Cl)[C@H](F)C(C)(F)F,4.232234374848212,3.838607999999998,3.560842500000001,221.54199329999992,0.7431810933655103,False,8622.328068345676,7307.856147837354,0.5306567011828875,0.6725762194877678,0.5722669518585288,30515.98529484039,1.511706246943683,20186.45180340862,0.5905256856593716,0.38095238095238093,,25450.01973504964,42443.66655662268,50.059579173733695,106675.5578074372,22353.779166571057,130.70171577778777
C=C(Cl)[C@@H](F)C(C)(F)F,4.232234374848212,3.838607999999998,3.560842500000001,221.54199329999992,0.7431810933655103,False,8622.328068345676,7307.856147837354,0.5306567011828875,0.6725762194877678,0.5722669518585288,30515.98529484039,1.511706246943683,20186.45180340862,0.5905256856593716,0.38095238095238093,,25450.01973504964,42443.66655662268,50.059579173733695,106675.5578074372,22353.779166571057,130.70171577778777
C=C[C@](F)(Cl)C(F)(F)CF,4.305193591441025,3.8159487000000034,3.6085985,218.5295635,0.7446523222458692,False,10499.185370150424,7019.88808751938,0.6461669086897348,0.6460731705191307,0.5004618438328329,33338.85367633226,1.6515459973358353,20186.45180340862,0.6451520157745751,0.35,,26670.368445675034,50221.413017887826,61.25763800484465,155008.7945059412,22823.279734968746,148.66329972837192
C=C[C@@](F)(Cl)C(F)(F)CF,4.305193591441025,3.8159487000000034,3.6085985,218.5295635,0.7446523222458692,False,10499.185370150424,7019.88808751938,0.6461669086897348,0.6460731705191307,0.5004618438328329,33338.85367633226,1.6515459973358353,20186.45180340862,0.6451520157745751,0.35,,26670.368445675034,50221.413017887826,61.25763800484465,155008.7945059412,22823.279734968746,148.66329972837192
FC/C(=C\Cl)C(F)(F)F,3.9124021330996825,3.7964502999999983,3.326767499999999,218.37343050000004,0.7451375737569428,False,14129.654643593864,8997.118315543781,0.8696022538912268,0.8280469265590787,0.2158041511556877,38494.76433639242,1.9069604064787808,20186.45180340862,0.7449258768612523,0.4090909090909091,,29588.14459781386,60540.906011440275,68.68542651762559,188293.68067671862,24304.50123580098,154.27147867933914
FC/C(=C/Cl)C(F)(F)F,3.9124021330996825,3.7964502999999983,3.326767499999999,218.37343050000004,0.7451375737569428,False,14129.654643593864,8997.118315543781,0.8696022538912268,0.8280469265590787,0.2158041511556877,38494.76433639242,1.9069604064787808,20186.45180340862,0.7449258768612523,0.4090909090909091,,29588.14459781386,60540.906011440275,68.68542651762559,188293.68067671862,24304.50123580098,154.27147867933914
FC=C1C(F)(F)C(F)(F)C1(F)F,4.35129699907362,3.7931498999999977,3.6102423,216.10132069999992,0.7451488222475848,False,12782.497790261285,7015.173062227313,0.7866921852764814,0.645639224663934,0.4136082481272596,37097.496255366736,1.837742294517681,20186.45180340862,0.7178868452315852,0.26666666666666666,,28310.758008062927,60905.833315342075,73.06953745660127,230134.7052676477,23483.856298816332,162.96192809584707
C[C@](F)(/C(F)=C/F)C(F)(F)Cl,4.317170271121913,3.758348400000002,3.655625399999999,211.68084090000005,0.7490092639514084,False,17286.655106608883,6752.540905509978,1.063898207148527,0.6214679575361406,0.3838873377029478,46437.199636027675,2.3004141633343624,20186.45180340862,0.8986227673862102,0.45454545454545453,,31945.96337141169,92793.43886121694,97.55935077567513,559601.9651292741,24847.252258157427,182.99441489939665
C[C@@](F)(/C(F)=C/F)C(F)(F)Cl,4.317170271121913,3.758348400000002,3.655625399999999,211.68084090000005,0.7490092639514084,False,17286.655106608883,6752.540905509978,1.063898207148527,0.6214679575361406,0.3838873377029478,46437.199636027675,2.3004141633343624,20186.45180340862,0.8986227673862102,0.45454545454545453,,31945.96337141169,92793.43886121694,97.55935077567513,559601.9651292741,24847.252258157427,182.99441489939665
C[C@](F)(/C(F)=C\F)C(F)(F)Cl,4.317170271121913,3.758348400000002,3.655625399999999,211.68084090000005,0.7490092639514084,False,17286.655106608883,6752.540905509978,1.063898207148527,0.6214679575361406,0.3838873377029478,46437.199636027675,2.3004141633343624,20186.45180340862,0.8986227673862102,0.45454545454545453,,31945.96337141169,92793.43886121694,97.55935077567513,559601.9651292741,24847.252258157427,182.99441489939665
C[C@@](F)(/C(F)=C\F)C(F)(F)Cl,4.317170271121913,3.758348400000002,3.655625399999999,211.68084090000005,0.7490092639514084,False,17286.655106608883,6752.540905509978,1.063898207148527,0.6214679575361406,0.3838873377029478,46437.199636027675,2.3004141633343624,20186.45180340862,0.8986227673862102,0.45454545454545453,,31945.96337141169,92793.43886121694,97.55935077567513,559601.9651292741,24847.252258157427,182.99441489939665
C[C@H](/C=C/F)C(F)(F)Cl,4.487014994228831,3.8423902,3.604623699999999,219.97215269999992,0.7491199699589487,False,9083.47225200988,7018.979146683414,0.5590375803762112,0.6459895164379851,0.5654832252085628,31196.09193795008,1.5453974894529214,20186.45180340862,0.603686671217054,0.3181818181818182,,25692.460493137838,44580.89132363127,53.757022661287515,120995.13041353392,22425.50580571051,137.4552884525514
C[C@@H](/C=C/F)C(F)(F)Cl,4.487014994228831,3.8423902,3.604623699999999,219.97215269999992,0.7491199699589487,False,9083.47225200988,7018.979146683414,0.5590375803762112,0.6459895164379851,0.5654832252085628,31196.09193795008,1.5453974894529214,20186.45180340862,0.603686671217054,0.3181818181818182,,25692.460493137838,44580.89132363127,53.757022661287515,120995.13041353392,22425.50580571051,137.4552884525514
C[C@H](/C=C\F)C(F)(F)Cl,4.487014994228831,3.8423902,3.604623699999999,219.97215269999992,0.7491199699589487,False,9083.47225200988,7018.979146683414,0.5590375803762112,0.6459895164379851,0.5654832252085628,31196.09193795008,1.5453974894529214,20186.45180340862,0.603686671217054,0.3181818181818182,,25692.460493137838,44580.89132363127,53.757022661287515,120995.13041353392,22425.50580571051,137.4552884525514
C[C@@H](/C=C\F)C(F)(F)Cl,4.487014994228831,3.8423902,3.604623699999999,219.97215269999992,0.7491199699589487,False,9083.47225200988,7018.979146683414,0.5590375803762112,0.6459895164379851,0.5654832252085628,31196.09193795008,1.5453974894529214,20186.45180340862,0.603686671217054,0.3181818181818182,,25692.460493137838,44580.89132363127,53.757022661287515,120995.13041353392,22425.50580571051,137.4552884525514
C=CCC(F)(F)[C@H](F)Cl,3.999321987235824,3.8537145000000006,3.5103734,221.23378589999993,0.7503973413551325,False,8863.188811765114,7597.1060438546465,0.5454803504959599,0.6991972417978624,0.5450416599924167,30801.21232795705,1.5258358738783433,20186.45180340862,0.5960452154295044,0.38095238095238093,,25637.282515671923,42868.09087012396,50.30498339864454,106344.71246375729,22462.55058057102,130.24445966889098
C=CCC(F)(F)[C@@H](F)Cl,3.999321987235824,3.8537145000000006,3.5103734,221.23378589999993,0.7503973413551325,False,8863.188811765114,7597.1060438546465,0.5454803504959599,0.6991972417978624,0.5450416599924167,30801.21232795705,1.5258358738783433,20186.45180340862,0.5960452154295044,0.38095238095238093,,25637.282515671923,42868.09087012396,50.30498339864454,106344.71246375729,22462.55058057102,130.24445966889098
C=CC(F)(F)C[C@H](F)Cl,4.432870238984076,3.8595035,3.5644055999999993,221.23397649999995,0.7515420039303975,False,8355.231735624651,7247.235226955458,0.5142183961571104,0.6669969922884641,0.5889607540210973,30123.127966047065,1.4922448114908715,20186.45180340862,0.5829233637546218,0.3333333333333333,,25241.93005963056,41594.46638928457,48.933028105884496,102664.35655807576,22263.573715451537,128.71546445472723
C=CC(F)(F)C[C@@H](F)Cl,4.432870238984076,3.8595035,3.5644055999999993,221.23397649999995,0.7515420039303975,False,8355.231735624651,7247.235226955458,0.5142183961571104,0.6669969922884641,0.5889607540210973,30123.127966047065,1.4922448114908715,20186.45180340862,0.5829233637546218,0.3333333333333333,,25241.93005963056,41594.46638928457,48.933028105884496,102664.35655807576,22263.573715451537,128.71546445472723
C=C[C@H](Cl)CC(F)(F)F,3.91885695227079,3.7967814,3.6139490000000007,214.51134709999988,0.7519688399263486,False,13916.37939193618,6966.415435617933,0.8564763393364203,0.6411518319850514,0.3864855092470598,39135.07525996554,1.9386802416340108,20186.45180340862,0.7573167612952586,0.36363636363636365,,29135.303079106154,67341.5458099251,79.20292416425042,283410.0541049432,23806.5620563767,169.00354889154062
C=C[C@@H](Cl)CC(F)(F)F,3.91885695227079,3.7967814,3.6139490000000007,214.51134709999988,0.7519688399263486,False,13916.37939193618,6966.415435617933,0.8564763393364203,0.6411518319850514,0.3864855092470598,39135.07525996554,1.9386802416340108,20186.45180340862,0.7573167612952586,0.36363636363636365,,29135.303079106154,67341.5458099251,79.20292416425042,283410.0541049432,23806.5620563767,169.00354889154062
CC(F)(F)/C=C/[C@H](F)Cl,4.442801707515546,3.8147438,3.6030669999999985,215.8068968,0.7536586774197954,False,12486.621858782606,7018.312994886316,0.7684826547977816,0.6459282073689184,0.4230450513437911,36535.50195955083,1.809902122243274,20186.45180340862,0.7070114937177195,0.3333333333333333,,28053.546419561015,59369.306033701214,71.64204492385363,217962.02268834267,23385.146999812485,161.24230993878493
CC(F)(F)/C=C/[C@@H](F)Cl,4.442801707515546,3.8147438,3.6030669999999985,215.8068968,0.7536586774197954,False,12486.621858782606,7018.312994886316,0.7684826547977816,0.6459282073689184,0.4230450513437911,36535.50195955083,1.809902122243274,20186.45180340862,0.7070114937177195,0.3333333333333333,,28053.546419561015,59369.306033701214,71.64204492385363,217962.02268834267,23385.146999812485,161.24230993878493
CC(F)(F)/C=C\[C@H](F)Cl,4.442801707515546,3.8147438,3.6030669999999985,215.8068968,0.7536586774197954,False,12486.621858782606,7018.312994886316,0.7684826547977816,0.6459282073689184,0.4230450513437911,36535.50195955083,1.809902122243274,20186.45180340862,0.7070114937177195,0.3333333333333333,,28053.546419561015,59369.306033701214,71.64204492385363,217962.02268834267,23385.146999812485,161.24230993878493
CC(F)(F)/C=C\[C@@H](F)Cl,4.442801707515546,3.8147438,3.6030669999999985,215.8068968,0.7536586774197954,False,12486.621858782606,7018.312994886316,0.7684826547977816,0.6459282073689184,0.4230450513437911,36535.50195955083,1.809902122243274,20186.45180340862,0.7070114937177195,0.3333333333333333,,28053.546419561015,59369.306033701214,71.64204492385363,217962.02268834267,23385.146999812485,161.24230993878493
C[C@](F)(/C=C/Cl)C(F)(F)F,4.14585897605641,3.8135801,3.6475813,215.2829029,0.7547215441373956,False,12455.715000288445,6759.508681794854,0.7665805082496063,0.6221092346134549,0.4441689877664141,36705.61869924097,1.8183293952156057,20186.45180340862,0.7103034832562203,0.47368421052631576,,28028.429771408657,60574.515974516915,73.46502066971041,234758.93404632786,23333.271850480436,163.83730881077494
C[C@@](F)(/C=C/Cl)C(F)(F)F,4.14585897605641,3.8135801,3.6475813,215.2829029,0.7547215441373956,False,12455.715000288445,6759.508681794854,0.7665805082496063,0.6221092346134549,0.4441689877664141,36705.61869924097,1.8183293952156057,20186.45180340862,0.7103034832562203,0.47368421052631576,,28028.429771408657,60574.515974516915,73.46502066971041,234758.93404632786,23333.271850480436,163.83730881077494
C[C@](F)(/C=C\Cl)C(F)(F)F,4.14585897605641,3.8135801,3.6475813,215.2829029,0.7547215441373956,False,12455.715000288445,6759.508681794854,0.7665805082496063,0.6221092346134549,0.4441689877664141,36705.61869924097,1.8183293952156057,20186.45180340862,0.7103034832562203,0.47368421052631576,,28028.429771408657,60574.515974516915,73.46502066971041,234758.93404632786,23333.271850480436,163.83730881077494
C[C@@](F)(/C=C\Cl)C(F)(F)F,4.14585897605641,3.8135801,3.6475813,215.2829029,0.7547215441373956,False,12455.715000288445,6759.508681794854,0.7665805082496063,0.6221092346134549,0.4441689877664141,36705.61869924097,1.8183293952156057,20186.45180340862,0.7103034832562203,0.47368421052631576,,28028.429771408657,60574.515974516915,73.46502066971041,234758.93404632786,23333.271850480436,163.83730881077494
C/C=C/C(F)(F)[C@H](F)Cl,4.280921287935126,3.817697100000001,3.5436454,215.9772932,0.7548707327654195,False,12906.453642129938,7374.729884561457,0.7943209837777143,0.6787309226071262,0.3814677939263491,36979.6560737974,1.831904706876378,20186.45180340862,0.7156064779635087,0.4,,28368.6201304881,59808.125300622276,71.3101963934399,212165.24511115666,23568.907847784576,160.00764835820857
C/C=C/C(F)(F)[C@@H](F)Cl,4.280921287935126,3.817697100000001,3.5436454,215.9772932,0.7548707327654195,False,12906.453642129938,7374.729884561457,0.7943209837777143,0.6787309226071262,0.3814677939263491,36979.6560737974,1.831904706876378,20186.45180340862,0.7156064779635087,0.4,,28368.6201304881,59808.125300622276,71.3101963934399,212165.24511115666,23568.907847784576,160.00764835820857
C/C=C\C(F)(F)[C@H](F)Cl,4.280921287935126,3.817697100000001,3.5436454,215.9772932,0.7548707327654195,False,12906.453642129938,7374.729884561457,0.7943209837777143,0.6787309226071262,0.3814677939263491,36979.6560737974,1.831904706876378,20186.45180340862,0.7156064779635087,0.4,,28368.6201304881,59808.125300622276,71.3101963934399,212165.24511115666,23568.907847784576,160.00764835820857
C/C=C\C(F)(F)[C@@H](F)Cl,4.280921287935126,3.817697100000001,3.5436454,215.9772932,0.7548707327654195,False,12906.453642129938,7374.729884561457,0.7943209837777143,0.6787309226071262,0.3814677939263491,36979.6560737974,1.831904706876378,20186.45180340862,0.7156064779635087,0.4,,28368.6201304881,59808.125300622276,71.3101963934399,212165.24511115666,23568.907847784576,160.00764835820857
C[C@H](Cl)/C(=C\F)C(F)(F)F,4.148593591441026,3.7620971,3.6260854999999985,210.26558219999995,0.7557193050871986,False,19106.25585258099,6892.915215707851,1.1758845896746493,0.6343872625903361,0.4057191918571361,50246.701542745606,2.489129938836557,20186.45180340862,0.9723417937833572,0.3333333333333333,,33447.934037679144,106322.15148720657,104.27727388998753,713206.8721532403,25457.612405655735,186.21424858629385
C[C@@H](Cl)/C(=C\F)C(F)(F)F,4.148593591441026,3.7620971,3.6260854999999985,210.26558219999995,0.7557193050871986,False,19106.25585258099,6892.915215707851,1.1758845896746493,0.6343872625903361,0.4057191918571361,50246.701542745606,2.489129938836557,20186.45180340862,0.9723417937833572,0.3333333333333333,,33447.934037679144,106322.15148720657,104.27727388998753,713206.8721532403,25457.612405655735,186.21424858629385
C[C@H](Cl)/C(=C/F)C(F)(F)F,4.148593591441026,3.7620971,3.6260854999999985,210.26558219999995,0.7557193050871986,False,19106.25585258099,6892.915215707851,1.1758845896746493,0.6343872625903361,0.4057191918571361,50246.701542745606,2.489129938836557,20186.45180340862,0.9723417937833572,0.3333333333333333,,33447.934037679144,106322.15148720657,104.27727388998753,713206.8721532403,25457.612405655735,186.21424858629385
C[C@@H](Cl)/C(=C/F)C(F)(F)F,4.148593591441026,3.7620971,3.6260854999999985,210.26558219999995,0.7557193050871986,False,19106.25585258099,6892.915215707851,1.1758845896746493,0.6343872625903361,0.4057191918571361,50246.701542745606,2.489129938836557,20186.45180340862,0.9723417937833572,0.3333333333333333,,33447.934037679144,106322.15148720657,104.27727388998753,713206.8721532403,25457.612405655735,186.21424858629385
FC/C=C(\Cl)C(F)(F)F,3.642924510722061,3.8272403999999978,3.254032099999999,218.15671349999997,0.7594032692500671,False,14285.843917536757,9542.368349122533,0.8792148416069466,0.8782288402203786,0.1715146344837928,38533.15425109704,1.9088621728257589,20186.45180340862,0.7456687737555953,0.3333333333333333,,29730.710598201378,59915.03073999394,67.34133644546468,177432.0376269979,24443.120056099866,151.5678494835496
FC/C=C(/Cl)C(F)(F)F,3.642924510722061,3.8272403999999978,3.254032099999999,218.15671349999997,0.7594032692500671,False,14285.843917536757,9542.368349122533,0.8792148416069466,0.8782288402203786,0.1715146344837928,38533.15425109704,1.9088621728257589,20186.45180340862,0.7456687737555953,0.3333333333333333,,29730.710598201378,59915.03073999394,67.34133644546468,177432.0376269979,24443.120056099866,151.5678494835496
FC/C(=C(\F)Cl)C(F)F,4.145338496736047,3.8459698999999983,3.3573319999999995,218.7030531,0.7600590008020177,False,12062.818280970503,8659.926554675645,0.7423998837910848,0.7970135899444508,0.3279653983853879,35222.24497255567,1.7448457666348356,20186.45180340862,0.6815981906505104,0.3157894736842105,,27950.52248988026,52712.8675590145,61.39673786118919,147853.14221572556,23566.287742256423,145.00906286286695
FC/C(=C(/F)Cl)C(F)F,4.145338496736047,3.8459698999999983,3.3573319999999995,218.7030531,0.7600590008020177,False,12062.818280970503,8659.926554675645,0.7423998837910848,0.7970135899444508,0.3279653983853879,35222.24497255567,1.7448457666348356,20186.45180340862,0.6815981906505104,0.3157894736842105,,27950.52248988026,52712.8675590145,61.39673786118919,147853.14221572556,23566.287742256423,145.00906286286695
C/C(=C\Cl)CC(F)(F)F,3.35621472051227,3.845261,3.6089905000000018,216.3019886999999,0.7624259756654568,False,11276.44675167556,6941.8119716614265,0.69400305658478,0.6388874599942224,0.4733248313039172,34532.96797282863,1.710700241386527,20186.45180340862,0.6682597462601251,0.391304347826087,,27144.14151624097,53887.04386347034,66.00644485678546,180087.88188776537,23011.06200626911,154.6800951987717
C/C(=C/Cl)CC(F)(F)F,3.35621472051227,3.845261,3.6089905000000018,216.3019886999999,0.7624259756654568,False,11276.44675167556,6941.8119716614265,0.69400305658478,0.6388874599942224,0.4733248313039172,34532.96797282863,1.710700241386527,20186.45180340862,0.6682597462601251,0.391304347826087,,27144.14151624097,53887.04386347034,66.00644485678546,180087.88188776537,23011.06200626911,154.6800951987717
F[C@H](/C=C/Cl)C(F)(F)F,4.377888420802259,3.781509400000001,3.3514089999999985,211.6608743,0.7628462277308014,False,21386.80138342065,8716.443690144428,1.316239579498754,0.8022151265566789,0.3729964179513516,51477.363467371935,2.550094685717855,20186.45180340862,0.9961567704204616,0.3684210526315789,,34984.40899947805,100653.70002073006,96.83014824612194,493659.4326454696,26516.64435366074,179.6094856905885
F[C@@H](/C=C/Cl)C(F)(F)F,4.377888420802259,3.781509400000001,3.3514089999999985,211.6608743,0.7628462277308014,False,21386.80138342065,8716.443690144428,1.316239579498754,0.8022151265566789,0.3729964179513516,51477.363467371935,2.550094685717855,20186.45180340862,0.9961567704204616,0.3684210526315789,,34984.40899947805,100653.70002073006,96.83014824612194,493659.4326454696,26516.64435366074,179.6094856905885
F[C@H](/C=C\Cl)C(F)(F)F,4.377888420802259,3.781509400000001,3.3514089999999985,211.6608743,0.7628462277308014,False,21386.80138342065,8716.443690144428,1.316239579498754,0.8022151265566789,0.3729964179513516,51477.363467371935,2.550094685717855,20186.45180340862,0.9961567704204616,0.3684210526315789,,34984.40899947805,100653.70002073006,96.83014824612194,493659.4326454696,26516.64435366074,179.6094856905885
F[C@@H](/C=C\Cl)C(F)(F)F,4.377888420802259,3.781509400000001,3.3514089999999985,211.6608743,0.7628462277308014,False,21386.80138342065,8716.443690144428,1.316239579498754,0.8022151265566789,0.3729964179513516,51477.363467371935,2.550094685717855,20186.45180340862,0.9961567704204616,0.3684210526315789,,34984.40899947805,100653.70002073006,96.83014824612194,493659.4326454696,26516.64435366074,179.6094856905885
C[C@H](Cl)/C(F)=C/C(F)(F)F,4.050482052979487,3.8567388,3.5872695999999986,217.26644329999996,0.7633785973655483,False,10550.833168738996,7062.978734984082,0.6493455456199378,0.6500390045723456,0.4954101782334451,33318.17825874306,1.6505217748627352,20186.45180340862,0.6447519184147752,0.43478260869565216,,26643.151421969367,50280.68600050339,61.45698231021553,154112.53954427765,22824.390363673156,148.40107065145247
C[C@@H](Cl)/C(F)=C/C(F)(F)F,4.050482052979487,3.8567388,3.5872695999999986,217.26644329999996,0.7633785973655483,False,10550.833168738996,7062.978734984082,0.6493455456199378,0.6500390045723456,0.4954101782334451,33318.17825874306,1.6505217748627352,20186.45180340862,0.6447519184147752,0.43478260869565216,,26643.151421969367,50280.68600050339,61.45698231021553,154112.53954427765,22824.390363673156,148.40107065145247
C[C@H](Cl)/C(F)=C\C(F)(F)F,4.050482052979487,3.8567388,3.5872695999999986,217.26644329999996,0.7633785973655483,False,10550.833168738996,7062.978734984082,0.6493455456199378,0.6500390045723456,0.4954101782334451,33318.17825874306,1.6505217748627352,20186.45180340862,0.6447519184147752,0.43478260869565216,,26643.151421969367,50280.68600050339,61.45698231021553,154112.53954427765,22824.390363673156,148.40107065145247
C[C@@H](Cl)/C(F)=C\C(F)(F)F,4.050482052979487,3.8567388,3.5872695999999986,217.26644329999996,0.7633785973655483,False,10550.833168738996,7062.978734984082,0.6493455456199378,0.6500390045723456,0.4954101782334451,33318.17825874306,1.6505217748627352,20186.45180340862,0.6447519184147752,0.43478260869565216,,26643.151421969367,50280.68600050339,61.45698231021553,154112.53954427765,22824.390363673156,148.40107065145247
C/C(=C\F)[C@H](Cl)C(F)(F)F,4.195889745287181,3.8423572999999993,3.6482125999999977,215.49616809999995,0.7638813445030324,False,11542.382911792374,6714.493581765453,0.7103699593904057,0.6179662841796812,0.4794114312852743,35131.51293316754,1.7403510669089128,20186.45180340862,0.679842402683867,0.3333333333333333,,27324.811061308985,56146.76692646859,69.05813106679233,201468.3814068363,23050.37484113895,158.93372076998253
C/C(=C\F)[C@@H](Cl)C(F)(F)F,4.195889745287181,3.8423572999999993,3.6482125999999977,215.49616809999995,0.7638813445030324,False,11542.382911792374,6714.493581765453,0.7103699593904057,0.6179662841796812,0.4794114312852743,35131.51293316754,1.7403510669089128,20186.45180340862,0.679842402683867,0.3333333333333333,,27324.811061308985,56146.76692646859,69.05813106679233,201468.3814068363,23050.37484113895,158.93372076998253
C/C(=C/F)[C@H](Cl)C(F)(F)F,4.195889745287181,3.8423572999999993,3.6482125999999977,215.49616809999995,0.7638813445030324,False,11542.382911792374,6714.493581765453,0.7103699593904057,0.6179662841796812,0.4794114312852743,35131.51293316754,1.7403510669089128,20186.45180340862,0.679842402683867,0.3333333333333333,,27324.811061308985,56146.76692646859,69.05813106679233,201468.3814068363,23050.37484113895,158.93372076998253
C/C(=C/F)[C@@H](Cl)C(F)(F)F,4.195889745287181,3.8423572999999993,3.6482125999999977,215.49616809999995,0.7638813445030324,False,11542.382911792374,6714.493581765453,0.7103699593904057,0.6179662841796812,0.4794114312852743,35131.51293316754,1.7403510669089128,20186.45180340862,0.679842402683867,0.3333333333333333,,27324.811061308985,56146.76692646859,69.05813106679233,201468.3814068363,23050.37484113895,158.93372076998253
CC(F)(F)/C(F)=C(/F)Cl,3.7417422929398425,3.767910299999999,3.4687194000000012,209.1743383999999,0.7641832410613342,False,22997.094420703583,7845.890056389507,1.4153442278407051,0.7220939993741882,0.4997425064815134,56795.04079314698,2.813522720399865,20186.45180340862,1.0990610357941095,0.35294117647058826,,36501.38488174117,124829.31853075416,109.4992233724704,823573.1404901036,26898.11732542766,187.34907637230845
CC(F)(F)/C(F)=C(\F)Cl,3.7417422929398425,3.767910299999999,3.4687194000000012,209.1743383999999,0.7641832410613342,False,22997.094420703583,7845.890056389507,1.4153442278407051,0.7220939993741882,0.4997425064815134,56795.04079314698,2.813522720399865,20186.45180340862,1.0990610357941095,0.35294117647058826,,36501.38488174117,124829.31853075416,109.4992233724704,823573.1404901036,26898.11732542766,187.34907637230845
F/C(=C\Cl)CC(F)(F)F,3.696269965267516,3.8617966000000017,3.3649487,218.7642064,0.7651232291954224,False,11521.262931014951,8571.22755860643,0.7090701411464748,0.7888502060132759,0.3594779802340723,34396.870489175395,1.7039582203033443,20186.45180340862,0.6656260754454904,0.4090909090909091,,27533.032310004342,50781.584758375626,59.3721921108851,138331.73838075795,23378.372959101755,142.1721430641567
F/C(=C/Cl)CC(F)(F)F,3.696269965267516,3.8617966000000017,3.3649487,218.7642064,0.7651232291954224,False,11521.262931014951,8571.22755860643,0.7090701411464748,0.7888502060132759,0.3594779802340723,34396.870489175395,1.7039582203033443,20186.45180340862,0.6656260754454904,0.4090909090909091,,27533.032310004342,50781.584758375626,59.3721921108851,138331.73838075795,23378.372959101755,142.1721430641567
C[C@H](F)C(F)(F)/C=C/Cl,4.4241723368861745,3.877621800000002,3.511638200000001,218.9975314999999,0.7661142739505221,False,9643.562909570071,7517.465301034995,0.5935080688972159,0.6918675313274818,0.5100797077927047,31828.221282231727,1.5767120240941657,20186.45180340862,0.6159192310000883,0.42857142857142855,,26079.56789172522,45663.827641486765,54.59529648466514,121346.58540607445,22645.329959842093,137.09277384832308
C[C@@H](F)C(F)(F)/C=C/Cl,4.4241723368861745,3.877621800000002,3.511638200000001,218.9975314999999,0.7661142739505221,False,9643.562909570071,7517.465301034995,0.5935080688972159,0.6918675313274818,0.5100797077927047,31828.221282231727,1.5767120240941657,20186.45180340862,0.6159192310000883,0.42857142857142855,,26079.56789172522,45663.827641486765,54.59529648466514,121346.58540607445,22645.329959842093,137.09277384832308
C[C@H](F)C(F)(F)/C=C\Cl,4.4241723368861745,3.877621800000002,3.511638200000001,218.9975314999999,0.7661142739505221,False,9643.562909570071,7517.465301034995,0.5935080688972159,0.6918675313274818,0.5100797077927047,31828.221282231727,1.5767120240941657,20186.45180340862,0.6159192310000883,0.42857142857142855,,26079.56789172522,45663.827641486765,54.59529648466514,121346.58540607445,22645.329959842093,137.09277384832308
C[C@@H](F)C(F)(F)/C=C\Cl,4.4241723368861745,3.877621800000002,3.511638200000001,218.9975314999999,0.7661142739505221,False,9643.562909570071,7517.465301034995,0.5935080688972159,0.6918675313274818,0.5100797077927047,31828.221282231727,1.5767120240941657,20186.45180340862,0.6159192310000883,0.42857142857142855,,26079.56789172522,45663.827641486765,54.59529648466514,121346.58540607445,22645.329959842093,137.09277384832308
C=C[C@](F)(Cl)CC(F)F,4.4482331760470135,3.8527318,3.6417762,215.69033279999996,0.7668438718258593,False,11210.035094635214,6736.737054721874,0.6899157856568157,0.620013455148384,0.4904508071693828,34547.45928495805,1.7114181145556484,20186.45180340862,0.6685401727955507,0.42857142857142855,,27075.945921715567,54433.378320687436,67.12712356101196,188273.41554023666,22955.542289321293,156.5295544224684
C=C[C@@](F)(Cl)CC(F)F,4.4482331760470135,3.8527318,3.6417762,215.69033279999996,0.7668438718258593,False,11210.035094635214,6736.737054721874,0.6899157856568157,0.620013455148384,0.4904508071693828,34547.45928495805,1.7114181145556484,20186.45180340862,0.6685401727955507,0.42857142857142855,,27075.945921715567,54433.378320687436,67.12712356101196,188273.41554023666,22955.542289321293,156.5295544224684
FC(F)=CC(F)(F)CCl,4.045230804428354,3.851363400000001,3.409480400000001,216.54777659999996,0.767531018484058,False,12998.43244831383,8225.514502872735,0.7999817716161489,0.7570326147321801,0.3147069144294349,36630.62373756827,1.81461428161352,20186.45180340862,0.7088522290779633,0.35,,28462.086309700822,57225.99754955782,67.13631567978875,178736.84023841572,23735.01912511604,153.10949541387762
C/C=C(\F)CC(F)(F)Cl,3.819664370861921,3.857076399999999,3.6348296,215.68579469999997,0.7684139313744734,False,11171.234560738643,6768.694816100682,0.6875278269572068,0.6229546775666457,0.4896958587684374,34453.07089607667,1.7067422859454198,20186.45180340862,0.6667136295093379,0.3333333333333333,,27042.911554767452,54108.63109878158,66.70414057207194,185156.17779394257,22947.6039622261,155.8920001000013
C/C=C(/F)CC(F)(F)Cl,3.819664370861921,3.857076399999999,3.6348296,215.68579469999997,0.7684139313744734,False,11171.234560738643,6768.694816100682,0.6875278269572068,0.6229546775666457,0.4896958587684374,34453.07089607667,1.7067422859454198,20186.45180340862,0.6667136295093379,0.3333333333333333,,27042.911554767452,54108.63109878158,66.70414057207194,185156.17779394257,22947.6039622261,155.8920001000013
C[C@](F)(/C=C/Cl)C(F)F,4.436407301921139,3.8769266,3.5838770000000006,217.76682939999992,0.7688141549875568,False,9809.895321856706,7057.198987970013,0.6037449107923714,0.6495070673916352,0.5290211635949524,32176.997711172928,1.5939897721767835,20186.45180340862,0.6226685277326814,0.42857142857142855,,26121.084992591834,47264.84196379823,57.62346501059031,135620.30956373914,22611.7731455235,142.83896727297554
C[C@@](F)(/C=C/Cl)C(F)F,4.436407301921139,3.8769266,3.5838770000000006,217.76682939999992,0.7688141549875568,False,9809.895321856706,7057.198987970013,0.6037449107923714,0.6495070673916352,0.5290211635949524,32176.997711172928,1.5939897721767835,20186.45180340862,0.6226685277326814,0.42857142857142855,,26121.084992591834,47264.84196379823,57.62346501059031,135620.30956373914,22611.7731455235,142.83896727297554
C[C@](F)(/C=C\Cl)C(F)F,4.436407301921139,3.8769266,3.5838770000000006,217.76682939999992,0.7688141549875568,False,9809.895321856706,7057.198987970013,0.6037449107923714,0.6495070673916352,0.5290211635949524,32176.997711172928,1.5939897721767835,20186.45180340862,0.6226685277326814,0.42857142857142855,,26121.084992591834,47264.84196379823,57.62346501059031,135620.30956373914,22611.7731455235,142.83896727297554
C[C@@](F)(/C=C\Cl)C(F)F,4.436407301921139,3.8769266,3.5838770000000006,217.76682939999992,0.7688141549875568,False,9809.895321856706,7057.198987970013,0.6037449107923714,0.6495070673916352,0.5290211635949524,32176.997711172928,1.5939897721767835,20186.45180340862,0.6226685277326814,0.42857142857142855,,26121.084992591834,47264.84196379823,57.62346501059031,135620.30956373914,22611.7731455235,142.83896727297554
C=C[C@](F)(Cl)CC(F)(F)F,4.077972437594872,3.8254781000000007,3.6350744,212.1137158,0.7700919976791759,False,14861.144065001909,6768.8626868583315,0.9146213902819682,0.6229701274985078,0.3865760361893576,41088.50836286828,2.035449754271833,20186.45180340862,0.7951183400853884,0.3888888888888889,,29799.003303505313,74708.12127006092,85.94460549901075,358169.4940049857,24038.268057289057,174.84272121781513
C=C[C@@](F)(Cl)CC(F)(F)F,4.077972437594872,3.8254781000000007,3.6350744,212.1137158,0.7700919976791759,False,14861.144065001909,6768.8626868583315,0.9146213902819682,0.6229701274985078,0.3865760361893576,41088.50836286828,2.035449754271833,20186.45180340862,0.7951183400853884,0.3888888888888889,,29799.003303505313,74708.12127006092,85.94460549901075,358169.4940049857,24038.268057289057,174.84272121781513
C[C@](F)(Cl)/C=C/C(F)F,4.400004504718343,3.8246197,3.6646639999999993,211.9456698,0.7702323113052889,False,14678.59970495362,6605.291133403094,0.9033867924848386,0.6079158715288933,0.4038119310586489,41012.011611042806,2.0316602447250114,20186.45180340862,0.7936380242317139,0.3684210526315789,,29688.944068528013,75138.23934540618,86.71280444006817,372134.99693035363,23961.338640323662,175.80251419816722
C[C@@](F)(Cl)/C=C/C(F)F,4.400004504718343,3.8246197,3.6646639999999993,211.9456698,0.7702323113052889,False,14678.59970495362,6605.291133403094,0.9033867924848386,0.6079158715288933,0.4038119310586489,41012.011611042806,2.0316602447250114,20186.45180340862,0.7936380242317139,0.3684210526315789,,29688.944068528013,75138.23934540618,86.71280444006817,372134.99693035363,23961.338640323662,175.80251419816722
C[C@](F)(Cl)/C=C\C(F)F,4.400004504718343,3.8246197,3.6646639999999993,211.9456698,0.7702323113052889,False,14678.59970495362,6605.291133403094,0.9033867924848386,0.6079158715288933,0.4038119310586489,41012.011611042806,2.0316602447250114,20186.45180340862,0.7936380242317139,0.3684210526315789,,29688.944068528013,75138.23934540618,86.71280444006817,372134.99693035363,23961.338640323662,175.80251419816722
C[C@@](F)(Cl)/C=C\C(F)F,4.400004504718343,3.8246197,3.6646639999999993,211.9456698,0.7702323113052889,False,14678.59970495362,6605.291133403094,0.9033867924848386,0.6079158715288933,0.4038119310586489,41012.011611042806,2.0316602447250114,20186.45180340862,0.7936380242317139,0.3684210526315789,,29688.944068528013,75138.23934540618,86.71280444006817,372134.99693035363,23961.338640323662,175.80251419816722
C[C@](F)(Cl)/C=C/C(F)(F)F,4.11316474528718,3.787957299999999,3.6529069,208.59754459999996,0.7703154977341082,False,19545.652879201418,6679.082556667903,1.2029270513865826,0.6147072417318705,0.4354651510262514,51892.45430145932,2.570657528466539,20186.45180340862,1.0041893407943836,0.5333333333333333,,33843.27564472205,115106.45240430499,109.11490450366588,866196.1361071678,25555.00688823704,188.53715766378613
C[C@@](F)(Cl)/C=C/C(F)(F)F,4.11316474528718,3.787957299999999,3.6529069,208.59754459999996,0.7703154977341082,False,19545.652879201418,6679.082556667903,1.2029270513865826,0.6147072417318705,0.4354651510262514,51892.45430145932,2.570657528466539,20186.45180340862,1.0041893407943836,0.5333333333333333,,33843.27564472205,115106.45240430499,109.11490450366588,866196.1361071678,25555.00688823704,188.53715766378613
C[C@](F)(Cl)/C=C\C(F)(F)F,4.11316474528718,3.787957299999999,3.6529069,208.59754459999996,0.7703154977341082,False,19545.652879201418,6679.082556667903,1.2029270513865826,0.6147072417318705,0.4354651510262514,51892.45430145932,2.570657528466539,20186.45180340862,1.0041893407943836,0.5333333333333333,,33843.27564472205,115106.45240430499,109.11490450366588,866196.1361071678,25555.00688823704,188.53715766378613
C[C@@](F)(Cl)/C=C\C(F)(F)F,4.11316474528718,3.787957299999999,3.6529069,208.59754459999996,0.7703154977341082,False,19545.652879201418,6679.082556667903,1.2029270513865826,0.6147072417318705,0.4354651510262514,51892.45430145932,2.570657528466539,20186.45180340862,1.0041893407943836,0.5333333333333333,,33843.27564472205,115106.45240430499,109.11490450366588,866196.1361071678,25555.00688823704,188.53715766378613
F/C=C(\Cl)CC(F)(F)F,3.6524217135192623,3.8320355999999993,3.3392933,214.1596869999999,0.7713374069221911,False,16699.238074295565,8753.744968647652,1.027745931090927,0.8056481378763096,0.1963223955717951,42411.080786427345,2.1009675796152516,20186.45180340862,0.8207119094789498,0.30434782608695654,,31187.14598489883,72410.58285569049,79.58366912507145,266723.4786253045,24964.438045316227,165.76555061962816
F/C=C(/Cl)CC(F)(F)F,3.6524217135192623,3.8320355999999993,3.3392933,214.1596869999999,0.7713374069221911,False,16699.238074295565,8753.744968647652,1.027745931090927,0.8056481378763096,0.1963223955717951,42411.080786427345,2.1009675796152516,20186.45180340862,0.8207119094789498,0.30434782608695654,,31187.14598489883,72410.58285569049,79.58366912507145,266723.4786253045,24964.438045316227,165.76555061962816
C[C@H](F)/C(=C\Cl)C(F)(F)F,4.170228206825641,3.892567899999999,3.517046499999999,218.95095820000003,0.771445511656399,False,9310.649902339072,7456.914040335752,0.5730191108341793,0.6862947152809635,0.529833639337374,31343.99865024776,1.5527245181817992,20186.45180340862,0.6065488666156074,0.375,,25833.33854026391,44550.3441665333,53.18563879142352,115873.95609275388,22537.372520556506,134.8684164906161
C[C@@H](F)/C(=C\Cl)C(F)(F)F,4.170228206825641,3.892567899999999,3.517046499999999,218.95095820000003,0.771445511656399,False,9310.649902339072,7456.914040335752,0.5730191108341793,0.6862947152809635,0.529833639337374,31343.99865024776,1.5527245181817992,20186.45180340862,0.6065488666156074,0.375,,25833.33854026391,44550.3441665333,53.18563879142352,115873.95609275388,22537.372520556506,134.8684164906161
C[C@H](F)/C(=C/Cl)C(F)(F)F,4.170228206825641,3.892567899999999,3.517046499999999,218.95095820000003,0.771445511656399,False,9310.649902339072,7456.914040335752,0.5730191108341793,0.6862947152809635,0.529833639337374,31343.99865024776,1.5527245181817992,20186.45180340862,0.6065488666156074,0.375,,25833.33854026391,44550.3441665333,53.18563879142352,115873.95609275388,22537.372520556506,134.8684164906161
C[C@@H](F)/C(=C/Cl)C(F)(F)F,4.170228206825641,3.892567899999999,3.517046499999999,218.95095820000003,0.771445511656399,False,9310.649902339072,7456.914040335752,0.5730191108341793,0.6862947152809635,0.529833639337374,31343.99865024776,1.5527245181817992,20186.45180340862,0.6065488666156074,0.375,,25833.33854026391,44550.3441665333,53.18563879142352,115873.95609275388,22537.372520556506,134.8684164906161
CC/C(Cl)=C/C(F)(F)F,3.442035699533249,3.9017071,3.5841644000000015,219.40337450000004,0.7722032076662001,False,8377.851697201253,7036.998194911979,0.5156105299400026,0.6476478938185966,0.5989867823545659,30115.974082642115,1.491890421156472,20186.45180340862,0.5827849264122906,0.391304347826087,,25168.74227633894,41962.54742238214,50.03272012622494,106054.40324948354,22218.250138630243,130.7155514389973
CC/C(Cl)=C\C(F)(F)F,3.442035699533249,3.9017071,3.5841644000000015,219.40337450000004,0.7722032076662001,False,8377.851697201253,7036.998194911979,0.5156105299400026,0.6476478938185966,0.5989867823545659,30115.974082642115,1.491890421156472,20186.45180340862,0.5827849264122906,0.391304347826087,,25168.74227633894,41962.54742238214,50.03272012622494,106054.40324948354,22218.250138630243,130.7155514389973
FCC(F)(F)/C=C(/F)Cl,4.1598706645682135,3.882293400000001,3.3794125999999993,218.5699610999999,0.7724755576017571,False,10997.564471146914,8419.362409573892,0.6768393915246442,0.774873345256585,0.3938461495890533,33599.696358260524,1.6644676679923998,20186.45180340862,0.6501996752916008,0.3,,27109.895532326504,49033.371008944436,57.58480420520188,130447.05013498393,23182.32112044242,139.64091389295825
FCC(F)(F)/C=C(\F)Cl,4.1598706645682135,3.882293400000001,3.3794125999999993,218.5699610999999,0.7724755576017571,False,10997.564471146914,8419.362409573892,0.6768393915246442,0.774873345256585,0.3938461495890533,33599.696358260524,1.6644676679923998,20186.45180340862,0.6501996752916008,0.3,,27109.895532326504,49033.371008944436,57.58480420520188,130447.05013498393,23182.32112044242,139.64091389295825
F/C=C(\CF)C(F)(F)Cl,4.199659475757025,3.7978612,3.3903243999999986,210.14262509999992,0.7725567560830409,False,21850.49744345844,8362.32077042168,1.344777512597647,0.7696235361144423,0.4146623304635162,52761.70291042311,2.613718518948136,20186.45180340862,1.0210104798091408,0.2916666666666667,,35257.83574078195,107136.24163439569,100.9570162166642,575149.1316427105,26554.49479083108,182.3471266422463
F/C=C(/CF)C(F)(F)Cl,4.199659475757025,3.7978612,3.3903243999999986,210.14262509999992,0.7725567560830409,False,21850.49744345844,8362.32077042168,1.344777512597647,0.7696235361144423,0.4146623304635162,52761.70291042311,2.613718518948136,20186.45180340862,1.0210104798091408,0.2916666666666667,,35257.83574078195,107136.24163439569,100.9570162166642,575149.1316427105,26554.49479083108,182.3471266422463
C/C(Cl)=C\CC(F)(F)F,3.2295412939388433,3.8893244,3.605197600000002,217.4840341999999,0.7738777787669563,False,9542.598624160752,6909.704724002917,0.587294274408313,0.6359324796536873,0.5503373286515041,31816.096457622418,1.5761113824000537,20186.45180340862,0.6156845992063994,0.45454545454545453,,25912.578232788397,46580.35951162864,57.02012339934988,133396.006194113,22510.611624613288,142.24591120105876
C/C(Cl)=C/CC(F)(F)F,3.2295412939388433,3.8893244,3.605197600000002,217.4840341999999,0.7738777787669563,False,9542.598624160752,6909.704724002917,0.587294274408313,0.6359324796536873,0.5503373286515041,31816.096457622418,1.5761113824000537,20186.45180340862,0.6156845992063994,0.45454545454545453,,25912.578232788397,46580.35951162864,57.02012339934988,133396.006194113,22510.611624613288,142.24591120105876
C/C(=C\[C@H](F)Cl)C(F)(F)F,4.049287822210257,3.8607717999999993,3.619420699999998,214.18209239999993,0.7749925774792552,False,12309.93175377804,6830.0749943585,0.7576083540857037,0.6286037827773914,0.4434961783108223,36277.889821739824,1.7971404868494052,20186.45180340862,0.7020263496089779,0.32,,27832.631915017595,59404.026152925326,72.38102636467077,222346.33532998024,23275.755636755668,162.09501263482386
C/C(=C\[C@@H](F)Cl)C(F)(F)F,4.049287822210257,3.8607717999999993,3.619420699999998,214.18209239999993,0.7749925774792552,False,12309.93175377804,6830.0749943585,0.7576083540857037,0.6286037827773914,0.4434961783108223,36277.889821739824,1.7971404868494052,20186.45180340862,0.7020263496089779,0.32,,27832.631915017595,59404.026152925326,72.38102636467077,222346.33532998024,23275.755636755668,162.09501263482386
C/C(=C/[C@H](F)Cl)C(F)(F)F,4.049287822210257,3.8607717999999993,3.619420699999998,214.18209239999993,0.7749925774792552,False,12309.93175377804,6830.0749943585,0.7576083540857037,0.6286037827773914,0.4434961783108223,36277.889821739824,1.7971404868494052,20186.45180340862,0.7020263496089779,0.32,,27832.631915017595,59404.026152925326,72.38102636467077,222346.33532998024,23275.755636755668,162.09501263482386
C/C(=C/[C@@H](F)Cl)C(F)(F)F,4.049287822210257,3.8607717999999993,3.619420699999998,214.18209239999993,0.7749925774792552,False,12309.93175377804,6830.0749943585,0.7576083540857037,0.6286037827773914,0.4434961783108223,36277.889821739824,1.7971404868494052,20186.45180340862,0.7020263496089779,0.32,,27832.631915017595,59404.026152925326,72.38102636467077,222346.33532998024,23275.755636755668,162.09501263482386
C/C=C(\[C@H](F)Cl)C(F)(F)F,4.107274360671795,3.852882699999999,3.524769399999997,213.5376143999999,0.7757564508200945,False,14101.696567228732,7399.166934814221,0.8678815886071249,0.6809799787655867,0.3452955959426393,38834.70572213411,1.9238004826373991,20186.45180340862,0.7515042035303587,0.3333333333333333,,29127.194581897154,65544.62758895112,76.93404895351799,252521.13180041892,23891.640753542644,165.42614072021075
C/C=C(\[C@@H](F)Cl)C(F)(F)F,4.107274360671795,3.852882699999999,3.524769399999997,213.5376143999999,0.7757564508200945,False,14101.696567228732,7399.166934814221,0.8678815886071249,0.6809799787655867,0.3452955959426393,38834.70572213411,1.9238004826373991,20186.45180340862,0.7515042035303587,0.3333333333333333,,29127.194581897154,65544.62758895112,76.93404895351799,252521.13180041892,23891.640753542644,165.42614072021075
C/C=C(/[C@H](F)Cl)C(F)(F)F,4.107274360671795,3.852882699999999,3.524769399999997,213.5376143999999,0.7757564508200945,False,14101.696567228732,7399.166934814221,0.8678815886071249,0.6809799787655867,0.3452955959426393,38834.70572213411,1.9238004826373991,20186.45180340862,0.7515042035303587,0.3333333333333333,,29127.194581897154,65544.62758895112,76.93404895351799,252521.13180041892,23891.640753542644,165.42614072021075
C/C=C(/[C@@H](F)Cl)C(F)(F)F,4.107274360671795,3.852882699999999,3.524769399999997,213.5376143999999,0.7757564508200945,False,14101.696567228732,7399.166934814221,0.8678815886071249,0.6809799787655867,0.3452955959426393,38834.70572213411,1.9238004826373991,20186.45180340862,0.7515042035303587,0.3333333333333333,,29127.194581897154,65544.62758895112,76.93404895351799,252521.13180041892,23891.640753542644,165.42614072021075
CC/C(=C\Cl)C(F)(F)F,3.5448811540787037,3.9114178000000006,3.5424471000000013,219.1596283,0.7770218458434447,False,8621.78224835863,7269.40704595688,0.5306231089753689,0.6690375686081768,0.5743263852729872,30395.40686903565,1.5057330116778214,20186.45180340862,0.5881923296531308,0.391304347826087,,25343.033219846802,42421.990134942076,50.40640752288127,106316.42932584588,22314.872257080133,130.6082672491837
CC/C(=C/Cl)C(F)(F)F,3.5448811540787037,3.9114178000000006,3.5424471000000013,219.1596283,0.7770218458434447,False,8621.78224835863,7269.40704595688,0.5306231089753689,0.6690375686081768,0.5743263852729872,30395.40686903565,1.5057330116778214,20186.45180340862,0.5881923296531308,0.391304347826087,,25343.033219846802,42421.990134942076,50.40640752288127,106316.42932584588,22314.872257080133,130.6082672491837
FC/C(Cl)=C(\F)C(F)F,4.1741951400926895,3.9229953999999982,3.351715499999999,221.88889469999995,0.7772353411687074,False,8342.160548373566,8601.51412253113,0.5134139367289579,0.7916376203046449,0.5293211484929748,30029.567121310454,1.487609977908042,20186.45180340862,0.5811128345695032,0.25,,25420.836636693763,40232.90286726426,45.12177476098686,87605.32899605206,22463.61706899165,118.36528695126385
FC/C(Cl)=C(/F)C(F)F,4.1741951400926895,3.9229953999999982,3.351715499999999,221.88889469999995,0.7772353411687074,False,8342.160548373566,8601.51412253113,0.5134139367289579,0.7916376203046449,0.5293211484929748,30029.567121310454,1.487609977908042,20186.45180340862,0.5811128345695032,0.25,,25420.836636693763,40232.90286726426,45.12177476098686,87605.32899605206,22463.61706899165,118.36528695126385
FC(F)=C1C(F)(F)C(F)C1(F)F,4.453615301460888,3.8218739999999984,3.6299050000000017,209.81430019999996,0.77723920024311,False,17269.312413129548,6771.7196910947805,1.062830860088844,0.6232330709759845,0.3819699409452156,46075.29236382652,2.28248593722877,20186.45180340862,0.891619371035189,0.16666666666666666,,31726.105502445876,92295.27837620421,97.67537013298097,546415.526711176,24787.517467408383,182.6418869997068
C=C(CF)[C@](F)(Cl)C(F)(F)F,4.1218329930154045,3.7884340000000023,3.627577999999998,206.73146250000008,0.7776787169307692,False,22260.78061792668,6792.092928554003,1.3700281774051546,0.6251081154147157,0.526749254581045,58648.83083060594,2.9053560973356736,20186.45180340862,1.134934386182834,0.3333333333333333,,36275.894340905914,143085.83110150605,119.1000326264076,1293776.6051168707,26494.702897357063,191.97295200265867
C=C(CF)[C@@](F)(Cl)C(F)(F)F,4.1218329930154045,3.7884340000000023,3.627577999999998,206.73146250000008,0.7776787169307692,False,22260.78061792668,6792.092928554003,1.3700281774051546,0.6251081154147157,0.526749254581045,58648.83083060594,2.9053560973356736,20186.45180340862,1.134934386182834,0.3333333333333333,,36275.894340905914,143085.83110150605,119.1000326264076,1293776.6051168707,26494.702897357063,191.97295200265867
F/C=C(\CCl)C(F)(F)F,3.7874154198129695,3.8011842999999983,3.3093045,209.7565092,0.7778119924607161,False,23875.823221031857,8977.69979509232,1.4694251353079697,0.8262597491969251,0.5005453350177393,56007.56470673924,2.774512591523488,20186.45180340862,1.083822305948971,0.36363636363636365,,36865.78020990104,115381.79885403508,103.1425512666594,612041.5135599402,27350.89563329704,182.8894461429047
F/C=C(/CCl)C(F)(F)F,3.7874154198129695,3.8011842999999983,3.3093045,209.7565092,0.7778119924607161,False,23875.823221031857,8977.69979509232,1.4694251353079697,0.8262597491969251,0.5005453350177393,56007.56470673924,2.774512591523488,20186.45180340862,1.083822305948971,0.36363636363636365,,36865.78020990104,115381.79885403508,103.1425512666594,612041.5135599402,27350.89563329704,182.8894461429047
F/C=C(\Cl)[C@H](F)C(F)(F)F,4.395724360671796,3.9069604,3.380089699999998,218.9900997999999,0.7797760355330619,False,10131.824272512978,8373.90239654673,0.6235578608003502,0.770689447396373,0.4407856777398617,32348.40248784186,1.6024808521515213,20186.45180340862,0.6259854425329002,0.3333333333333333,,26497.09850310722,46022.63851719869,53.848899117282286,115501.72875894999,22915.315979763443,133.7789185630422
F/C=C(\Cl)[C@@H](F)C(F)(F)F,4.395724360671796,3.9069604,3.380089699999998,218.9900997999999,0.7797760355330619,False,10131.824272512978,8373.90239654673,0.6235578608003502,0.770689447396373,0.4407856777398617,32348.40248784186,1.6024808521515213,20186.45180340862,0.6259854425329002,0.3333333333333333,,26497.09850310722,46022.63851719869,53.848899117282286,115501.72875894999,22915.315979763443,133.7789185630422
F/C=C(/Cl)[C@H](F)C(F)(F)F,4.395724360671796,3.9069604,3.380089699999998,218.9900997999999,0.7797760355330619,False,10131.824272512978,8373.90239654673,0.6235578608003502,0.770689447396373,0.4407856777398617,32348.40248784186,1.6024808521515213,20186.45180340862,0.6259854425329002,0.3333333333333333,,26497.09850310722,46022.63851719869,53.848899117282286,115501.72875894999,22915.315979763443,133.7789185630422
F/C=C(/Cl)[C@@H](F)C(F)(F)F,4.395724360671796,3.9069604,3.380089699999998,218.9900997999999,0.7797760355330619,False,10131.824272512978,8373.90239654673,0.6235578608003502,0.770689447396373,0.4407856777398617,32348.40248784186,1.6024808521515213,20186.45180340862,0.6259854425329002,0.3333333333333333,,26497.09850310722,46022.63851719869,53.848899117282286,115501.72875894999,22915.315979763443,133.7789185630422
F/C(Cl)=C/CC(F)(F)F,3.531632902330452,3.8069707999999993,3.3083855000000004,209.70728359999993,0.7799362708054131,False,23679.05269249349,8972.441428974926,1.4573149953624112,0.8257757971414422,0.4893782564080897,55519.78602802484,2.750348925542722,20186.45180340862,1.074383127239361,0.3,,36661.78526529318,113800.22683944671,102.53543800870582,596851.9170876733,27269.764531121295,182.5227898121461
F/C(Cl)=C\CC(F)(F)F,3.531632902330452,3.8069707999999993,3.3083855000000004,209.70728359999993,0.7799362708054131,False,23679.05269249349,8972.441428974926,1.4573149953624112,0.8257757971414422,0.4893782564080897,55519.78602802484,2.750348925542722,20186.45180340862,1.074383127239361,0.3,,36661.78526529318,113800.22683944671,102.53543800870582,596851.9170876733,27269.764531121295,182.5227898121461
FC1=C(F)C(F)(F)C(F)C1(F)F,4.059124054776538,3.871115399999999,3.5555557999999996,213.52459469999997,0.7815724824016401,False,13222.572351401195,7178.784474968662,0.8137763454983991,0.660697149070286,0.3870473797159249,37472.42181832938,1.8563154230007823,20186.45180340862,0.7251421631576026,0.2,,28453.59885146194,62151.63572663082,74.38430468633577,232875.6037825129,23584.982570915443,163.21464766767244
C/C=C(\CCl)C(F)(F)F,3.563101433798984,3.8993628,3.4928160000000004,216.71865159999993,0.7816462853630011,False,10765.89756717942,7570.419447099044,0.6625815722839261,0.696741149341501,0.4536707240555656,33352.0401593165,1.6521992316492575,20186.45180340862,0.6454071920970982,0.2916666666666667,,26768.498113418016,49698.73927453331,59.97402794815321,142868.50295028582,22945.551725312223,144.64751068248498
C/C=C(/CCl)C(F)(F)F,3.563101433798984,3.8993628,3.4928160000000004,216.71865159999993,0.7816462853630011,False,10765.89756717942,7570.419447099044,0.6625815722839261,0.696741149341501,0.4536707240555656,33352.0401593165,1.6521992316492575,20186.45180340862,0.6454071920970982,0.2916666666666667,,26768.498113418016,49698.73927453331,59.97402794815321,142868.50295028582,22945.551725312223,144.64751068248498
FC(F)C(F)(F)/C=C/Cl,4.032240594638144,3.8831716000000007,3.3649467000000004,215.9940773,0.7817694567384886,False,13050.192338046652,8486.12751710137,0.8031673071375872,0.7810180507223342,0.2944421897230679,36500.002738175855,1.8081435555708991,20186.45180340862,0.7063245356581882,0.47368421052631576,,28450.423232997793,56586.17113723275,66.17327072563167,170754.99799109367,23770.61929826281,151.120845409468
FC(F)C(F)(F)/C=C\Cl,4.032240594638144,3.8831716000000007,3.3649467000000004,215.9940773,0.7817694567384886,False,13050.192338046652,8486.12751710137,0.8031673071375872,0.7810180507223342,0.2944421897230679,36500.002738175855,1.8081435555708991,20186.45180340862,0.7063245356581882,0.47368421052631576,,28450.423232997793,56586.17113723275,66.17327072563167,170754.99799109367,23770.61929826281,151.120845409468
C=C[C@](Cl)(C(F)F)C(F)(F)F,4.21095962023434,3.8518818000000032,3.5899115999999993,211.24881549999992,0.7825551409556567,False,15376.259914392178,6973.525412745698,0.9463239276010924,0.6418061964717761,0.3621932103645631,41655.79821153916,2.0635522585749957,20186.45180340862,0.8060961677261238,0.35,,30090.935391864274,76047.12297797589,86.59700072141204,358390.26586426847,24201.816046355973,174.6970026922725
C=C[C@@](Cl)(C(F)F)C(F)(F)F,4.21095962023434,3.8518818000000032,3.5899115999999993,211.24881549999992,0.7825551409556567,False,15376.259914392178,6973.525412745698,0.9463239276010924,0.6418061964717761,0.3621932103645631,41655.79821153916,2.0635522585749957,20186.45180340862,0.8060961677261238,0.35,,30090.935391864274,76047.12297797589,86.59700072141204,358390.26586426847,24201.816046355973,174.6970026922725
C/C(=C\CCl)C(F)(F)F,3.271696538694089,3.9035732000000007,3.5239580000000013,216.47340889999995,0.7833508923926769,False,10546.7631486086,7361.135226194117,0.6490950583456165,0.6774797425421438,0.4766063307889941,33089.5595062744,1.639196418891556,20186.45180340862,0.6403278356184393,0.45454545454545453,,26591.340433487898,49351.46801107822,59.94017878389079,143510.50645522933,22847.261991449875,145.06475482382334
C/C(=C/CCl)C(F)(F)F,3.271696538694089,3.9035732000000007,3.5239580000000013,216.47340889999995,0.7833508923926769,False,10546.7631486086,7361.135226194117,0.6490950583456165,0.6774797425421438,0.4766063307889941,33089.5595062744,1.639196418891556,20186.45180340862,0.6403278356184393,0.45454545454545453,,26591.340433487898,49351.46801107822,59.94017878389079,143510.50645522933,22847.261991449875,145.06475482382334
C/C=C(\F)C(F)(F)[C@H](F)Cl,4.308205129902564,3.9241794,3.598900899999998,218.16956089999996,0.7840195665777908,False,8506.277575206243,6900.393761074579,0.5235144338773667,0.6350755481378711,0.6001736001275643,30288.734569546516,1.5004486605433085,20186.45180340862,0.5861280760434879,0.38095238095238093,,25203.64696977816,42659.96520555388,51.44529645924439,110903.93072391037,22222.01155752666,133.23010924332732
C/C=C(\F)C(F)(F)[C@@H](F)Cl,4.308205129902564,3.9241794,3.598900899999998,218.16956089999996,0.7840195665777908,False,8506.277575206243,6900.393761074579,0.5235144338773667,0.6350755481378711,0.6001736001275643,30288.734569546516,1.5004486605433085,20186.45180340862,0.5861280760434879,0.38095238095238093,,25203.64696977816,42659.96520555388,51.44529645924439,110903.93072391037,22222.01155752666,133.23010924332732
C/C=C(/F)C(F)(F)[C@H](F)Cl,4.308205129902564,3.9241794,3.598900899999998,218.16956089999996,0.7840195665777908,False,8506.277575206243,6900.393761074579,0.5235144338773667,0.6350755481378711,0.6001736001275643,30288.734569546516,1.5004486605433085,20186.45180340862,0.5861280760434879,0.38095238095238093,,25203.64696977816,42659.96520555388,51.44529645924439,110903.93072391037,22222.01155752666,133.23010924332732
C/C=C(/F)C(F)(F)[C@@H](F)Cl,4.308205129902564,3.9241794,3.598900899999998,218.16956089999996,0.7840195665777908,False,8506.277575206243,6900.393761074579,0.5235144338773667,0.6350755481378711,0.6001736001275643,30288.734569546516,1.5004486605433085,20186.45180340862,0.5861280760434879,0.38095238095238093,,25203.64696977816,42659.96520555388,51.44529645924439,110903.93072391037,22222.01155752666,133.23010924332732
FC(F)/C(=C\Cl)C(F)(F)F,3.741878982060129,3.9057697,3.4202665999999997,217.01650419999996,0.7846232884265174,False,11096.803331710758,8055.284204610857,0.6829469956378872,0.7413655232991979,0.4091630483234522,33692.653128763086,1.6690725768395738,20186.45180340862,0.6519985148213534,0.4090909090909091,,27044.49742536109,49886.901690074075,59.383826441107814,138227.50687271176,23119.370301401945,142.6840588269875
FC(F)/C(=C/Cl)C(F)(F)F,3.741878982060129,3.9057697,3.4202665999999997,217.01650419999996,0.7846232884265174,False,11096.803331710758,8055.284204610857,0.6829469956378872,0.7413655232991979,0.4091630483234522,33692.653128763086,1.6690725768395738,20186.45180340862,0.6519985148213534,0.4090909090909091,,27044.49742536109,49886.901690074075,59.383826441107814,138227.50687271176,23119.370301401945,142.6840588269875
C=C(F)[C@](F)(CF)C(F)(F)Cl,4.401834176447357,3.853070100000002,3.6593875999999983,210.26015440000003,0.7859396072489273,False,15375.23113283239,6568.896326113419,0.9462606117745052,0.6045662869994933,0.3990685946353302,42401.869027815206,2.100511245896882,20186.45180340862,0.8205336494615195,0.38095238095238093,,30174.1700016678,80471.81250197007,90.91634664394356,428593.49006815464,24149.303313991495,178.6639976012978
C=C(F)[C@@](F)(CF)C(F)(F)Cl,4.401834176447357,3.853070100000002,3.6593875999999983,210.26015440000003,0.7859396072489273,False,15375.23113283239,6568.896326113419,0.9462606117745052,0.6045662869994933,0.3990685946353302,42401.869027815206,2.100511245896882,20186.45180340862,0.8205336494615195,0.38095238095238093,,30174.1700016678,80471.81250197007,90.91634664394356,428593.49006815464,24149.303313991495,178.6639976012978
C/C(F)=C\C(F)(F)Cl,3.99411723719751,3.844965900000002,3.3513408000000005,211.08173680000004,0.786130087542691,False,19371.470597872005,8581.84149265599,1.1922070933796367,0.7898270560623918,0.2848091169693298,47104.240719987894,2.333458161876374,20186.45180340862,0.9115309166615077,0.5789473684210527,,33052.57867654354,87643.8357384937,90.4604454515573,385050.76055599895,25720.982875131383,174.95350321783397
C/C(F)=C/C(F)(F)Cl,3.99411723719751,3.844965900000002,3.3513408000000005,211.08173680000004,0.786130087542691,False,19371.470597872005,8581.84149265599,1.1922070933796367,0.7898270560623918,0.2848091169693298,47104.240719987894,2.333458161876374,20186.45180340862,0.9115309166615077,0.5789473684210527,,33052.57867654354,87643.8357384937,90.4604454515573,385050.76055599895,25720.982875131383,174.95350321783397
FC(F)(F)C(F)(F)/C=C/Cl,3.558694366675514,3.862207600000001,3.368903399999999,212.53830329999997,0.7862608394436397,False,16828.92224394088,8439.978647477697,1.035727275933542,0.7767707541640531,0.2260701980406021,42595.29170706034,2.1100930526021338,20186.45180340862,0.8242766405260296,0.5294117647058824,,31104.08984295489,74110.44699085005,81.74983883800628,285581.26140970906,24887.975033989977,167.93501949620284
FC(F)(F)C(F)(F)/C=C\Cl,3.558694366675514,3.862207600000001,3.368903399999999,212.53830329999997,0.7862608394436397,False,16828.92224394088,8439.978647477697,1.035727275933542,0.7767707541640531,0.2260701980406021,42595.29170706034,2.1100930526021338,20186.45180340862,0.8242766405260296,0.5294117647058824,,31104.08984295489,74110.44699085005,81.74983883800628,285581.26140970906,24887.975033989977,167.93501949620284
C/C=C/[C@H](F)C(F)(F)Cl,4.288838770452608,3.8728466999999993,3.628263599999999,211.9542836,0.7868421805036463,False,13649.781585731824,6732.346705311498,0.8400687158660989,0.6196093907348371,0.4126439521692284,38710.85643457334,1.917665214846561,20186.45180340862,0.7491075519148654,0.38095238095238093,,28779.91057627916,67435.33734594795,80.35197664493847,291159.12790086557,23640.222082724624,169.9615363450313
C/C=C/[C@@H](F)C(F)(F)Cl,4.288838770452608,3.8728466999999993,3.628263599999999,211.9542836,0.7868421805036463,False,13649.781585731824,6732.346705311498,0.8400687158660989,0.6196093907348371,0.4126439521692284,38710.85643457334,1.917665214846561,20186.45180340862,0.7491075519148654,0.38095238095238093,,28779.91057627916,67435.33734594795,80.35197664493847,291159.12790086557,23640.222082724624,169.9615363450313
C/C=C\[C@H](F)C(F)(F)Cl,4.288838770452608,3.8728466999999993,3.628263599999999,211.9542836,0.7868421805036463,False,13649.781585731824,6732.346705311498,0.8400687158660989,0.6196093907348371,0.4126439521692284,38710.85643457334,1.917665214846561,20186.45180340862,0.7491075519148654,0.38095238095238093,,28779.91057627916,67435.33734594795,80.35197664493847,291159.12790086557,23640.222082724624,169.9615363450313
C/C=C\[C@@H](F)C(F)(F)Cl,4.288838770452608,3.8728466999999993,3.628263599999999,211.9542836,0.7868421805036463,False,13649.781585731824,6732.346705311498,0.8400687158660989,0.6196093907348371,0.4126439521692284,38710.85643457334,1.917665214846561,20186.45180340862,0.7491075519148654,0.38095238095238093,,28779.91057627916,67435.33734594795,80.35197664493847,291159.12790086557,23640.222082724624,169.9615363450313
C/C(=C\F)C(F)(F)C(F)(F)Cl,3.6767441232794775,3.814010000000002,3.6694827999999986,205.99599290000003,0.7885992272440617,False,21327.58496959573,6513.728544160499,1.3125951360761503,0.599488937709524,0.5080598686331291,57281.01712743928,2.837597101525638,20186.45180340862,1.1084653366957329,0.34782608695652173,,35513.81114935278,140968.20871470726,119.50724232030382,1334767.078280566,26129.914632369655,192.31979649644464
C/C(=C/F)C(F)(F)C(F)(F)Cl,3.6767441232794775,3.814010000000002,3.6694827999999986,205.99599290000003,0.7885992272440617,False,21327.58496959573,6513.728544160499,1.3125951360761503,0.599488937709524,0.5080598686331291,57281.01712743928,2.837597101525638,20186.45180340862,1.1084653366957329,0.34782608695652173,,35513.81114935278,140968.20871470726,119.50724232030382,1334767.078280566,26129.914632369655,192.31979649644464
CC/C(F)=C/C(F)(F)Cl,3.9222077275052767,3.926842000000001,3.5998874000000014,217.04976710000005,0.7886010829466887,False,9066.887539943506,6876.473951165941,0.558016882888775,0.6328740960301995,0.574569843602149,31079.48757437353,1.539621121980711,20186.45180340862,0.6014302187025236,0.32,,25551.850592162937,44795.59784326064,54.71057637225542,123033.71290466416,22363.659245009138,138.47575395795243
CC/C(F)=C\C(F)(F)Cl,3.9222077275052767,3.926842000000001,3.5998874000000014,217.04976710000005,0.7886010829466887,False,9066.887539943506,6876.473951165941,0.558016882888775,0.6328740960301995,0.574569843602149,31079.48757437353,1.539621121980711,20186.45180340862,0.6014302187025236,0.32,,25551.850592162937,44795.59784326064,54.71057637225542,123033.71290466416,22363.659245009138,138.47575395795243
C=C[C@](F)(Cl)[C@H](F)C(F)(F)F,4.338933907920904,3.865856400000002,3.612077599999999,210.7445732,0.7888721704471262,False,15114.39945737106,6817.457869688468,0.9302078618249348,0.6274425697157623,0.3790382321231488,41355.898712475726,2.048695784441548,20186.45180340862,0.8002927058486115,0.42105263157894735,,29879.720294183608,75832.70904392346,86.93961351084907,364303.8656730098,24090.33476761837,175.18981000201524
C=C[C@@](F)(Cl)[C@H](F)C(F)(F)F,4.338933907920904,3.865856400000002,3.612077599999999,210.7445732,0.7888721704471262,False,15114.39945737106,6817.457869688468,0.9302078618249348,0.6274425697157623,0.3790382321231488,41355.898712475726,2.048695784441548,20186.45180340862,0.8002927058486115,0.42105263157894735,,29879.720294183608,75832.70904392346,86.93961351084907,364303.8656730098,24090.33476761837,175.18981000201524
C=C[C@](F)(Cl)[C@@H](F)C(F)(F)F,4.338933907920904,3.865856400000002,3.612077599999999,210.7445732,0.7888721704471262,False,15114.39945737106,6817.457869688468,0.9302078618249348,0.6274425697157623,0.3790382321231488,41355.898712475726,2.048695784441548,20186.45180340862,0.8002927058486115,0.42105263157894735,,29879.720294183608,75832.70904392346,86.93961351084907,364303.8656730098,24090.33476761837,175.18981000201524
C=C[C@@](F)(Cl)[C@@H](F)C(F)(F)F,4.338933907920904,3.865856400000002,3.612077599999999,210.7445732,0.7888721704471262,False,15114.39945737106,6817.457869688468,0.9302078618249348,0.6274425697157623,0.3790382321231488,41355.898712475726,2.048695784441548,20186.45180340862,0.8002927058486115,0.42105263157894735,,29879.720294183608,75832.70904392346,86.93961351084907,364303.8656730098,24090.33476761837,175.18981000201524
FC1=C(F)C(F)(F)C(F)(F)[C@@H]1F,4.459844632327195,3.874351499999999,3.5593000999999997,211.66621849999996,0.7891167938546548,False,14668.879726309422,7124.807369863614,0.902788581449256,0.6557293833458347,0.357732186681723,40034.33826055189,1.9832280903269897,20186.45180340862,0.7747187194781113,0.22727272727272727,,29484.143342679185,70359.18829753682,81.87836740494652,299827.0775242699,23994.122357299333,170.36127052080016
FC1=C(F)C(F)(F)C(F)(F)[C@H]1F,4.459844632327195,3.874351499999999,3.5593000999999997,211.66621849999996,0.7891167938546548,False,14668.879726309422,7124.807369863614,0.902788581449256,0.6557293833458347,0.357732186681723,40034.33826055189,1.9832280903269897,20186.45180340862,0.7747187194781113,0.22727272727272727,,29484.143342679185,70359.18829753682,81.87836740494652,299827.0775242699,23994.122357299333,170.36127052080016
FC(F)=C(F)C[C@H](F)Cl,4.423328980242816,3.8668793,3.385040100000001,211.81960650000005,0.7898658161855314,False,17162.679114725852,8299.251037222732,1.056268169140573,0.7638189332513161,0.2427912748617182,43242.63158615598,2.1421610893923497,20186.45180340862,0.8368035447784784,0.29411764705882354,,31310.767817486616,76578.41237067654,83.91507744194791,307712.4930832479,24951.96672887049,169.99743616379965
FC(F)=C(F)C[C@@H](F)Cl,4.423328980242816,3.8668793,3.385040100000001,211.81960650000005,0.7898658161855314,False,17162.679114725852,8299.251037222732,1.056268169140573,0.7638189332513161,0.2427912748617182,43242.63158615598,2.1421610893923497,20186.45180340862,0.8368035447784784,0.29411764705882354,,31310.767817486616,76578.41237067654,83.91507744194791,307712.4930832479,24951.96672887049,169.99743616379965
CC(F)(F)[C@H](F)/C=C/Cl,4.466365343879181,3.943197099999999,3.478423000000001,218.7211109999999,0.7909334106918177,False,8721.01962555659,7617.628469480035,0.5367306217956291,0.7010860167220825,0.5513330084267906,30427.229507876677,1.5073094471579611,20186.45180340862,0.5888081408563255,0.3076923076923077,,25413.727177951787,42198.57656059138,49.65028095343894,102178.25293281957,22381.733052176147,128.12544775054099
CC(F)(F)[C@@H](F)/C=C/Cl,4.466365343879181,3.943197099999999,3.478423000000001,218.7211109999999,0.7909334106918177,False,8721.01962555659,7617.628469480035,0.5367306217956291,0.7010860167220825,0.5513330084267906,30427.229507876677,1.5073094471579611,20186.45180340862,0.5888081408563255,0.3076923076923077,,25413.727177951787,42198.57656059138,49.65028095343894,102178.25293281957,22381.733052176147,128.12544775054099
CC(F)(F)[C@H](F)/C=C\Cl,4.466365343879181,3.943197099999999,3.478423000000001,218.7211109999999,0.7909334106918177,False,8721.01962555659,7617.628469480035,0.5367306217956291,0.7010860167220825,0.5513330084267906,30427.229507876677,1.5073094471579611,20186.45180340862,0.5888081408563255,0.3076923076923077,,25413.727177951787,42198.57656059138,49.65028095343894,102178.25293281957,22381.733052176147,128.12544775054099
CC(F)(F)[C@@H](F)/C=C\Cl,4.466365343879181,3.943197099999999,3.478423000000001,218.7211109999999,0.7909334106918177,False,8721.01962555659,7617.628469480035,0.5367306217956291,0.7010860167220825,0.5513330084267906,30427.229507876677,1.5073094471579611,20186.45180340862,0.5888081408563255,0.3076923076923077,,25413.727177951787,42198.57656059138,49.65028095343894,102178.25293281957,22381.733052176147,128.12544775054099
C=C(CC(F)(F)F)[C@H](F)Cl,3.9572455145179486,3.894947900000001,3.5973275000000005,212.94961419999993,0.7912585583873573,False,12570.240781897672,6886.797728910014,0.7736289379761737,0.6338242416358975,0.4304980182710724,36573.289103504976,1.8117740284267947,20186.45180340862,0.7077427261808708,0.3181818181818182,,27945.52761302575,60383.43918703864,73.44795880481021,227313.06526028382,23337.20996078737,162.7573359890322
C=C(CC(F)(F)F)[C@@H](F)Cl,3.9572455145179486,3.894947900000001,3.5973275000000005,212.94961419999993,0.7912585583873573,False,12570.240781897672,6886.797728910014,0.7736289379761737,0.6338242416358975,0.4304980182710724,36573.289103504976,1.8117740284267947,20186.45180340862,0.7077427261808708,0.3181818181818182,,27945.52761302575,60383.43918703864,73.44795880481021,227313.06526028382,23337.20996078737,162.7573359890322
CC(F)(F)/C=C(\F)[C@H](F)Cl,4.475351283748718,3.938748,3.5658328999999984,217.10820979999997,0.7930291548968228,False,9054.376254637102,7057.31213858143,0.5572468823349075,0.6495174811722187,0.5646842650597105,30984.887956041923,1.5349348294488243,20186.45180340862,0.5995995878400873,0.3076923076923077,,25546.621666595984,44323.7812337889,53.74853668430608,118228.45165822869,22382.462475622026,136.327951173646
CC(F)(F)/C=C(\F)[C@@H](F)Cl,4.475351283748718,3.938748,3.5658328999999984,217.10820979999997,0.7930291548968228,False,9054.376254637102,7057.31213858143,0.5572468823349075,0.6495174811722187,0.5646842650597105,30984.887956041923,1.5349348294488243,20186.45180340862,0.5995995878400873,0.3076923076923077,,25546.621666595984,44323.7812337889,53.74853668430608,118228.45165822869,22382.462475622026,136.327951173646
CC(F)(F)/C=C(/F)[C@H](F)Cl,4.475351283748718,3.938748,3.5658328999999984,217.10820979999997,0.7930291548968228,False,9054.376254637102,7057.31213858143,0.5572468823349075,0.6495174811722187,0.5646842650597105,30984.887956041923,1.5349348294488243,20186.45180340862,0.5995995878400873,0.3076923076923077,,25546.621666595984,44323.7812337889,53.74853668430608,118228.45165822869,22382.462475622026,136.327951173646
CC(F)(F)/C=C(/F)[C@@H](F)Cl,4.475351283748718,3.938748,3.5658328999999984,217.10820979999997,0.7930291548968228,False,9054.376254637102,7057.31213858143,0.5572468823349075,0.6495174811722187,0.5646842650597105,30984.887956041923,1.5349348294488243,20186.45180340862,0.5995995878400873,0.3076923076923077,,25546.621666595984,44323.7812337889,53.74853668430608,118228.45165822869,22382.462475622026,136.327951173646
FC(F)=C(CCl)C(F)F,3.990129405826955,3.8799425999999992,3.355588900000001,212.2569296,0.7937075581947005,False,16685.47005485975,8502.05204300914,1.0268985854880086,0.7824836594064013,0.2191732016613485,42186.8897950429,2.089861566851454,20186.45180340862,0.8163735098622631,0.2631578947368421,,30933.514754685286,72861.76872484434,80.7902875055553,274426.65737527586,24832.023637930644,166.80861714172326
C/C(=C\C(F)(F)F)CCl,3.427616818414368,3.939417300000001,3.5399717000000006,217.0746396,0.793750622827054,False,9260.2503643398,7211.591367989087,0.5699172974534032,0.6637165210494878,0.5459466175779863,31227.905901896604,1.5469734951946117,20186.45180340862,0.6043023145492796,0.45454545454545453,,25693.001345223558,44750.25894783748,54.10668820077638,118923.82741122981,22459.870718463415,136.45697201141064
C/C(=C/C(F)(F)F)CCl,3.427616818414368,3.939417300000001,3.5399717000000006,217.0746396,0.793750622827054,False,9260.2503643398,7211.591367989087,0.5699172974534032,0.6637165210494878,0.5459466175779863,31227.905901896604,1.5469734951946117,20186.45180340862,0.6043023145492796,0.45454545454545453,,25693.001345223558,44750.25894783748,54.10668820077638,118923.82741122981,22459.870718463415,136.45697201141064
C/C(=C\C(F)(F)F)[C@H](F)Cl,4.046818591441026,3.891069799999999,3.616510899999998,211.59919230000008,0.7944292131252801,False,13554.554798268118,6765.645276256586,0.8342080327073068,0.6226740141356712,0.412143028604475,38438.42290190874,1.9041693545875236,20186.45180340862,0.7438355937224959,0.43478260869565216,,28665.363610077675,66593.14082074417,79.63126743861532,281840.91804362886,23604.79902813949,169.0880602230304
C/C(=C\C(F)(F)F)[C@@H](F)Cl,4.046818591441026,3.891069799999999,3.616510899999998,211.59919230000008,0.7944292131252801,False,13554.554798268118,6765.645276256586,0.8342080327073068,0.6226740141356712,0.412143028604475,38438.42290190874,1.9041693545875236,20186.45180340862,0.7438355937224959,0.43478260869565216,,28665.363610077675,66593.14082074417,79.63126743861532,281840.91804362886,23604.79902813949,169.0880602230304
C/C(=C/C(F)(F)F)[C@H](F)Cl,4.046818591441026,3.891069799999999,3.616510899999998,211.59919230000008,0.7944292131252801,False,13554.554798268118,6765.645276256586,0.8342080327073068,0.6226740141356712,0.412143028604475,38438.42290190874,1.9041693545875236,20186.45180340862,0.7438355937224959,0.43478260869565216,,28665.363610077675,66593.14082074417,79.63126743861532,281840.91804362886,23604.79902813949,169.0880602230304
C/C(=C/C(F)(F)F)[C@@H](F)Cl,4.046818591441026,3.891069799999999,3.616510899999998,211.59919230000008,0.7944292131252801,False,13554.554798268118,6765.645276256586,0.8342080327073068,0.6226740141356712,0.412143028604475,38438.42290190874,1.9041693545875236,20186.45180340862,0.7438355937224959,0.43478260869565216,,28665.363610077675,66593.14082074417,79.63126743861532,281840.91804362886,23604.79902813949,169.0880602230304
FC/C(Cl)=C/C(F)(F)F,3.820639895337444,3.911254,3.281447600000001,215.4851081,0.7961909477272135,False,13662.099933982876,9084.18352836125,0.8408268422091365,0.8360599457675919,0.2285004060014775,37139.6246817936,1.8398292599159167,20186.45180340862,0.718702087396015,0.34782608695652173,,28880.455317912296,57468.726368781834,66.21549965487354,167857.29692993514,24037.256217225426,149.8948650224758
FC/C(Cl)=C\C(F)(F)F,3.820639895337444,3.911254,3.281447600000001,215.4851081,0.7961909477272135,False,13662.099933982876,9084.18352836125,0.8408268422091365,0.8360599457675919,0.2285004060014775,37139.6246817936,1.8398292599159167,20186.45180340862,0.718702087396015,0.34782608695652173,,28880.455317912296,57468.726368781834,66.21549965487354,167857.29692993514,24037.256217225426,149.8948650224758
C=CC(F)(F)[C@H](Cl)C(F)(F)F,4.081876188281678,3.903672100000001,3.594433899999999,212.1059841,0.7972148062477673,False,13030.145162383678,6878.559938389444,0.8019335141270426,0.6330660792017756,0.4169782189256653,37339.452719303816,1.8497283763855317,20186.45180340862,0.7225690308266319,0.3684210526315789,,28251.01121250306,62840.47023976398,75.94444283000531,246411.27575585194,23460.98372148899,165.22653529944031
C=CC(F)(F)[C@@H](Cl)C(F)(F)F,4.081876188281678,3.903672100000001,3.594433899999999,212.1059841,0.7972148062477673,False,13030.145162383678,6878.559938389444,0.8019335141270426,0.6330660792017756,0.4169782189256653,37339.452719303816,1.8497283763855317,20186.45180340862,0.7225690308266319,0.3684210526315789,,28251.01121250306,62840.47023976398,75.94444283000531,246411.27575585194,23460.98372148899,165.22653529944031
FC(F)=C(Cl)CC(F)F,4.001325909323459,3.924029700000001,3.441682800000001,214.8938746999999,0.7974962044395694,False,11950.904669845162,7842.2618521461745,0.7355122187397788,0.721760078749022,0.3838896198306292,34905.15982131437,1.7291379466410437,20186.45180340862,0.6754621631049462,0.3333333333333333,,27517.077490773903,53587.81009270942,64.28893098483182,161471.97256425206,23299.940409037703,149.55956230770664
F/C=C(\F)[C@H](Cl)C(F)(F)F,4.414249360671795,3.884429899999999,3.3921004999999984,210.96519320000004,0.7986170818811438,False,17317.84287775606,8201.03043682478,1.065817642319982,0.7547792314899421,0.253899955394294,43476.33894354822,2.1537385255692603,20186.45180340862,0.8413260989786545,0.35,,31342.093097310215,77812.8131478372,85.14636977683793,319596.6280302563,24953.386007557558,171.03075316686073
F/C=C(\F)[C@@H](Cl)C(F)(F)F,4.414249360671795,3.884429899999999,3.3921004999999984,210.96519320000004,0.7986170818811438,False,17317.84287775606,8201.03043682478,1.065817642319982,0.7547792314899421,0.253899955394294,43476.33894354822,2.1537385255692603,20186.45180340862,0.8413260989786545,0.35,,31342.093097310215,77812.8131478372,85.14636977683793,319596.6280302563,24953.386007557558,171.03075316686073
F/C=C(/F)[C@H](Cl)C(F)(F)F,4.414249360671795,3.884429899999999,3.3921004999999984,210.96519320000004,0.7986170818811438,False,17317.84287775606,8201.03043682478,1.065817642319982,0.7547792314899421,0.253899955394294,43476.33894354822,2.1537385255692603,20186.45180340862,0.8413260989786545,0.35,,31342.093097310215,77812.8131478372,85.14636977683793,319596.6280302563,24953.386007557558,171.03075316686073
F/C=C(/F)[C@@H](Cl)C(F)(F)F,4.414249360671795,3.884429899999999,3.3921004999999984,210.96519320000004,0.7986170818811438,False,17317.84287775606,8201.03043682478,1.065817642319982,0.7547792314899421,0.253899955394294,43476.33894354822,2.1537385255692603,20186.45180340862,0.8413260989786545,0.35,,31342.093097310215,77812.8131478372,85.14636977683793,319596.6280302563,24953.386007557558,171.03075316686073
C=CCC(F)(F)C(F)(F)Cl,3.2795328282139744,3.8583173000000017,3.669205399999998,207.2039494999999,0.7987716321692943,False,18143.601636911157,6467.362594721069,1.116638536124153,0.5952216622793473,0.4212482056900423,48854.79378365417,2.420177367446254,20186.45180340862,0.9454064916500504,0.36363636363636365,,32488.594388306105,105842.69222914107,106.05568651102692,757796.1512854744,25009.66016237046,187.22050358000607
C=CC(F)(F)C(F)(F)CCl,3.6046924435985903,3.9366860000000026,3.5063949,214.7663512999999,0.8009541970505103,False,11084.369376666327,7393.313067115727,0.6821817543348153,0.6804412199112269,0.4506952975231942,33774.02437053457,1.673103559726707,20186.45180340862,0.6535731586637786,0.3684210526315789,,26878.58592159926,51330.760796943054,62.530057854444486,154339.85446884786,22977.264203878174,148.16684508327188
C[C@](Cl)(C=C(F)F)C(F)(F)F,4.260257253370435,3.8710320000000022,3.669728700000003,207.60441920000005,0.8015613339080585,False,17250.1378420166,6451.678433909106,1.0616507710719638,0.5937781755205295,0.4108734455488666,46738.74016551818,2.3153519311217448,20186.45180340862,0.9044579854272145,0.3684210526315789,,31697.369037481352,97690.33541276075,102.00809521380438,646118.864737669,24710.26922798515,185.26583418826272
C[C@@](Cl)(C=C(F)F)C(F)(F)F,4.260257253370435,3.8710320000000022,3.669728700000003,207.60441920000005,0.8015613339080585,False,17250.1378420166,6451.678433909106,1.0616507710719638,0.5937781755205295,0.4108734455488666,46738.74016551818,2.3153519311217448,20186.45180340862,0.9044579854272145,0.3684210526315789,,31697.369037481352,97690.33541276075,102.00809521380438,646118.864737669,24710.26922798515,185.26583418826272
FC1=CC(F)(F)C(F)(F)C1(F)F,4.171631216580252,3.9589545,3.527919799999999,215.59470229999997,0.8056839265755761,False,9842.706778434444,7234.204704052085,0.6057642748400547,0.6657977322517304,0.5168297231782185,31993.46113870452,1.5848977051678892,20186.45180340862,0.6191168462367934,0.23529411764705882,,26030.116177608423,46830.17013437393,57.0957239111063,129971.6152040975,22606.56144170608,140.73448264050194
C/C(=C\Cl)[C@H](F)C(F)F,4.4617017075155445,3.9606894000000015,3.553678000000001,215.5744608999999,0.8059676263866716,False,9606.251861739289,7075.039854325393,0.591211779843654,0.6511490458601412,0.5374056169625352,31712.8313599939,1.5709958178305992,20186.45180340862,0.6136862795718676,0.3,,25863.203674316697,46326.49855571964,56.693113419959985,129013.75549475344,22519.39349605479,140.55586214361378
C/C(=C\Cl)[C@@H](F)C(F)F,4.4617017075155445,3.9606894000000015,3.553678000000001,215.5744608999999,0.8059676263866716,False,9606.251861739289,7075.039854325393,0.591211779843654,0.6511490458601412,0.5374056169625352,31712.8313599939,1.5709958178305992,20186.45180340862,0.6136862795718676,0.3,,25863.203674316697,46326.49855571964,56.693113419959985,129013.75549475344,22519.39349605479,140.55586214361378
C/C(=C/Cl)[C@H](F)C(F)F,4.4617017075155445,3.9606894000000015,3.553678000000001,215.5744608999999,0.8059676263866716,False,9606.251861739289,7075.039854325393,0.591211779843654,0.6511490458601412,0.5374056169625352,31712.8313599939,1.5709958178305992,20186.45180340862,0.6136862795718676,0.3,,25863.203674316697,46326.49855571964,56.693113419959985,129013.75549475344,22519.39349605479,140.55586214361378
C/C(=C/Cl)[C@@H](F)C(F)F,4.4617017075155445,3.9606894000000015,3.553678000000001,215.5744608999999,0.8059676263866716,False,9606.251861739289,7075.039854325393,0.591211779843654,0.6511490458601412,0.5374056169625352,31712.8313599939,1.5709958178305992,20186.45180340862,0.6136862795718676,0.3,,25863.203674316697,46326.49855571964,56.693113419959985,129013.75549475344,22519.39349605479,140.55586214361378
FC(F)C(=CCl)C(F)F,4.238328007225557,3.902155500000001,3.3792755999999997,210.58277879999997,0.8063635570132096,False,17277.658889440485,8255.56757709605,1.063344539636938,0.7597985398730416,0.2484135103993709,43226.436709552814,2.1413588247466913,20186.45180340862,0.8364901519609812,0.375,,31238.64399065344,77030.60670922257,84.58904522301562,311083.7870513254,24925.711031467275,170.32737327523336
C=C(F)C[C@](F)(Cl)C(F)(F)F,4.132206957512446,3.874354000000001,3.6770386,206.1102588,0.8081209074443991,False,18638.633575910117,6388.159295277761,1.147105019612963,0.5879322117711702,0.4375382827720678,50316.77661537325,2.492601330109778,20186.45180340862,0.97369784143875,0.3333333333333333,,32920.34736657057,112933.4149312761,109.71683733644329,875646.2487665075,25154.111770420255,188.8303278407096
C=C(F)C[C@@](F)(Cl)C(F)(F)F,4.132206957512446,3.874354000000001,3.6770386,206.1102588,0.8081209074443991,False,18638.633575910117,6388.159295277761,1.147105019612963,0.5879322117711702,0.4375382827720678,50316.77661537325,2.492601330109778,20186.45180340862,0.97369784143875,0.3333333333333333,,32920.34736657057,112933.4149312761,109.71683733644329,875646.2487665075,25154.111770420255,188.8303278407096
C[C@H](Cl)/C=C/C(F)(F)F,3.9121478613616976,3.919996800000001,3.5499289000000003,210.74051859999997,0.8081312506248008,False,14218.898796246738,7095.272626333389,0.875094738898901,0.6530111626056826,0.3687852729258501,39090.658461791005,1.936479914473641,20186.45180340862,0.7564572360351896,0.3888888888888889,,29038.21343385357,67832.27126075787,80.0946912760978,278401.59926641657,23819.958676236027,168.4735148102758
C[C@@H](Cl)/C=C/C(F)(F)F,3.9121478613616976,3.919996800000001,3.5499289000000003,210.74051859999997,0.8081312506248008,False,14218.898796246738,7095.272626333389,0.875094738898901,0.6530111626056826,0.3687852729258501,39090.658461791005,1.936479914473641,20186.45180340862,0.7564572360351896,0.3888888888888889,,29038.21343385357,67832.27126075787,80.0946912760978,278401.59926641657,23819.958676236027,168.4735148102758
C[C@H](Cl)/C=C\C(F)(F)F,3.9121478613616976,3.919996800000001,3.5499289000000003,210.74051859999997,0.8081312506248008,False,14218.898796246738,7095.272626333389,0.875094738898901,0.6530111626056826,0.3687852729258501,39090.658461791005,1.936479914473641,20186.45180340862,0.7564572360351896,0.3888888888888889,,29038.21343385357,67832.27126075787,80.0946912760978,278401.59926641657,23819.958676236027,168.4735148102758
C[C@@H](Cl)/C=C\C(F)(F)F,3.9121478613616976,3.919996800000001,3.5499289000000003,210.74051859999997,0.8081312506248008,False,14218.898796246738,7095.272626333389,0.875094738898901,0.6530111626056826,0.3687852729258501,39090.658461791005,1.936479914473641,20186.45180340862,0.7564572360351896,0.3888888888888889,,29038.21343385357,67832.27126075787,80.0946912760978,278401.59926641657,23819.958676236027,168.4735148102758
C=C(CCCl)C(F)(F)F,3.3821447904423394,3.9801498,3.5304062000000016,216.7916218999999,0.8092955037028955,False,8690.94671040267,7201.035040080281,0.5348797998570487,0.6627449727632397,0.5745239368185515,30376.334983279216,1.5047882252466955,20186.45180340862,0.5878232628081864,0.42105263157894735,,25279.695920013815,42682.84790717413,51.21395111816962,107704.83735810785,22290.728570535615,131.4108034030289
FC/C(Cl)=C(\F)C(F)(F)F,3.7442097512908976,3.9920799999999983,3.348143599999999,219.3684049999999,0.8099124671842803,False,8411.67494965728,8459.25081524257,0.5176921644393303,0.7785444620031802,0.5307197033771017,29920.96214664988,1.482229885570951,20186.45180340862,0.5790111810751853,0.4,,25305.24705399428,40285.07935687568,45.6769561079631,88081.67026923694,22411.33638953655,118.86785574132254
FC/C(Cl)=C(/F)C(F)(F)F,3.7442097512908976,3.9920799999999983,3.348143599999999,219.3684049999999,0.8099124671842803,False,8411.67494965728,8459.25081524257,0.5176921644393303,0.7785444620031802,0.5307197033771017,29920.96214664988,1.482229885570951,20186.45180340862,0.5790111810751853,0.4,,25305.24705399428,40285.07935687568,45.6769561079631,88081.67026923694,22411.33638953655,118.86785574132254
F/C(Cl)=C(\F)CC(F)F,4.050089545687095,3.8994994999999992,3.4478167000000024,208.4694172,0.811082766165763,False,18617.279117418544,7744.035402448924,1.1457907705599393,0.7127198386492449,0.3221565456205673,46350.70240510722,2.2961292482951654,20186.45180340862,0.896948928704502,0.3333333333333333,,32257.046945644386,89308.57539524933,93.86128635877228,436343.63968653884,25245.217052515105,178.12320060682333
F/C(Cl)=C(/F)CC(F)F,4.050089545687095,3.8994994999999992,3.4478167000000024,208.4694172,0.811082766165763,False,18617.279117418544,7744.035402448924,1.1457907705599393,0.7127198386492449,0.3221565456205673,46350.70240510722,2.2961292482951654,20186.45180340862,0.896948928704502,0.3333333333333333,,32257.046945644386,89308.57539524933,93.86128635877228,436343.63968653884,25245.217052515105,178.12320060682333
C/C=C(\Cl)[C@H](F)C(F)F,4.419873735487572,3.986831499999999,3.5260161999999995,216.51241149999996,0.8126435976894344,False,8751.203262507346,7213.578844394296,0.5385882580496697,0.6638994378091905,0.5708453236338338,30441.674825569506,1.5080250418465924,20186.45180340862,0.5890876773370489,0.23529411764705882,,25308.407050694324,42858.59729136515,51.49174563284203,108447.10923597816,22304.93166419988,131.76418047278216
C/C=C(\Cl)[C@@H](F)C(F)F,4.419873735487572,3.986831499999999,3.5260161999999995,216.51241149999996,0.8126435976894344,False,8751.203262507346,7213.578844394296,0.5385882580496697,0.6638994378091905,0.5708453236338338,30441.674825569506,1.5080250418465924,20186.45180340862,0.5890876773370489,0.23529411764705882,,25308.407050694324,42858.59729136515,51.49174563284203,108447.10923597816,22304.93166419988,131.76418047278216
C/C=C(/Cl)[C@H](F)C(F)F,4.419873735487572,3.986831499999999,3.5260161999999995,216.51241149999996,0.8126435976894344,False,8751.203262507346,7213.578844394296,0.5385882580496697,0.6638994378091905,0.5708453236338338,30441.674825569506,1.5080250418465924,20186.45180340862,0.5890876773370489,0.23529411764705882,,25308.407050694324,42858.59729136515,51.49174563284203,108447.10923597816,22304.93166419988,131.76418047278216
C/C=C(/Cl)[C@@H](F)C(F)F,4.419873735487572,3.986831499999999,3.5260161999999995,216.51241149999996,0.8126435976894344,False,8751.203262507346,7213.578844394296,0.5385882580496697,0.6638994378091905,0.5708453236338338,30441.674825569506,1.5080250418465924,20186.45180340862,0.5890876773370489,0.23529411764705882,,25308.407050694324,42858.59729136515,51.49174563284203,108447.10923597816,22304.93166419988,131.76418047278216
C[C@H](Cl)/C=C(\F)C(F)(F)F,4.076997437594872,3.9531188999999993,3.6010793999999993,212.3990745,0.8132953124356893,False,11458.721774520893,6769.553424540003,0.7052210781636895,0.6230336993216524,0.4785375686464919,34705.31325787572,1.719237912430727,20186.45180340862,0.6715948611724986,0.43478260869565216,,27071.984506564087,55405.22374875821,68.70562144752459,192470.23214722925,22976.6001688581,157.3414936356111
C[C@@H](Cl)/C=C(\F)C(F)(F)F,4.076997437594872,3.9531188999999993,3.6010793999999993,212.3990745,0.8132953124356893,False,11458.721774520893,6769.553424540003,0.7052210781636895,0.6230336993216524,0.4785375686464919,34705.31325787572,1.719237912430727,20186.45180340862,0.6715948611724986,0.43478260869565216,,27071.984506564087,55405.22374875821,68.70562144752459,192470.23214722925,22976.6001688581,157.3414936356111
C[C@H](Cl)/C=C(/F)C(F)(F)F,4.076997437594872,3.9531188999999993,3.6010793999999993,212.3990745,0.8132953124356893,False,11458.721774520893,6769.553424540003,0.7052210781636895,0.6230336993216524,0.4785375686464919,34705.31325787572,1.719237912430727,20186.45180340862,0.6715948611724986,0.43478260869565216,,27071.984506564087,55405.22374875821,68.70562144752459,192470.23214722925,22976.6001688581,157.3414936356111
C[C@@H](Cl)/C=C(/F)C(F)(F)F,4.076997437594872,3.9531188999999993,3.6010793999999993,212.3990745,0.8132953124356893,False,11458.721774520893,6769.553424540003,0.7052210781636895,0.6230336993216524,0.4785375686464919,34705.31325787572,1.719237912430727,20186.45180340862,0.6715948611724986,0.43478260869565216,,27071.984506564087,55405.22374875821,68.70562144752459,192470.23214722925,22976.6001688581,157.3414936356111
C/C(F)=C\C(F)(F)[C@H](F)Cl,4.432693591441026,3.9272345,3.5674612999999984,209.8950972,0.8133217945099199,False,14539.960217077689,6968.0652907526555,0.8948542972345108,0.6413036758783582,0.3737896089358644,39805.192871981744,1.9718766457639856,20186.45180340862,0.7702844455592563,0.4782608695652174,,29263.986270801983,70657.08928716788,82.85159619273999,306913.83434091875,23889.938366292274,171.11285863424916
C/C(F)=C\C(F)(F)[C@@H](F)Cl,4.432693591441026,3.9272345,3.5674612999999984,209.8950972,0.8133217945099199,False,14539.960217077689,6968.0652907526555,0.8948542972345108,0.6413036758783582,0.3737896089358644,39805.192871981744,1.9718766457639856,20186.45180340862,0.7702844455592563,0.4782608695652174,,29263.986270801983,70657.08928716788,82.85159619273999,306913.83434091875,23889.938366292274,171.11285863424916
C/C(F)=C/C(F)(F)[C@H](F)Cl,4.432693591441026,3.9272345,3.5674612999999984,209.8950972,0.8133217945099199,False,14539.960217077689,6968.0652907526555,0.8948542972345108,0.6413036758783582,0.3737896089358644,39805.192871981744,1.9718766457639856,20186.45180340862,0.7702844455592563,0.4782608695652174,,29263.986270801983,70657.08928716788,82.85159619273999,306913.83434091875,23889.938366292274,171.11285863424916
C/C(F)=C/C(F)(F)[C@@H](F)Cl,4.432693591441026,3.9272345,3.5674612999999984,209.8950972,0.8133217945099199,False,14539.960217077689,6968.0652907526555,0.8948542972345108,0.6413036758783582,0.3737896089358644,39805.192871981744,1.9718766457639856,20186.45180340862,0.7702844455592563,0.4782608695652174,,29263.986270801983,70657.08928716788,82.85159619273999,306913.83434091875,23889.938366292274,171.11285863424916
C/C(=C\Cl)[C@H](F)C(F)(F)F,4.160680129902564,3.9852349999999994,3.5663638999999985,215.92561869999997,0.8133644390001797,False,8810.891152524828,6966.405130855235,0.5422617182295861,0.6411508835894895,0.5816330655548522,30593.42944707052,1.5155426889783874,20186.45180340862,0.5920243349952572,0.375,,25321.295140296686,43580.53409768559,53.000737888460755,114695.87817309069,22285.456103104276,134.9241085411821
C/C(=C\Cl)[C@@H](F)C(F)(F)F,4.160680129902564,3.9852349999999994,3.5663638999999985,215.92561869999997,0.8133644390001797,False,8810.891152524828,6966.405130855235,0.5422617182295861,0.6411508835894895,0.5816330655548522,30593.42944707052,1.5155426889783874,20186.45180340862,0.5920243349952572,0.375,,25321.295140296686,43580.53409768559,53.000737888460755,114695.87817309069,22285.456103104276,134.9241085411821
C/C(=C/Cl)[C@H](F)C(F)(F)F,4.160680129902564,3.9852349999999994,3.5663638999999985,215.92561869999997,0.8133644390001797,False,8810.891152524828,6966.405130855235,0.5422617182295861,0.6411508835894895,0.5816330655548522,30593.42944707052,1.5155426889783874,20186.45180340862,0.5920243349952572,0.375,,25321.295140296686,43580.53409768559,53.000737888460755,114695.87817309069,22285.456103104276,134.9241085411821
C/C(=C/Cl)[C@@H](F)C(F)(F)F,4.160680129902564,3.9852349999999994,3.5663638999999985,215.92561869999997,0.8133644390001797,False,8810.891152524828,6966.405130855235,0.5422617182295861,0.6411508835894895,0.5816330655548522,30593.42944707052,1.5155426889783874,20186.45180340862,0.5920243349952572,0.375,,25321.295140296686,43580.53409768559,53.000737888460755,114695.87817309069,22285.456103104276,134.9241085411821
F[C@H](Cl)/C=C/C(F)(F)F,4.216908001221838,3.8894662000000007,3.3669263999999997,207.3324932,0.813978430518137,False,21868.24309483341,8314.519146309667,1.3458696594916577,0.7652241288217649,0.4180257540443823,51864.09105795214,2.5692524651209148,20186.45180340862,1.003640473580765,0.4117647058823529,,34713.33808318156,105816.48168053626,101.19296205873624,557199.4166018637,26364.525777748204,181.92861219612647
F[C@@H](Cl)/C=C/C(F)(F)F,4.216908001221838,3.8894662000000007,3.3669263999999997,207.3324932,0.813978430518137,False,21868.24309483341,8314.519146309667,1.3458696594916577,0.7652241288217649,0.4180257540443823,51864.09105795214,2.5692524651209148,20186.45180340862,1.003640473580765,0.4117647058823529,,34713.33808318156,105816.48168053626,101.19296205873624,557199.4166018637,26364.525777748204,181.92861219612647
F[C@H](Cl)/C=C\C(F)(F)F,4.216908001221838,3.8894662000000007,3.3669263999999997,207.3324932,0.813978430518137,False,21868.24309483341,8314.519146309667,1.3458696594916577,0.7652241288217649,0.4180257540443823,51864.09105795214,2.5692524651209148,20186.45180340862,1.003640473580765,0.4117647058823529,,34713.33808318156,105816.48168053626,101.19296205873624,557199.4166018637,26364.525777748204,181.92861219612647
F[C@@H](Cl)/C=C\C(F)(F)F,4.216908001221838,3.8894662000000007,3.3669263999999997,207.3324932,0.813978430518137,False,21868.24309483341,8314.519146309667,1.3458696594916577,0.7652241288217649,0.4180257540443823,51864.09105795214,2.5692524651209148,20186.45180340862,1.003640473580765,0.4117647058823529,,34713.33808318156,105816.48168053626,101.19296205873624,557199.4166018637,26364.525777748204,181.92861219612647
C=CC(F)(F)C(F)(F)[C@H](F)Cl,4.056942460471026,3.9013478000000017,3.6073115999999983,207.0403498,0.8142146835015922,False,17667.48924440864,6738.621041566254,1.0873364462947002,0.6201868472792256,0.38972514138952,46649.389433356424,2.310925658836158,20186.45180340862,0.902728927628025,0.45454545454545453,,31801.414330782336,95890.72756868709,100.38098239179281,585665.6104034772,24833.490842103005,183.72905657588285
C=CC(F)(F)C(F)(F)[C@@H](F)Cl,4.056942460471026,3.9013478000000017,3.6073115999999983,207.0403498,0.8142146835015922,False,17667.48924440864,6738.621041566254,1.0873364462947002,0.6201868472792256,0.38972514138952,46649.389433356424,2.310925658836158,20186.45180340862,0.902728927628025,0.45454545454545453,,31801.414330782336,95890.72756868709,100.38098239179281,585665.6104034772,24833.490842103005,183.72905657588285
F/C=C(\F)C(F)(F)[C@H](F)Cl,4.4964551299025635,3.942794100000001,3.4010808999999993,211.66951170000007,0.8159331032899987,False,14549.569887431497,8042.28865379117,0.8954457194036728,0.7401694819070787,0.2800776601649111,38657.50637276367,1.9150223501009769,20186.45180340862,0.7480751558927239,0.45454545454545453,,29193.940954678088,64013.42940939252,74.71402383461422,222935.58060891787,24042.836227774067,161.06083027704923
F/C=C(\F)C(F)(F)[C@@H](F)Cl,4.4964551299025635,3.942794100000001,3.4010808999999993,211.66951170000007,0.8159331032899987,False,14549.569887431497,8042.28865379117,0.8954457194036728,0.7401694819070787,0.2800776601649111,38657.50637276367,1.9150223501009769,20186.45180340862,0.7480751558927239,0.45454545454545453,,29193.940954678088,64013.42940939252,74.71402383461422,222935.58060891787,24042.836227774067,161.06083027704923
F/C=C(/F)C(F)(F)[C@H](F)Cl,4.4964551299025635,3.942794100000001,3.4010808999999993,211.66951170000007,0.8159331032899987,False,14549.569887431497,8042.28865379117,0.8954457194036728,0.7401694819070787,0.2800776601649111,38657.50637276367,1.9150223501009769,20186.45180340862,0.7480751558927239,0.45454545454545453,,29193.940954678088,64013.42940939252,74.71402383461422,222935.58060891787,24042.836227774067,161.06083027704923
F/C=C(/F)C(F)(F)[C@@H](F)Cl,4.4964551299025635,3.942794100000001,3.4010808999999993,211.66951170000007,0.8159331032899987,False,14549.569887431497,8042.28865379117,0.8954457194036728,0.7401694819070787,0.2800776601649111,38657.50637276367,1.9150223501009769,20186.45180340862,0.7480751558927239,0.45454545454545453,,29193.940954678088,64013.42940939252,74.71402383461422,222935.58060891787,24042.836227774067,161.06083027704923
FC(F)=C(Cl)CC(F)(F)F,3.570919366675514,3.953019499999998,3.4566073,211.16864309999997,0.8197810708651598,False,13994.963085109312,7636.01556228367,0.8613127319041206,0.7027782669682644,0.327986153546589,38027.45168443512,1.8838105901312447,20186.45180340862,0.7358827435149716,0.3333333333333333,,28772.83790736189,63219.91402726215,74.89084823634923,226523.21614510744,23807.20683533217,161.9587478790903
C=C[C@](F)(Cl)C(F)(F)C(F)F,4.129230034435523,3.913714600000002,3.621055899999998,206.46713579999997,0.8203362555387226,False,17639.787471258584,6635.861209569313,1.0856315550588065,0.6107293787793628,0.3985779469153934,46834.98485497589,2.3201197174764254,20186.45180340862,0.9063204506461464,0.36363636363636365,,31786.887392476776,97490.28692866102,101.6473323789863,615885.0275580873,24805.77661946169,184.51310588026638
C=C[C@@](F)(Cl)C(F)(F)C(F)F,4.129230034435523,3.913714600000002,3.621055899999998,206.46713579999997,0.8203362555387226,False,17639.787471258584,6635.861209569313,1.0856315550588065,0.6107293787793628,0.3985779469153934,46834.98485497589,2.3201197174764254,20186.45180340862,0.9063204506461464,0.36363636363636365,,31786.887392476776,97490.28692866102,101.6473323789863,615885.0275580873,24805.77661946169,184.51310588026638
C/C(=C(/F)[C@H](F)Cl)C(F)(F)F,4.113908732660375,3.9653815,3.5884322999999982,211.4058926,0.8210628738997043,False,12008.462035874909,6809.580634933227,0.7390545569277969,0.6267175909169848,0.4554473418420267,35525.38665874015,1.759862852804149,20186.45180340862,0.6874643932442145,0.32,,27418.531434888017,57858.17513539276,71.3902891533878,208910.19685510994,23125.621897641922,160.13439300544601
C/C(=C(/F)[C@@H](F)Cl)C(F)(F)F,4.113908732660375,3.9653815,3.5884322999999982,211.4058926,0.8210628738997043,False,12008.462035874909,6809.580634933227,0.7390545569277969,0.6267175909169848,0.4554473418420267,35525.38665874015,1.759862852804149,20186.45180340862,0.6874643932442145,0.32,,27418.531434888017,57858.17513539276,71.3902891533878,208910.19685510994,23125.621897641922,160.13439300544601
C/C(=C(\F)[C@H](F)Cl)C(F)(F)F,4.113908732660375,3.9653815,3.5884322999999982,211.4058926,0.8210628738997043,False,12008.462035874909,6809.580634933227,0.7390545569277969,0.6267175909169848,0.4554473418420267,35525.38665874015,1.759862852804149,20186.45180340862,0.6874643932442145,0.32,,27418.531434888017,57858.17513539276,71.3902891533878,208910.19685510994,23125.621897641922,160.13439300544601
C/C(=C(\F)[C@@H](F)Cl)C(F)(F)F,4.113908732660375,3.9653815,3.5884322999999982,211.4058926,0.8210628738997043,False,12008.462035874909,6809.580634933227,0.7390545569277969,0.6267175909169848,0.4554473418420267,35525.38665874015,1.759862852804149,20186.45180340862,0.6874643932442145,0.32,,27418.531434888017,57858.17513539276,71.3902891533878,208910.19685510994,23125.621897641922,160.13439300544601
C/C(F)=C\C(F)(F)C(F)(F)Cl,3.791928146948118,3.913884700000001,3.6380880999999983,205.8767823000001,0.8224069410100165,False,18023.658379722572,6534.606934082631,1.1092566906777368,0.6014104736947355,0.4132924327133341,48051.72767524755,2.380394937317993,20186.45180340862,0.929866073744003,0.5238095238095238,,32159.999303723387,103071.18962559623,104.87401742646149,702008.4371108033,24922.037508894486,186.28642579777238
C/C(F)=C/C(F)(F)C(F)(F)Cl,3.791928146948118,3.913884700000001,3.6380880999999983,205.8767823000001,0.8224069410100165,False,18023.658379722572,6534.606934082631,1.1092566906777368,0.6014104736947355,0.4132924327133341,48051.72767524755,2.380394937317993,20186.45180340862,0.929866073744003,0.5238095238095238,,32159.999303723387,103071.18962559623,104.87401742646149,702008.4371108033,24922.037508894486,186.28642579777238
F/C(=C\CCl)C(F)(F)F,3.540626608624158,3.9572852,3.2388693000000006,211.80215160000003,0.8260977050796839,False,16205.125833583605,9284.743038406948,0.9973360499553552,0.8545183765741112,0.1455060115063033,40483.90017416719,2.0054985674763905,20186.45180340862,0.7834183519729827,0.47619047619047616,,30381.805423765956,66639.91943272446,74.7422581129941,216198.83148592347,24735.134994843476,158.93458219089584
F/C(=C/CCl)C(F)(F)F,3.540626608624158,3.9572852,3.2388693000000006,211.80215160000003,0.8260977050796839,False,16205.125833583605,9284.743038406948,0.9973360499553552,0.8545183765741112,0.1455060115063033,40483.90017416719,2.0054985674763905,20186.45180340862,0.7834183519729827,0.47619047619047616,,30381.805423765956,66639.91943272446,74.7422581129941,216198.83148592347,24735.134994843476,158.93458219089584
C/C(=C\C(F)F)C(F)(F)Cl,3.7949789820601296,3.931224999999999,3.643690699999999,206.34862779999995,0.8265221870369547,False,16832.803771306644,6486.17250649046,1.0359661625185963,0.5969528265347492,0.4046487228259123,45424.77594653854,2.250260540530865,20186.45180340862,0.8790309964623183,0.30434782608695654,,31153.816220793786,93259.74768373417,99.83787862648,578971.6199013455,24529.759825503214,183.74170422834447
C/C(=C/C(F)F)C(F)(F)Cl,3.7949789820601296,3.931224999999999,3.643690699999999,206.34862779999995,0.8265221870369547,False,16832.803771306644,6486.17250649046,1.0359661625185963,0.5969528265347492,0.4046487228259123,45424.77594653854,2.250260540530865,20186.45180340862,0.8790309964623183,0.30434782608695654,,31153.816220793786,93259.74768373417,99.83787862648,578971.6199013455,24529.759825503214,183.74170422834447
C=C(F)CC(F)(F)[C@H](F)Cl,4.301922437594873,3.991784100000001,3.5686492,212.47722,0.8269362650624728,False,10794.16155383338,6897.7485285927105,0.6643210646578163,0.6348320950065657,0.4960120426660585,33476.88292779158,1.6583837146723714,20186.45180340862,0.6478230689151351,0.36363636363636365,,26562.062834959208,51717.68853887264,64.27109249180039,164067.13067706316,22792.42172693437,151.20951231295624
C=C(F)CC(F)(F)[C@@H](F)Cl,4.301922437594873,3.991784100000001,3.5686492,212.47722,0.8269362650624728,False,10794.16155383338,6897.7485285927105,0.6643210646578163,0.6348320950065657,0.4960120426660585,33476.88292779158,1.6583837146723714,20186.45180340862,0.6478230689151351,0.36363636363636365,,26562.062834959208,51717.68853887264,64.27109249180039,164067.13067706316,22792.42172693437,151.20951231295624
FC/C=C(\F)C(F)(F)Cl,4.013472762470312,3.917884099999999,3.2634902,207.3841121,0.8269414959767343,False,22592.49639739007,9073.946818229448,1.3904434527072609,0.8351178134019352,0.423830420356215,51720.469735482024,2.5621377267870655,20186.45180340862,1.0008612062850335,0.3333333333333333,,35015.12407133089,102081.35275788298,97.83800464850596,477474.16439877544,26667.851700992647,178.8410004726008
FC/C=C(/F)C(F)(F)Cl,4.013472762470312,3.917884099999999,3.2634902,207.3841121,0.8269414959767343,False,22592.49639739007,9073.946818229448,1.3904434527072609,0.8351178134019352,0.423830420356215,51720.469735482024,2.5621377267870655,20186.45180340862,1.0008612062850335,0.3333333333333333,,35015.12407133089,102081.35275788298,97.83800464850596,477474.16439877544,26667.851700992647,178.8410004726008
C=C(C[C@H](F)Cl)C(F)(F)F,4.184847437594872,4.004318,3.5798424,213.6023774999999,0.8275147815506847,False,9693.91019180786,6829.211763189178,0.596606666224301,0.6285243355708973,0.548379750718164,31863.255140749905,1.5784475375394884,20186.45180340862,0.616597183657453,0.38095238095238093,,25836.48364410043,47322.56713459958,58.73800510477576,137597.91092621733,22486.713495199252,143.81293374933037
C=C(C[C@@H](F)Cl)C(F)(F)F,4.184847437594872,4.004318,3.5798424,213.6023774999999,0.8275147815506847,False,9693.91019180786,6829.211763189178,0.596606666224301,0.6285243355708973,0.548379750718164,31863.255140749905,1.5784475375394884,20186.45180340862,0.616597183657453,0.38095238095238093,,25836.48364410043,47322.56713459958,58.73800510477576,137597.91092621733,22486.713495199252,143.81293374933037
F/C(=C\Cl)[C@H](F)C(F)(F)F,4.37903974528718,3.9915007,3.3827607999999985,213.36372029999995,0.8277560447095097,False,11988.329268321164,8112.856688134637,0.7378154962088046,0.7466641885344741,0.3645816059528124,34608.727486127245,1.714453229481534,20186.45180340862,0.6697257955488384,0.391304347826087,,27404.529119203376,52662.2773713826,63.091683955570176,151626.94659114064,23297.96012694945,146.72465902297935
F/C(=C\Cl)[C@@H](F)C(F)(F)F,4.37903974528718,3.9915007,3.3827607999999985,213.36372029999995,0.8277560447095097,False,11988.329268321164,8112.856688134637,0.7378154962088046,0.7466641885344741,0.3645816059528124,34608.727486127245,1.714453229481534,20186.45180340862,0.6697257955488384,0.391304347826087,,27404.529119203376,52662.2773713826,63.091683955570176,151626.94659114064,23297.96012694945,146.72465902297935
F/C(=C/Cl)[C@H](F)C(F)(F)F,4.37903974528718,3.9915007,3.3827607999999985,213.36372029999995,0.8277560447095097,False,11988.329268321164,8112.856688134637,0.7378154962088046,0.7466641885344741,0.3645816059528124,34608.727486127245,1.714453229481534,20186.45180340862,0.6697257955488384,0.391304347826087,,27404.529119203376,52662.2773713826,63.091683955570176,151626.94659114064,23297.96012694945,146.72465902297935
F/C(=C/Cl)[C@@H](F)C(F)(F)F,4.37903974528718,3.9915007,3.3827607999999985,213.36372029999995,0.8277560447095097,False,11988.329268321164,8112.856688134637,0.7378154962088046,0.7466641885344741,0.3645816059528124,34608.727486127245,1.714453229481534,20186.45180340862,0.6697257955488384,0.391304347826087,,27404.529119203376,52662.2773713826,63.091683955570176,151626.94659114064,23297.96012694945,146.72465902297935
C/C(=C\C(F)F)[C@H](F)Cl,4.395548560662398,4.0135336000000015,3.5049211,214.29454829999997,0.8296412047902845,False,9689.201862373648,7271.42512203019,0.596316894535514,0.6692233015986143,0.5218939296856907,31641.416025631952,1.567458032435848,20186.45180340862,0.6123042960349371,0.2777777777777778,,25846.62218246042,46045.076864467286,56.19134044619591,124598.6175450419,22541.71252855799,138.72050574500525
C/C(=C\C(F)F)[C@@H](F)Cl,4.395548560662398,4.0135336000000015,3.5049211,214.29454829999997,0.8296412047902845,False,9689.201862373648,7271.42512203019,0.596316894535514,0.6692233015986143,0.5218939296856907,31641.416025631952,1.567458032435848,20186.45180340862,0.6123042960349371,0.2777777777777778,,25846.62218246042,46045.076864467286,56.19134044619591,124598.6175450419,22541.71252855799,138.72050574500525
C/C(=C/C(F)F)[C@H](F)Cl,4.395548560662398,4.0135336000000015,3.5049211,214.29454829999997,0.8296412047902845,False,9689.201862373648,7271.42512203019,0.596316894535514,0.6692233015986143,0.5218939296856907,31641.416025631952,1.567458032435848,20186.45180340862,0.6123042960349371,0.2777777777777778,,25846.62218246042,46045.076864467286,56.19134044619591,124598.6175450419,22541.71252855799,138.72050574500525
C/C(=C/C(F)F)[C@@H](F)Cl,4.395548560662398,4.0135336000000015,3.5049211,214.29454829999997,0.8296412047902845,False,9689.201862373648,7271.42512203019,0.596316894535514,0.6692233015986143,0.5218939296856907,31641.416025631952,1.567458032435848,20186.45180340862,0.6123042960349371,0.2777777777777778,,25846.62218246042,46045.076864467286,56.19134044619591,124598.6175450419,22541.71252855799,138.72050574500525
C/C(=C\F)[C@H](F)C(F)(F)Cl,4.454437822210256,3.9091140000000006,3.6406500999999984,203.316756,0.8301809138735518,False,21203.98489911185,6491.280038170252,1.3049882339553949,0.5974228965906745,0.5050605379958658,56393.32022075639,2.7936222160267903,20186.45180340862,1.0912871981099457,0.34782608695652173,,35003.742346118706,139898.16767767209,119.94657498855818,1297583.4523644014,25974.330338099044,192.15014843248824
C/C(=C\F)[C@@H](F)C(F)(F)Cl,4.454437822210256,3.9091140000000006,3.6406500999999984,203.316756,0.8301809138735518,False,21203.98489911185,6491.280038170252,1.3049882339553949,0.5974228965906745,0.5050605379958658,56393.32022075639,2.7936222160267903,20186.45180340862,1.0912871981099457,0.34782608695652173,,35003.742346118706,139898.16767767209,119.94657498855818,1297583.4523644014,25974.330338099044,192.15014843248824
C/C(=C/F)[C@H](F)C(F)(F)Cl,4.454437822210256,3.9091140000000006,3.6406500999999984,203.316756,0.8301809138735518,False,21203.98489911185,6491.280038170252,1.3049882339553949,0.5974228965906745,0.5050605379958658,56393.32022075639,2.7936222160267903,20186.45180340862,1.0912871981099457,0.34782608695652173,,35003.742346118706,139898.16767767209,119.94657498855818,1297583.4523644014,25974.330338099044,192.15014843248824
C/C(=C/F)[C@@H](F)C(F)(F)Cl,4.454437822210256,3.9091140000000006,3.6406500999999984,203.316756,0.8301809138735518,False,21203.98489911185,6491.280038170252,1.3049882339553949,0.5974228965906745,0.5050605379958658,56393.32022075639,2.7936222160267903,20186.45180340862,1.0912871981099457,0.34782608695652173,,35003.742346118706,139898.16767767209,119.94657498855818,1297583.4523644014,25974.330338099044,192.15014843248824
C=CC(F)(F)CC(F)(F)Cl,3.841132828213976,3.9039784000000015,3.6928559,202.31768919999996,0.8319939868813968,False,21795.55479649642,6212.949514321009,1.3413960959361588,0.5718068352299194,0.5476318842765352,60026.97036727387,2.9736266161018903,20186.45180340862,1.1616032545468098,0.3684210526315789,,35928.07287258962,161629.25396855327,127.25539781882223,1860525.611785808,26208.042408047335,194.44372185765772
FC/C(F)=C/C(F)(F)Cl,4.270778356875906,3.968542300000001,3.371302899999999,208.77234929999997,0.8355645795373785,False,16958.083519884283,8162.887124193761,1.0436764395549452,0.7512687238268018,0.2525368866501379,42300.3874207275,2.0954840321955337,20186.45180340862,0.818569842786812,0.28,,30733.45835106542,75070.34158665128,83.8096235894846,296707.316478363,24719.044415556957,169.2383109502149
FC/C(F)=C\C(F)(F)Cl,4.270778356875906,3.968542300000001,3.371302899999999,208.77234929999997,0.8355645795373785,False,16958.083519884283,8162.887124193761,1.0436764395549452,0.7512687238268018,0.2525368866501379,42300.3874207275,2.0954840321955337,20186.45180340862,0.818569842786812,0.28,,30733.45835106542,75070.34158665128,83.8096235894846,296707.316478363,24719.044415556957,169.2383109502149
C=C(CCl)C(F)(F)C(F)(F)F,3.376879034522082,3.9993112000000006,3.5720841,210.6695667,0.835573772714927,False,11875.788201761668,6842.24621816781,0.730889214738802,0.6297239574949285,0.4577389675318413,35185.99839293666,1.7430501771983156,20186.45180340862,0.6808967701957711,0.3684210526315789,,27260.0166672353,56954.231611102136,70.52064359875104,200775.22366777106,23072.36939011834,158.77128884892397
C[C@H](F)/C=C(\F)C(F)(F)Cl,4.340772437594872,3.964432799999999,3.616197899999999,206.84297939999996,0.8362542545384719,False,15618.96507491985,6593.83261879938,0.961261090606813,0.6068612907767267,0.3950427164126874,42424.80929178049,2.101647664728121,20186.45180340862,0.8209775746691252,0.3076923076923077,,30057.3888300675,81767.45714222096,92.48404120309333,433724.3818330729,24138.930464184177,178.91167095867897
C[C@@H](F)/C=C(\F)C(F)(F)Cl,4.340772437594872,3.964432799999999,3.616197899999999,206.84297939999996,0.8362542545384719,False,15618.96507491985,6593.83261879938,0.961261090606813,0.6068612907767267,0.3950427164126874,42424.80929178049,2.101647664728121,20186.45180340862,0.8209775746691252,0.3076923076923077,,30057.3888300675,81767.45714222096,92.48404120309333,433724.3818330729,24138.930464184177,178.91167095867897
C[C@H](F)/C=C(/F)C(F)(F)Cl,4.340772437594872,3.964432799999999,3.616197899999999,206.84297939999996,0.8362542545384719,False,15618.96507491985,6593.83261879938,0.961261090606813,0.6068612907767267,0.3950427164126874,42424.80929178049,2.101647664728121,20186.45180340862,0.8209775746691252,0.3076923076923077,,30057.3888300675,81767.45714222096,92.48404120309333,433724.3818330729,24138.930464184177,178.91167095867897
C[C@@H](F)/C=C(/F)C(F)(F)Cl,4.340772437594872,3.964432799999999,3.616197899999999,206.84297939999996,0.8362542545384719,False,15618.96507491985,6593.83261879938,0.961261090606813,0.6068612907767267,0.3950427164126874,42424.80929178049,2.101647664728121,20186.45180340862,0.8209775746691252,0.3076923076923077,,30057.3888300675,81767.45714222096,92.48404120309333,433724.3818330729,24138.930464184177,178.91167095867897
FCC(F)(F)/C(F)=C/Cl,4.227553182050732,4.0526748,3.336581699999999,217.51387569999991,0.8377659709681704,False,8377.589579426874,8406.369394188481,0.5155943980377633,0.7736775372123541,0.5346687239540595,29719.254086811452,1.4722376362245668,20186.45180340862,0.5751078566637908,0.5238095238095238,,25166.33263133529,40013.544355934326,45.55765494156691,86812.92704317597,22354.043010449193,118.09228377606007
FCC(F)(F)/C(F)=C\Cl,4.227553182050732,4.0526748,3.336581699999999,217.51387569999991,0.8377659709681704,False,8377.589579426874,8406.369394188481,0.5155943980377633,0.7736775372123541,0.5346687239540595,29719.254086811452,1.4722376362245668,20186.45180340862,0.5751078566637908,0.5238095238095238,,25166.33263133529,40013.544355934326,45.55765494156691,86812.92704317597,22354.043010449193,118.09228377606007
FC(F)=C[C@H](Cl)C(F)(F)F,4.335574360671795,3.9969847,3.4659826,210.1413387,0.838313224130727,False,13505.608040422348,7485.994625789356,0.8311956299262773,0.6889711377267809,0.3538839760754356,37184.34434510759,1.8420445904628349,20186.45180340862,0.7195674735071236,0.3684210526315789,,28321.98526592728,61371.9959860298,73.69504677747011,216210.16057343705,23606.48939933114,160.6257707260747
FC(F)=C[C@@H](Cl)C(F)(F)F,4.335574360671795,3.9969847,3.4659826,210.1413387,0.838313224130727,False,13505.608040422348,7485.994625789356,0.8311956299262773,0.6889711377267809,0.3538839760754356,37184.34434510759,1.8420445904628349,20186.45180340862,0.7195674735071236,0.3684210526315789,,28321.98526592728,61371.9959860298,73.69504677747011,216210.16057343705,23606.48939933114,160.6257707260747
C/C(=C\[C@H](F)Cl)C(F)F,4.42652618304002,4.018693799999999,3.577167099999999,211.86265479999997,0.838339006120455,False,10527.214156695898,6800.21590090198,0.647891925795148,0.6258557105947908,0.5137743135023183,33081.3166886707,1.6387880847432874,20186.45180340862,0.6401683259231055,0.2777777777777778,,26343.92291646754,50906.988397529785,63.59294683585588,160192.4377596474,22694.438211556768,150.3639873751684
C/C(=C\[C@@H](F)Cl)C(F)F,4.42652618304002,4.018693799999999,3.577167099999999,211.86265479999997,0.838339006120455,False,10527.214156695898,6800.21590090198,0.647891925795148,0.6258557105947908,0.5137743135023183,33081.3166886707,1.6387880847432874,20186.45180340862,0.6401683259231055,0.2777777777777778,,26343.92291646754,50906.988397529785,63.59294683585588,160192.4377596474,22694.438211556768,150.3639873751684
C/C(=C/[C@H](F)Cl)C(F)F,4.42652618304002,4.018693799999999,3.577167099999999,211.86265479999997,0.838339006120455,False,10527.214156695898,6800.21590090198,0.647891925795148,0.6258557105947908,0.5137743135023183,33081.3166886707,1.6387880847432874,20186.45180340862,0.6401683259231055,0.2777777777777778,,26343.92291646754,50906.988397529785,63.59294683585588,160192.4377596474,22694.438211556768,150.3639873751684
C/C(=C/[C@@H](F)Cl)C(F)F,4.42652618304002,4.018693799999999,3.577167099999999,211.86265479999997,0.838339006120455,False,10527.214156695898,6800.21590090198,0.647891925795148,0.6258557105947908,0.5137743135023183,33081.3166886707,1.6387880847432874,20186.45180340862,0.6401683259231055,0.2777777777777778,,26343.92291646754,50906.988397529785,63.59294683585588,160192.4377596474,22694.438211556768,150.3639873751684
C[C@H](F)/C(=C(\F)Cl)C(F)(F)F,4.154824117275759,3.9662017,3.6240651,205.8271412,0.8403903605048568,False,16463.73827247118,6534.405754810679,1.013252218143012,0.6013919582243389,0.3988282741405594,44323.22125779112,2.1956915306090017,20186.45180340862,0.8577144198688091,0.30434782608695654,,30730.592999956567,89217.56557608997,97.5204176044986,522009.801534292,24388.342491274027,182.1461015137468
C[C@@H](F)/C(=C(\F)Cl)C(F)(F)F,4.154824117275759,3.9662017,3.6240651,205.8271412,0.8403903605048568,False,16463.73827247118,6534.405754810679,1.013252218143012,0.6013919582243389,0.3988282741405594,44323.22125779112,2.1956915306090017,20186.45180340862,0.8577144198688091,0.30434782608695654,,30730.592999956567,89217.56557608997,97.5204176044986,522009.801534292,24388.342491274027,182.1461015137468
C[C@H](F)/C(=C(/F)Cl)C(F)(F)F,4.154824117275759,3.9662017,3.6240651,205.8271412,0.8403903605048568,False,16463.73827247118,6534.405754810679,1.013252218143012,0.6013919582243389,0.3988282741405594,44323.22125779112,2.1956915306090017,20186.45180340862,0.8577144198688091,0.30434782608695654,,30730.592999956567,89217.56557608997,97.5204176044986,522009.801534292,24388.342491274027,182.1461015137468
C[C@@H](F)/C(=C(/F)Cl)C(F)(F)F,4.154824117275759,3.9662017,3.6240651,205.8271412,0.8403903605048568,False,16463.73827247118,6534.405754810679,1.013252218143012,0.6013919582243389,0.3988282741405594,44323.22125779112,2.1956915306090017,20186.45180340862,0.8577144198688091,0.30434782608695654,,30730.592999956567,89217.56557608997,97.5204176044986,522009.801534292,24388.342491274027,182.1461015137468
F/C(CCl)=C(/F)C(F)F,4.067749685547235,4.043124,3.3737196999999997,214.77962980000004,0.8417137946529859,False,9880.510789243568,8107.97531994591,0.6080909030439965,0.7462149333636162,0.4669042731915225,31614.218433971935,1.5661107133564531,20186.45180340862,0.6117779857648233,0.23809523809523808,,26006.71250898253,44979.53756035496,53.454929744394946,111199.00851675177,22698.647763208795,132.19105279707296
F/C(CCl)=C(\F)C(F)F,4.067749685547235,4.043124,3.3737196999999997,214.77962980000004,0.8417137946529859,False,9880.510789243568,8107.97531994591,0.6080909030439965,0.7462149333636162,0.4669042731915225,31614.218433971935,1.5661107133564531,20186.45180340862,0.6117779857648233,0.23809523809523808,,26006.71250898253,44979.53756035496,53.454929744394946,111199.00851675177,22698.647763208795,132.19105279707296
F/C(=C\[C@H](F)Cl)C(F)(F)F,4.278435899133334,3.970309699999999,3.3841186999999993,206.5391457,0.8435634107417561,False,19189.9808865054,8030.104910399683,1.181037403387672,0.7390481549537724,0.3176010183522418,46379.75078656861,2.297568252125273,20186.45180340862,0.8975110542663689,0.45454545454545453,,32306.617525717113,89087.31323062236,93.54783283008574,414572.4503478488,25350.23574155623,176.9502809987805
F/C(=C\[C@@H](F)Cl)C(F)(F)F,4.278435899133334,3.970309699999999,3.3841186999999993,206.5391457,0.8435634107417561,False,19189.9808865054,8030.104910399683,1.181037403387672,0.7390481549537724,0.3176010183522418,46379.75078656861,2.297568252125273,20186.45180340862,0.8975110542663689,0.45454545454545453,,32306.617525717113,89087.31323062236,93.54783283008574,414572.4503478488,25350.23574155623,176.9502809987805
F/C(=C/[C@H](F)Cl)C(F)(F)F,4.278435899133334,3.970309699999999,3.3841186999999993,206.5391457,0.8435634107417561,False,19189.9808865054,8030.104910399683,1.181037403387672,0.7390481549537724,0.3176010183522418,46379.75078656861,2.297568252125273,20186.45180340862,0.8975110542663689,0.45454545454545453,,32306.617525717113,89087.31323062236,93.54783283008574,414572.4503478488,25350.23574155623,176.9502809987805
F/C(=C/[C@@H](F)Cl)C(F)(F)F,4.278435899133334,3.970309699999999,3.3841186999999993,206.5391457,0.8435634107417561,False,19189.9808865054,8030.104910399683,1.181037403387672,0.7390481549537724,0.3176010183522418,46379.75078656861,2.297568252125273,20186.45180340862,0.8975110542663689,0.45454545454545453,,32306.617525717113,89087.31323062236,93.54783283008574,414572.4503478488,25350.23574155623,176.9502809987805
FC/C(F)=C(\Cl)C(F)(F)F,3.7262270589832047,3.948433999999998,3.3281271999999986,204.7122369,0.8443687028652425,False,23588.89450377208,8449.766415856735,1.451766256479792,0.7776715683180841,0.5035103594047551,54385.5712898722,2.6941619963488987,20186.45180340862,1.052434534412971,0.3333333333333333,,35633.7448817157,115436.97248576918,105.65016039465715,635667.8164938354,26798.1028695969,183.8191809804511
FC/C(F)=C(/Cl)C(F)(F)F,3.7262270589832047,3.948433999999998,3.3281271999999986,204.7122369,0.8443687028652425,False,23588.89450377208,8449.766415856735,1.451766256479792,0.7776715683180841,0.5035103594047551,54385.5712898722,2.6941619963488987,20186.45180340862,1.052434534412971,0.3333333333333333,,35633.7448817157,115436.97248576918,105.65016039465715,635667.8164938354,26798.1028695969,183.8191809804511
F/C=C(\F)C(F)(F)C(F)(F)Cl,3.724896786001371,3.9357837,3.5749376,201.9552699,0.844672130352605,False,23079.01143779386,6795.028556825519,1.4203857680970375,0.6253782950302876,0.5630857979499664,59597.697269707576,2.952361209890492,20186.45180340862,1.1532962381478236,0.5,,36271.85841263335,152046.32423458272,122.95622673763187,1411313.9463573585,26561.532426505044,192.61089494370665
F/C=C(/F)C(F)(F)C(F)(F)Cl,3.724896786001371,3.9357837,3.5749376,201.9552699,0.844672130352605,False,23079.01143779386,6795.028556825519,1.4203857680970375,0.6253782950302876,0.5630857979499664,59597.697269707576,2.952361209890492,20186.45180340862,1.1532962381478236,0.5,,36271.85841263335,152046.32423458272,122.95622673763187,1411313.9463573585,26561.532426505044,192.61089494370665
FC(F)/C=C(\Cl)C(F)(F)F,3.6256347512908977,4.026007999999999,3.392844999999999,211.7631772999999,0.8448394864342463,False,12226.35485063007,7955.566358897621,0.7524646570043546,0.732188023040778,0.3646875389080063,34862.85624725357,1.7270423047485113,20186.45180340862,0.6746435315963538,0.3333333333333333,,27445.688592769213,53810.309697363584,64.89273815935856,159593.6160561097,23304.15473732452,149.0334854575251
FC(F)/C=C(/Cl)C(F)(F)F,3.6256347512908977,4.026007999999999,3.392844999999999,211.7631772999999,0.8448394864342463,False,12226.35485063007,7955.566358897621,0.7524646570043546,0.732188023040778,0.3646875389080063,34862.85624725357,1.7270423047485113,20186.45180340862,0.6746435315963538,0.3333333333333333,,27445.688592769213,53810.309697363584,64.89273815935856,159593.6160561097,23304.15473732452,149.0334854575251
CC(F)(F)/C=C/C(F)(F)Cl,3.881984751290898,3.9805377999999982,3.5958938999999996,205.8041707,0.8456043970265729,False,16398.80213270097,6667.939866121903,1.009255757158824,0.6136817277465455,0.3864291351819597,43752.20305342394,2.167404330365581,20186.45180340862,0.8466644434908573,0.4375,,30575.778738656154,86479.54016191595,95.51682392278984,477565.04288565024,24363.224356581726,180.58429783965607
CC(F)(F)/C=C\C(F)(F)Cl,3.881984751290898,3.9805377999999982,3.5958938999999996,205.8041707,0.8456043970265729,False,16398.80213270097,6667.939866121903,1.009255757158824,0.6136817277465455,0.3864291351819597,43752.20305342394,2.167404330365581,20186.45180340862,0.8466644434908573,0.4375,,30575.778738656154,86479.54016191595,95.51682392278984,477565.04288565024,24363.224356581726,180.58429783965607
FC(F)/C(Cl)=C/C(F)(F)F,3.778611674367821,4.027585799999999,3.3960875000000006,211.5202447,0.8461029312680894,False,12340.55990781312,7926.320064516119,0.7594933479127473,0.7294963496264131,0.3619608743547493,35031.14351664584,1.7353789490994445,20186.45180340862,0.6779001184043969,0.34782608695652173,,27510.03744345328,54341.996399357864,65.56210688040507,163037.2667294535,23328.6002697305,149.92945726519196
FC(F)/C(Cl)=C\C(F)(F)F,3.778611674367821,4.027585799999999,3.3960875000000006,211.5202447,0.8461029312680894,False,12340.55990781312,7926.320064516119,0.7594933479127473,0.7294963496264131,0.3619608743547493,35031.14351664584,1.7353789490994445,20186.45180340862,0.6779001184043969,0.34782608695652173,,27510.03744345328,54341.996399357864,65.56210688040507,163037.2667294535,23328.6002697305,149.92945726519196
CC(F)(F)/C(F)=C(\F)[C@H](F)Cl,4.3475466024828595,4.0423369000000005,3.5670876,211.3141794,0.8486069326446526,False,10461.408993326191,6815.5128547613585,0.6438419812050358,0.6272635608847099,0.5155395109943567,32917.82746565674,1.6306891268577637,20186.45180340862,0.6370045878171443,0.3181818181818182,,26261.935056870043,50517.98247384109,63.18331198329014,157066.96008383855,22666.437515059388,149.55542416074957
CC(F)(F)/C(F)=C(\F)[C@@H](F)Cl,4.3475466024828595,4.0423369000000005,3.5670876,211.3141794,0.8486069326446526,False,10461.408993326191,6815.5128547613585,0.6438419812050358,0.6272635608847099,0.5155395109943567,32917.82746565674,1.6306891268577637,20186.45180340862,0.6370045878171443,0.3181818181818182,,26261.935056870043,50517.98247384109,63.18331198329014,157066.96008383855,22666.437515059388,149.55542416074957
CC(F)(F)/C(F)=C(/F)[C@H](F)Cl,4.3475466024828595,4.0423369000000005,3.5670876,211.3141794,0.8486069326446526,False,10461.408993326191,6815.5128547613585,0.6438419812050358,0.6272635608847099,0.5155395109943567,32917.82746565674,1.6306891268577637,20186.45180340862,0.6370045878171443,0.3181818181818182,,26261.935056870043,50517.98247384109,63.18331198329014,157066.96008383855,22666.437515059388,149.55542416074957
CC(F)(F)/C(F)=C(/F)[C@@H](F)Cl,4.3475466024828595,4.0423369000000005,3.5670876,211.3141794,0.8486069326446526,False,10461.408993326191,6815.5128547613585,0.6438419812050358,0.6272635608847099,0.5155395109943567,32917.82746565674,1.6306891268577637,20186.45180340862,0.6370045878171443,0.3181818181818182,,26261.935056870043,50517.98247384109,63.18331198329014,157066.96008383855,22666.437515059388,149.55542416074957
CC/C=C(\F)C(F)(F)Cl,3.5486196156171657,4.055321299999998,3.567483400000001,211.94717469999995,0.8511303212539797,False,9771.525698771362,6802.435352342615,0.601383472274757,0.6260599771032006,0.5465585759091045,31888.34184399071,1.5796902870570917,20186.45180340862,0.6170826453749455,0.375,,25807.15272431204,47656.81057825584,59.48401603097301,139372.67890628963,22478.941239830365,144.44555767922165
CC/C=C(/F)C(F)(F)Cl,3.5486196156171657,4.055321299999998,3.567483400000001,211.94717469999995,0.8511303212539797,False,9771.525698771362,6802.435352342615,0.601383472274757,0.6260599771032006,0.5465585759091045,31888.34184399071,1.5796902870570917,20186.45180340862,0.6170826453749455,0.375,,25807.15272431204,47656.81057825584,59.48401603097301,139372.67890628963,22478.941239830365,144.44555767922165
FC(F)(F)C/C=C/CCl,3.2258641276268945,4.0630726,3.5252910000000015,212.978551,0.851152681860167,False,9321.2998636203,7051.72452048524,0.5736745571679798,0.6490032265154424,0.5522246990152542,31112.21362057153,1.5412423106133994,20186.45180340862,0.6020635120628157,0.5,,25526.88048271654,45131.88690134738,55.492070253839366,121519.09212551189,22390.95257235861,137.764031358987
FC(F)(F)C/C=C\CCl,3.2258641276268945,4.0630726,3.5252910000000015,212.978551,0.851152681860167,False,9321.2998636203,7051.72452048524,0.5736745571679798,0.6490032265154424,0.5522246990152542,31112.21362057153,1.5412423106133994,20186.45180340862,0.6020635120628157,0.5,,25526.88048271654,45131.88690134738,55.492070253839366,121519.09212551189,22390.95257235861,137.764031358987
F/C=C(\Cl)C(F)(F)C(F)(F)F,3.535619862924449,3.957828300000001,3.4770838,202.12769640000005,0.8529291952885026,False,23778.97234540431,7352.413070151857,1.4634644984869387,0.6766770016810745,0.5650991971324058,58287.80082833723,2.887471329582296,20186.45180340862,1.1279479661943117,0.3181818181818182,,36253.471310023946,140243.87111199237,117.83792138163848,1073938.845282581,26748.06522077981,190.27950093145105
F/C=C(/Cl)C(F)(F)C(F)(F)F,3.535619862924449,3.957828300000001,3.4770838,202.12769640000005,0.8529291952885026,False,23778.97234540431,7352.413070151857,1.4634644984869387,0.6766770016810745,0.5650991971324058,58287.80082833723,2.887471329582296,20186.45180340862,1.1279479661943117,0.3181818181818182,,36253.471310023946,140243.87111199237,117.83792138163848,1073938.845282581,26748.06522077981,190.27950093145105
F/C(Cl)=C/[C@H](F)C(F)(F)F,4.414982052979488,3.9793937000000006,3.3805018999999974,202.96538610000007,0.8594238415058983,False,23568.69172523509,7978.205648994638,1.4505228869712106,0.7342716229142983,0.52305108935311,55187.854691846886,2.733905652628266,20186.45180340862,1.0679598058884536,0.3333333333333333,,35570.826139142664,122337.27346987516,109.89486612221559,748950.557029804,26668.820341871564,186.2464393645019
F/C(Cl)=C/[C@@H](F)C(F)(F)F,4.414982052979488,3.9793937000000006,3.3805018999999974,202.96538610000007,0.8594238415058983,False,23568.69172523509,7978.205648994638,1.4505228869712106,0.7342716229142983,0.52305108935311,55187.854691846886,2.733905652628266,20186.45180340862,1.0679598058884536,0.3333333333333333,,35570.826139142664,122337.27346987516,109.89486612221559,748950.557029804,26668.820341871564,186.2464393645019
F/C(Cl)=C\[C@H](F)C(F)(F)F,4.414982052979488,3.9793937000000006,3.3805018999999974,202.96538610000007,0.8594238415058983,False,23568.69172523509,7978.205648994638,1.4505228869712106,0.7342716229142983,0.52305108935311,55187.854691846886,2.733905652628266,20186.45180340862,1.0679598058884536,0.3333333333333333,,35570.826139142664,122337.27346987516,109.89486612221559,748950.557029804,26668.820341871564,186.2464393645019
F/C(Cl)=C\[C@@H](F)C(F)(F)F,4.414982052979488,3.9793937000000006,3.3805018999999974,202.96538610000007,0.8594238415058983,False,23568.69172523509,7978.205648994638,1.4505228869712106,0.7342716229142983,0.52305108935311,55187.854691846886,2.733905652628266,20186.45180340862,1.0679598058884536,0.3333333333333333,,35570.826139142664,122337.27346987516,109.89486612221559,748950.557029804,26668.820341871564,186.2464393645019
C=C([C@H](F)[C@H](F)Cl)C(F)(F)F,4.484068227447531,4.040719200000002,3.588397899999998,207.55188509999996,0.8603700964512525,False,13097.964008820334,6646.89659552111,0.8061073897952888,0.6117450170204418,0.4339772760185181,37335.33147293853,1.8495242173582087,20186.45180340862,0.7224892791223329,0.38095238095238093,,28025.569182048133,64621.3046485519,79.00047557657943,265004.0498928013,23360.125267764968,167.5963558860838
C=C([C@@H](F)[C@H](F)Cl)C(F)(F)F,4.484068227447531,4.040719200000002,3.588397899999998,207.55188509999996,0.8603700964512525,False,13097.964008820334,6646.89659552111,0.8061073897952888,0.6117450170204418,0.4339772760185181,37335.33147293853,1.8495242173582087,20186.45180340862,0.7224892791223329,0.38095238095238093,,28025.569182048133,64621.3046485519,79.00047557657943,265004.0498928013,23360.125267764968,167.5963558860838
C=C([C@H](F)[C@@H](F)Cl)C(F)(F)F,4.484068227447531,4.040719200000002,3.588397899999998,207.55188509999996,0.8603700964512525,False,13097.964008820334,6646.89659552111,0.8061073897952888,0.6117450170204418,0.4339772760185181,37335.33147293853,1.8495242173582087,20186.45180340862,0.7224892791223329,0.38095238095238093,,28025.569182048133,64621.3046485519,79.00047557657943,265004.0498928013,23360.125267764968,167.5963558860838
C=C([C@@H](F)[C@@H](F)Cl)C(F)(F)F,4.484068227447531,4.040719200000002,3.588397899999998,207.55188509999996,0.8603700964512525,False,13097.964008820334,6646.89659552111,0.8061073897952888,0.6117450170204418,0.4339772760185181,37335.33147293853,1.8495242173582087,20186.45180340862,0.7224892791223329,0.38095238095238093,,28025.569182048133,64621.3046485519,79.00047557657943,265004.0498928013,23360.125267764968,167.5963558860838
F/C(CCl)=C(/F)C(F)(F)F,3.6466347512908976,4.090084799999998,3.4199852000000033,210.56863320000005,0.8706253781728432,False,11269.975811657494,7642.829958844304,0.6936048059433846,0.7034054277913736,0.4264344676554758,33438.11284894176,1.6564631156871017,20186.45180340862,0.647072815329198,0.42105263157894735,,26684.478597009616,50703.52673263929,62.07434351955702,145123.60547295786,22952.41303564889,145.37611435750767
F/C(CCl)=C(\F)C(F)(F)F,3.6466347512908976,4.090084799999998,3.4199852000000033,210.56863320000005,0.8706253781728432,False,11269.975811657494,7642.829958844304,0.6936048059433846,0.7034054277913736,0.4264344676554758,33438.11284894176,1.6564631156871017,20186.45180340862,0.647072815329198,0.42105263157894735,,26684.478597009616,50703.52673263929,62.07434351955702,145123.60547295786,22952.41303564889,145.37611435750767
FC/C(F)=C(\F)C(F)(F)Cl,3.999475135906282,4.0650732,3.389930699999999,207.35060490000004,0.8732166045859836,False,14975.795757711234,7839.503082734561,0.9216775691417732,0.7215061762824484,0.2892977929821871,38823.43761426685,1.9232422811279417,20186.45180340862,0.7512861503670705,0.2857142857142857,,29063.90761320918,65971.81362793763,77.67164921298823,237510.97439916158,23988.96961394866,163.30558355646
FC/C(F)=C(/F)C(F)(F)Cl,3.999475135906282,4.0650732,3.389930699999999,207.35060490000004,0.8732166045859836,False,14975.795757711234,7839.503082734561,0.9216775691417732,0.7215061762824484,0.2892977929821871,38823.43761426685,1.9232422811279417,20186.45180340862,0.7512861503670705,0.2857142857142857,,29063.90761320918,65971.81362793763,77.67164921298823,237510.97439916158,23988.96961394866,163.30558355646
F/C(=C\C(F)(F)F)CCl,3.794476958274508,4.135261299999999,3.292208700000001,214.66981839999997,0.8776736754421638,False,8780.783097422885,8551.544548793643,0.5404087336211619,0.7870386864567583,0.5065339605572039,29965.160917774425,1.48441941206897,20186.45180340862,0.5798664872162601,0.4090909090909091,,25264.236278404966,40709.69763812846,46.82292063791206,88564.59099000653,22420.34708146753,119.19499178517766
F/C(=C/C(F)(F)F)CCl,3.794476958274508,4.135261299999999,3.292208700000001,214.66981839999997,0.8776736754421638,False,8780.783097422885,8551.544548793643,0.5404087336211619,0.7870386864567583,0.5065339605572039,29965.160917774425,1.48441941206897,20186.45180340862,0.5798664872162601,0.4090909090909091,,25264.236278404966,40709.69763812846,46.82292063791206,88564.59099000653,22420.34708146753,119.19499178517766
FC(F)=C(F)C(F)(F)CCl,3.8744270589832057,4.152732199999999,3.4340674000000018,213.10927219999996,0.8846781676864514,False,8263.68811780632,7485.1070833483245,0.5085843917605294,0.6888894530401165,0.5816176342332191,29418.53470059393,1.457340546377071,20186.45180340862,0.5692885288583343,0.42105263157894735,,24807.59714660201,40421.51965001617,47.874088352591855,93138.00945968687,22136.8409055331,123.18587849683442
FC(F)=C(Cl)[C@H](F)C(F)(F)F,4.176567904258008,4.0627653,3.4603918999999994,202.63263869999992,0.8869205407042596,False,19057.99482675018,7300.536380903888,1.172914389914204,0.6719025470629078,0.3708737316974726,46913.45402292332,2.324006936920022,20186.45180340862,0.907838935425765,0.35,,31990.127449668315,96000.00581497696,100.02314511690581,519932.4506206051,25096.764647054075,181.58134357276293
FC(F)=C(Cl)[C@@H](F)C(F)(F)F,4.176567904258008,4.0627653,3.4603918999999994,202.63263869999992,0.8869205407042596,False,19057.99482675018,7300.536380903888,1.172914389914204,0.6719025470629078,0.3708737316974726,46913.45402292332,2.324006936920022,20186.45180340862,0.907838935425765,0.35,,31990.127449668315,96000.00581497696,100.02314511690581,519932.4506206051,25096.764647054075,181.58134357276293
FCC(F)(F)/C(F)=C(/F)Cl,4.082384751290897,4.097304100000001,3.3814526999999988,206.1792618000001,0.8885871562678228,False,15235.224034251436,7825.34788262615,0.9376439476338874,0.7202034069363624,0.2866607938953357,39057.32531668269,1.934828651268352,20186.45180340862,0.7558121944879451,0.3157894736842105,,29121.851705385405,66997.76523704131,78.80995521308132,243997.74000576805,24019.822526742697,164.1518678107834
FCC(F)(F)/C(F)=C(\F)Cl,4.082384751290897,4.097304100000001,3.3814526999999988,206.1792618000001,0.8885871562678228,False,15235.224034251436,7825.34788262615,0.9376439476338874,0.7202034069363624,0.2866607938953357,39057.32531668269,1.934828651268352,20186.45180340862,0.7558121944879451,0.3157894736842105,,29121.851705385405,66997.76523704131,78.80995521308132,243997.74000576805,24019.822526742697,164.1518678107834
FCC(F)(F)C(Cl)=C(F)F,3.9943578282139742,4.1101862,3.3780167999999993,205.9633541000001,0.8938911170103871,False,15099.245132264148,7824.235005773502,0.9292751967597526,0.7201009836686945,0.2886961328743497,38774.688452148555,1.9208273365605135,20186.45180340862,0.7503427879913489,0.3157894736842105,,28991.663757373844,66218.75055934435,78.19961097561095,238285.08744923683,23967.664782223812,163.4434116274665
C=CC(F)(F)[C@H](F)C(F)(F)Cl,4.142564945678126,4.04506,3.622218599999999,197.9855469,0.895284544571061,False,22949.891300114625,6322.052699474262,1.4124391363087287,0.5818481122227848,0.5873304371567499,61525.564201443834,3.047864221044276,20186.45180340862,1.1906030768660896,0.38095238095238093,,36195.10255181592,173094.62823904818,130.82297461028432,2000135.941306952,26409.87381537504,194.78721406280548
C=CC(F)(F)[C@@H](F)C(F)(F)Cl,4.142564945678126,4.04506,3.622218599999999,197.9855469,0.895284544571061,False,22949.891300114625,6322.052699474262,1.4124391363087287,0.5818481122227848,0.5873304371567499,61525.564201443834,3.047864221044276,20186.45180340862,1.1906030768660896,0.38095238095238093,,36195.10255181592,173094.62823904818,130.82297461028432,2000135.941306952,26409.87381537504,194.78721406280548
F/C(Cl)=C/C(F)(F)C(F)F,3.984019366675513,4.1338592,3.3698719000000006,202.9429216,0.9124876137610618,False,17612.116813573033,7791.706511006338,1.083928578808009,0.7171072339843083,0.2950801982592885,42690.273400056365,2.114798272415949,20186.45180340862,0.8261146650511969,0.3,,30527.103775528052,79365.85453483727,88.88422244740434,335696.66619597515,24618.519636977926,172.67001713506306
F/C(Cl)=C\C(F)(F)C(F)F,3.984019366675513,4.1338592,3.3698719000000006,202.9429216,0.9124876137610618,False,17612.116813573033,7791.706511006338,1.083928578808009,0.7171072339843083,0.2950801982592885,42690.273400056365,2.114798272415949,20186.45180340862,0.8261146650511969,0.3,,30527.103775528052,79365.85453483727,88.88422244740434,335696.66619597515,24618.519636977926,172.67001713506306
F/C(=C(/Cl)C(F)F)C(F)(F)F,3.639002703161135,4.136586499999999,3.421681799999999,201.51158199999992,0.9170061559685118,False,18337.949791951643,7415.643439775564,1.1285995923513437,0.682496388666533,0.3425586057344423,44680.828102853775,2.213406721398612,20186.45180340862,0.864634597124656,0.4,,31113.35920104967,88089.04725377224,95.59486212942612,429076.41508371755,24789.917604839677,178.152230452528
F/C(=C(\Cl)C(F)F)C(F)(F)F,3.639002703161135,4.136586499999999,3.421681799999999,201.51158199999992,0.9170061559685118,False,18337.949791951643,7415.643439775564,1.1285995923513437,0.682496388666533,0.3425586057344423,44680.828102853775,2.213406721398612,20186.45180340862,0.864634597124656,0.4,,31113.35920104967,88089.04725377224,95.59486212942612,429076.41508371755,24789.917604839677,178.152230452528
CC(F)(F)/C(F)=C(\F)CF,3.868075135906283,4.1384372,3.3240345999999987,202.11304950000005,0.9182090161101304,False,19179.581364838978,8096.084513572056,1.1803973702298471,0.7451205667756867,0.3122606870334331,44770.48209090821,2.2178480164279493,20186.45180340862,0.8663695233364894,0.29411764705882354,,31470.372373760965,85396.64567725523,92.2865564687442,370997.0241672713,25074.022033727277,174.67724816117695
CC(F)(F)/C(F)=C(/F)CF,3.868075135906283,4.1384372,3.3240345999999987,202.11304950000005,0.9182090161101304,False,19179.581364838978,8096.084513572056,1.1803973702298471,0.7451205667756867,0.3122606870334331,44770.48209090821,2.2178480164279493,20186.45180340862,0.8663695233364894,0.29411764705882354,,31470.372373760965,85396.64567725523,92.2865564687442,370997.0241672713,25074.022033727277,174.67724816117695
FC/C(=C(\F)Cl)C(F)(F)F,3.811686674367822,4.1593726,3.361295199999998,201.85010899999995,0.925256888590162,False,18114.61494007964,7791.022317055497,1.1148545649278738,0.7170442644113524,0.3053776668115791,43339.82992097609,2.146976117598728,20186.45180340862,0.8386844643280202,0.3333333333333333,,30748.63106116923,81899.2030044784,90.81501187763668,354804.94417584606,24719.6219883533,173.94674896732928
FC/C(=C(/F)Cl)C(F)(F)F,3.811686674367822,4.1593726,3.361295199999998,201.85010899999995,0.925256888590162,False,18114.61494007964,7791.022317055497,1.1148545649278738,0.7170442644113524,0.3053776668115791,43339.82992097609,2.146976117598728,20186.45180340862,0.8386844643280202,0.3333333333333333,,30748.63106116923,81899.2030044784,90.81501187763668,354804.94417584606,24719.6219883533,173.94674896732928
FC(Cl)=C(C(F)F)C(F)F,4.136361674367821,4.1711598,3.4372973999999994,201.8720756,0.9274164348798446,False,16534.33176314256,7267.973751097095,1.0175968578491008,0.6689056557709911,0.331561629545095,41561.54566380617,2.0588831592874692,20186.45180340862,0.8042722531502908,0.4,,29811.230306606365,77928.17138804951,89.32097324581646,344934.83480606746,24233.941453428044,173.74215479546018
FCC/C(F)=C(\F)CF,4.096149077459671,4.253690800000001,3.408556900000001,201.8286328,0.9571094553511464,False,14498.789498624832,7326.288631027744,0.8923204667578292,0.674272647223778,0.3430644111910431,37695.746132334694,1.8673785021481344,20186.45180340862,0.7294637913920577,0.2631578947368421,,28231.87066442461,65321.96199191052,79.2914416745155,241095.7489228516,23603.975326256495,164.33094081496984
FCC/C(F)=C(/F)CF,4.096149077459671,4.253690800000001,3.408556900000001,201.8286328,0.9571094553511464,False,14498.789498624832,7326.288631027744,0.8923204667578292,0.674272647223778,0.3430644111910431,37695.746132334694,1.8673785021481344,20186.45180340862,0.7294637913920577,0.2631578947368421,,28231.87066442461,65321.96199191052,79.2914416745155,241095.7489228516,23603.975326256495,164.33094081496984
F/C=C(\CF)C(F)(F)CF,4.346489058983205,4.253804799999999,3.3486404999999984,201.97413550000005,0.9581862796542084,False,15142.029179031924,7728.869627879892,0.9319083186893612,0.7113240614036485,0.296597833080746,38117.35316323873,1.8882641454008453,20186.45180340862,0.7376224590083222,0.3,,28545.90015619857,65528.09838906789,78.6236341704435,231845.3320555941,23799.249677156007,162.76197286741532
F/C=C(/CF)C(F)(F)CF,4.346489058983205,4.253804799999999,3.3486404999999984,201.97413550000005,0.9581862796542084,False,15142.029179031924,7728.869627879892,0.9319083186893612,0.7113240614036485,0.296597833080746,38117.35316323873,1.8882641454008453,20186.45180340862,0.7376224590083222,0.3,,28545.90015619857,65528.09838906789,78.6236341704435,231845.3320555941,23799.249677156007,162.76197286741532
FCC(=C(F)F)C(F)(F)Cl,3.985127058983206,4.2419374,3.4112589999999985,200.18364150000005,0.9583443171255144,False,16477.701476863727,7300.310860352108,1.014111576302683,0.6718817913505531,0.3284215209651591,40952.732397128064,2.0287236605995767,20186.45180340862,0.7924908910782492,0.2857142857142857,,29510.986862691356,76398.03589332491,88.54212381630175,327346.6633858146,24134.88795602524,172.53353655247477
FC(F)=C(Cl)C(F)(F)C(F)F,3.7253814013859863,4.228285799999998,3.4296568999999995,195.5775535,0.9688422093350736,False,22409.40660803249,7127.980932361087,1.3791752867466711,0.6560214611623213,0.5119522763503692,52964.68836355398,2.62377404802812,20186.45180340862,1.0249385235124928,0.3333333333333333,,33757.43692989942,125623.51080041776,115.278614136442,864496.9802332903,25825.195799396402,188.39737052738616
FCC(F)=C(CF)CF,4.445878843345958,4.268232300000001,3.4037125,198.15833,0.9744623181742365,False,18017.472502172594,7276.442501735328,1.108875984057834,0.669685074546186,0.3477958163666154,43447.25987184059,2.1522980014003363,20186.45180340862,0.8407633795189166,0.29411764705882354,,30413.200436790787,85899.35757172378,95.40871267033981,409045.9180528269,24514.03308803917,177.3834893896144
F/C(Cl)=C(\F)C(F)(F)C(F)F,3.760119271208472,4.244343499999999,3.4529230000000006,195.40791900000005,0.9744839381770668,False,21558.842262563525,6959.200674746611,1.326827746020708,0.6404878237597693,0.485865599146475,51732.97654235409,2.562757291185696,20186.45180340862,1.0011032299533562,0.3333333333333333,,33197.346075154855,121988.23464062646,114.43187976090381,842281.9961574299,25561.804061314728,188.21824662231995
F/C(Cl)=C(/F)C(F)(F)C(F)F,3.760119271208472,4.244343499999999,3.4529230000000006,195.40791900000005,0.9744839381770668,False,21558.842262563525,6959.200674746611,1.326827746020708,0.6404878237597693,0.485865599146475,51732.97654235409,2.562757291185696,20186.45180340862,1.0011032299533562,0.3333333333333333,,33197.346075154855,121988.23464062646,114.43187976090381,842281.9961574299,25561.804061314728,188.21824662231995
C=C(F)C(F)(F)C(F)(F)CF,3.5568151291966377,4.276853300000001,3.314521500000002,197.29159720000004,0.9826976816353784,False,20319.29144105408,7850.43906051565,1.2505402347271437,0.7225126655241098,0.3738577670875204,45918.387853252185,2.274713173986255,20186.45180340862,0.8885830560417608,0.42105263157894735,,31603.308961325307,92471.17248432843,98.11503995632502,433418.89550534484,25131.540370110797,178.07740357098984
FCCC(CF)=C(F)F,4.192789211238934,4.3026049,3.3326435000000005,195.49641840000012,0.9971562803855089,False,21438.06119252683,7650.940407001429,1.3193943378178457,0.7041518703115216,0.4353606078531576,48176.36192861944,2.3865690908832495,20186.45180340862,0.9322779155121116,0.2777777777777778,,32290.999142260724,102731.97586771919,104.33924555469463,538321.6131689794,25387.53281938053,181.98536745408438
FC/C(F)=C/C(F)(F)CF,4.325110597444744,4.3614482,3.317093499999999,201.40434720000007,0.9990736530065618,False,13153.094738748863,7769.729340098643,0.8095003819252312,0.7150845720400789,0.3427344534420457,34755.76251806731,1.7217370767555378,20186.45180340862,0.6725711227507438,0.3,,27080.078925880553,55691.97927321226,69.13420052576461,167418.83643573927,23191.992402424992,151.33121755193483
FC/C(F)=C\C(F)(F)CF,4.325110597444744,4.3614482,3.317093499999999,201.40434720000007,0.9990736530065618,False,13153.094738748863,7769.729340098643,0.8095003819252312,0.7150845720400789,0.3427344534420457,34755.76251806731,1.7217370767555378,20186.45180340862,0.6725711227507438,0.3,,27080.078925880553,55691.97927321226,69.13420052576461,167418.83643573927,23191.992402424992,151.33121755193483
CC(F)(F)C(CF)=C(F)F,3.853727058983206,4.317560800000001,3.3722369,193.50132490000007,1.0080616818932362,False,22942.551510612047,7327.497154863008,1.4119874127772254,0.6743838733311123,0.5251280703159192,52126.99865066877,2.5822764276913075,20186.45180340862,1.0087280919209236,0.2777777777777778,,33456.04704012984,122129.71803958174,113.98686885528578,777751.9267327766,25795.315826261554,187.15927852898264
FCC(F)(F)/C=C(\F)C(F)F,4.159933669630563,4.3722625,3.354236,192.95127840000012,1.0293597686791705,False,21922.83454669954,7355.574851231238,1.3492294620334349,0.6769679951984889,0.4757214450476726,49364.51804807313,2.445428177711627,20186.45180340862,0.9552703471944468,0.3333333333333333,,32438.08941706178,110915.01170855458,109.48758230591139,641117.9728834333,25406.942600962793,184.7525924323484
FCC(F)(F)/C=C(/F)C(F)F,4.159933669630563,4.3722625,3.354236,192.95127840000012,1.0293597686791705,False,21922.83454669954,7355.574851231238,1.3492294620334349,0.6769679951984889,0.4757214450476726,49364.51804807313,2.445428177711627,20186.45180340862,0.9552703471944468,0.3333333333333333,,32438.08941706178,110915.01170855458,109.48758230591139,641117.9728834333,25406.942600962793,184.7525924323484
F/C=C(\F)C(F)(F)CCF,4.104452751290898,4.372325200000001,3.325914599999999,192.4189134000001,1.031908372154276,False,23288.530739298825,7535.237913878672,1.4332805246511222,0.6935032281057164,0.5307280699412535,51244.12115917398,2.538540287229728,20186.45180340862,0.9916432155526572,0.45454545454545453,,33195.60164640548,117711.26968607999,112.0103641317504,694762.2371457284,25764.51074859444,185.69684702260452
F/C=C(/F)C(F)(F)CCF,4.104452751290898,4.372325200000001,3.325914599999999,192.4189134000001,1.031908372154276,False,23288.530739298825,7535.237913878672,1.4332805246511222,0.6935032281057164,0.5307280699412535,51244.12115917398,2.538540287229728,20186.45180340862,0.9916432155526572,0.45454545454545453,,33195.60164640548,117711.26968607999,112.0103641317504,694762.2371457284,25764.51074859444,185.69684702260452
F/C=C(\F)C(F)(F)C(F)(F)CF,3.8150068133972272,4.403543899999999,3.383443700000001,193.16848490000007,1.0388669585726016,False,19914.487262593655,7126.270063812519,1.225626771882291,0.6558640019188499,0.4115058023471026,46174.83606448669,2.287417150580656,20186.45180340862,0.8935456765933241,0.45454545454545453,,31148.386265776262,99525.97758558269,104.65341372939132,540960.6278929545,24831.011440728485,182.44511957089276
F/C=C(/F)C(F)(F)C(F)(F)CF,3.8150068133972272,4.403543899999999,3.383443700000001,193.16848490000007,1.0388669585726016,False,19914.487262593655,7126.270063812519,1.225626771882291,0.6558640019188499,0.4115058023471026,46174.83606448669,2.287417150580656,20186.45180340862,0.8935456765933241,0.45454545454545453,,31148.386265776262,99525.97758558269,104.65341372939132,540960.6278929545,24831.011440728485,182.44511957089276
FCC(F)(F)C(F)(F)C=C(F)F,3.913500712601472,4.391720699999999,3.398218200000002,191.3647349000001,1.0404311415502614,False,22619.03186731213,7019.207554331008,1.3920765644169473,0.6460105378632859,0.5282353373912396,52080.755313196125,2.5799856171059212,20186.45180340862,1.007833220649216,0.34782608695652173,,33112.37570026792,126465.1597424669,116.99990701473024,865698.6435540349,25603.725796668565,188.5095219413271
FCCC(F)(F)C(F)=C(F)F,3.8921182850151785,4.4253222,3.3985263,193.3091397000001,1.045717407101437,False,18726.05161201862,7004.094617809228,1.152485117226684,0.6446196235505862,0.3867129722946498,44271.6242079464,2.1931355068784715,20186.45180340862,0.8567159470047294,0.4,,30381.930586242306,92754.13257578186,101.30614929189238,481451.35920049215,24493.372469625312,180.63553511959853
FCC(F)(CF)C(F)=C(F)F,4.26736956706646,4.414406500000001,3.3649135999999995,192.05999160000007,1.046784084285183,False,21379.079182369103,7209.816954819277,1.3157643206471537,0.663553213496983,0.461414722719123,48467.53121317597,2.4009930861149105,20186.45180340862,0.937912435903454,0.4444444444444444,,31979.247625953965,108913.6336370602,109.20975612314672,630218.8731972885,25198.23669824793,184.62155697933233
FC/C(F)=C(\F)C(F)(F)CF,4.162574695271589,4.478127699999999,3.3373788999999983,197.5903225000001,1.05223345503679,False,13439.939265151075,7392.468174455633,0.8271540792708219,0.680363460483605,0.3633775305474091,34978.97877280226,1.7327948028437477,20186.45180340862,0.6768906598918223,0.3157894736842105,,26971.73880982948,57908.82468238333,72.8955713763425,184797.76246309717,23121.15183787625,155.51890617434222
FC/C(F)=C(/F)C(F)(F)CF,4.162574695271589,4.478127699999999,3.3373788999999983,197.5903225000001,1.05223345503679,False,13439.939265151075,7392.468174455633,0.8271540792708219,0.680363460483605,0.3633775305474091,34978.97877280226,1.7327948028437477,20186.45180340862,0.6768906598918223,0.3157894736842105,,26971.73880982948,57908.82468238333,72.8955713763425,184797.76246309717,23121.15183787625,155.51890617434222
FCC(F)(F)CC(F)=C(F)F,3.9253029003997937,4.4205465,3.3872767999999995,190.73721170000005,1.052825317437604,False,22637.959524419075,7036.486404937079,1.393241457239614,0.6476007913908084,0.5280379209112919,51690.47797416157,2.56065198963957,20186.45180340862,1.0002808250439637,0.3157894736842105,,32948.53481599196,125135.16680189966,116.6301535736233,841168.7728758588,25553.755547817495,188.20671912415037
F/C=C/C(F)(F)C(F)(F)CF,4.023943926040819,4.4388768999999995,3.3259638999999996,190.8190224,1.0604464772654427,False,23036.249013149893,7407.77988761735,1.4177539768898046,0.681772669141227,0.5251542814380803,50484.63243743796,2.500916601347112,20186.45180340862,0.976946079156096,0.4,,32752.339203661155,116754.35359263499,112.37224610864361,690141.060137277,25576.58372168958,185.70576878122654
F/C=C\C(F)(F)C(F)(F)CF,4.023943926040819,4.4388768999999995,3.3259638999999996,190.8190224,1.0604464772654427,False,23036.249013149893,7407.77988761735,1.4177539768898046,0.681772669141227,0.5251542814380803,50484.63243743796,2.500916601347112,20186.45180340862,0.976946079156096,0.4,,32752.339203661155,116754.35359263499,112.37224610864361,690141.060137277,25576.58372168958,185.70576878122654
FCC/C(F)=C(\F)C(F)F,4.054556751290899,4.500988800000001,3.3336494999999995,192.6591161000001,1.076099459560993,False,18124.147782123913,7300.989987770971,1.1154412587386415,0.6719442946268478,0.3477746828724577,41765.4155223093,2.0689825001963404,20186.45180340862,0.8082174112965753,0.25,,29530.753280442725,82245.00686579847,94.32144056347697,362438.3490326338,24217.556791671028,174.94665781448023
FCC/C(F)=C(/F)C(F)F,4.054556751290899,4.500988800000001,3.3336494999999995,192.6591161000001,1.076099459560993,False,18124.147782123913,7300.989987770971,1.1154412587386415,0.6719442946268478,0.3477746828724577,41765.4155223093,2.0689825001963404,20186.45180340862,0.8082174112965753,0.25,,29530.753280442725,82245.00686579847,94.32144056347697,362438.3490326338,24217.556791671028,174.94665781448023
FCCC(=C(F)F)C(F)F,3.986250905137051,4.494617300000001,3.3724710000000004,190.72155890000005,1.0791902241779112,False,20185.683708879904,7027.360765322842,1.2423174162672006,0.6467609160473442,0.4283638414457075,46199.26290138546,2.2886272115233446,20186.45180340862,0.8940183690025242,0.25,,30981.348114529283,101810.17303742378,106.67672801465274,565026.8404551593,24770.31475664305,183.20079061910855
FC/C(F)=C(\CF)C(F)F,4.219093366675514,4.5051085,3.3255847999999997,191.26278720000005,1.082272278682673,False,19927.21030084674,7323.675352279562,1.2264098046612444,0.6740321349442033,0.3968834195274186,44579.690427186666,2.2083965454324708,20186.45180340862,0.8626774459892013,0.2631578947368421,,30556.03951592642,93296.73270419837,101.31495979236102,456838.5333140561,24659.670016823966,179.51421638026082
FC/C(F)=C(/CF)C(F)F,4.219093366675514,4.5051085,3.3255847999999997,191.26278720000005,1.082272278682673,False,19927.21030084674,7323.675352279562,1.2264098046612444,0.6740321349442033,0.3968834195274186,44579.690427186666,2.2083965454324708,20186.45180340862,0.8626774459892013,0.2631578947368421,,30556.03951592642,93296.73270419837,101.31495979236102,456838.5333140561,24659.670016823966,179.51421638026082
FC/C(F)=C(\F)CC(F)F,4.086895828213975,4.5218797,3.3457526000000017,191.5978956,1.0866192750918129,False,18575.62613599667,7174.657408524582,1.143227259459392,0.6603173158209198,0.3686439661561718,42678.7171632782,2.114225797525824,20186.45180340862,0.8258910362028692,0.3333333333333333,,29782.044961671243,86688.55817726895,97.71824251259821,406127.9174005433,24306.611031940432,177.4120248945102
FC/C(F)=C(/F)CC(F)F,4.086895828213975,4.5218797,3.3457526000000017,191.5978956,1.0866192750918129,False,18575.62613599667,7174.657408524582,1.143227259459392,0.6603173158209198,0.3686439661561718,42678.7171632782,2.114225797525824,20186.45180340862,0.8258910362028692,0.3333333333333333,,29782.044961671243,86688.55817726895,97.71824251259821,406127.9174005433,24306.611031940432,177.4120248945102
F/C=C(\CC(F)F)C(F)F,4.203397366675513,4.5008307,3.4002889000000005,188.7005346,1.0874199827358002,False,22325.661587268904,6813.550603888066,1.374021242954016,0.627082965748825,0.5281656980679065,51343.07895513529,2.5434424759315877,20186.45180340862,0.9935581830605644,0.25,,32556.98697162932,127617.32591869561,118.69610954679894,897888.9096937494,25365.8275896727,189.01025835434803
F/C=C(/CC(F)F)C(F)F,4.203397366675513,4.5008307,3.4002889000000005,188.7005346,1.0874199827358002,False,22325.661587268904,6813.550603888066,1.374021242954016,0.627082965748825,0.5281656980679065,51343.07895513529,2.5434424759315877,20186.45180340862,0.9935581830605644,0.25,,32556.98697162932,127617.32591869561,118.69610954679894,897888.9096937494,25365.8275896727,189.01025835434803
FCC(CC(F)F)=C(F)F,4.159128443598591,4.526985100000001,3.360672900000001,191.08446570000004,1.0897271273110778,False,18813.18426142163,7063.760955364548,1.1578476508638895,0.6501109959766176,0.3838465787521401,43382.56889556838,2.149093328439371,20186.45180340862,0.8395115214271649,0.3157894736842105,,29974.3221219109,90203.98134015039,100.23383170366223,444853.8813234275,24367.17233434631,179.22755413944537
FC(F)=C(CC(F)F)C(F)F,3.974446490143383,4.5209197,3.4181415000000017,188.6744558,1.094208018764886,False,21275.13133249765,6681.102403731677,1.3093669042335585,0.614893137714853,0.4939789234513621,49707.07479493453,2.4623978140894054,20186.45180340862,0.9618992846468374,0.2631578947368421,,31907.36088597973,121409.29801644484,116.75435372933205,837104.8274339142,25073.799038086105,188.36723701180716
FC[C@H](F)CC(F)=C(F)F,4.426118283748718,4.536753200000001,3.3214658000000004,190.3725406000001,1.0964489426229562,False,20111.42776934647,7290.444985180243,1.2377473730487445,0.670973788662652,0.4059335673956861,44700.959488090106,2.2144039935013264,20186.45180340862,0.8650241667208888,0.3157894736842105,,30543.27116984478,94448.89430441448,102.25540599619478,467259.0606894906,24657.885964502395,179.94955357222415
FC[C@@H](F)CC(F)=C(F)F,4.426118283748718,4.536753200000001,3.3214658000000004,190.3725406000001,1.0964489426229562,False,20111.42776934647,7290.444985180243,1.2377473730487445,0.670973788662652,0.4059335673956861,44700.959488090106,2.2144039935013264,20186.45180340862,0.8650241667208888,0.3157894736842105,,30543.27116984478,94448.89430441448,102.25540599619478,467259.0606894906,24657.885964502395,179.94955357222415
FC(F)=C(F)[C@H](F)CC(F)F,4.428231612344794,4.524386,3.3965259000000008,187.4046741,1.100055986083282,False,23482.76554651327,6782.858351105792,1.4452346049452494,0.624258214012302,0.5825939779794994,53722.0821962172,2.661293956927381,20186.45180340862,1.039595120965476,0.2631578947368421,,33255.221998783054,140672.9932963379,123.51966139052095,1079101.1876783913,25649.046254770605,190.71317824900416
FC(F)=C(F)[C@@H](F)CC(F)F,4.428231612344794,4.524386,3.3965259000000008,187.4046741,1.100055986083282,False,23482.76554651327,6782.858351105792,1.4452346049452494,0.624258214012302,0.5825939779794994,53722.0821962172,2.661293956927381,20186.45180340862,1.039595120965476,0.2631578947368421,,33255.221998783054,140672.9932963379,123.51966139052095,1079101.1876783913,25649.046254770605,190.71317824900416
FCCC(=C(F)F)C(F)(F)F,3.601328541425435,4.5229289999999995,3.4464791999999993,186.58827510000003,1.1013066096626356,False,23801.71822257394,6480.181228324271,1.464864381679584,0.5964014211516386,0.6156222106152106,56792.03934432853,2.8133740341003763,20186.45180340862,1.0990029536904398,0.3333333333333333,,33959.76745109267,161779.94202705336,130.60219095730451,1508403.9645560158,25833.851050674846,193.2647075211194
FC(F)=C(F)C[C@H](F)C(F)F,4.344267509780691,4.5361262,3.3920884,187.67734300000004,1.1033697702859828,False,22692.189996352336,6799.058884948947,1.396579043458972,0.6257492249990381,0.5452876124575488,51782.26597196903,2.5651989996194,20186.45180340862,1.002057047237573,0.23529411764705882,,32633.16665504877,130839.77408188833,120.15029152118207,936900.6571794972,25406.711344303574,189.43925312209635
FC(F)=C(F)C[C@@H](F)C(F)F,4.344267509780691,4.5361262,3.3920884,187.67734300000004,1.1033697702859828,False,22692.189996352336,6799.058884948947,1.396579043458972,0.6257492249990381,0.5452876124575488,51782.26597196903,2.5651989996194,20186.45180340862,1.002057047237573,0.23529411764705882,,32633.16665504877,130839.77408188833,120.15029152118207,936900.6571794972,25406.711344303574,189.43925312209635
FCC(CF)C(F)=C(F)F,4.350221982060129,4.5588502,3.3111803999999996,190.0191502,1.1056822187957505,False,20016.247874873425,7321.194883569545,1.231889575894699,0.6738038457943089,0.4002208220810186,44234.838175861885,2.1913131939508323,20186.45180340862,0.8560040874134526,0.29411764705882354,,30366.16759622823,92675.96267655348,101.28204858317358,447386.8878665769,24596.138973632707,179.1550648434993
F/C(=C\C(F)F)CC(F)F,4.083035520521667,4.5435685,3.350739000000001,187.50576399999997,1.1074742905505897,False,23520.216169588904,7040.782408542568,1.4475394840847384,0.6479961727181681,0.5693841271372881,51955.41654338418,2.5737765630813407,20186.45180340862,1.0054077455328867,0.25,,32842.4003360689,129325.66342736123,118.9916939898124,871718.5334074333,25561.907823647198,188.60471859229386
F/C(=C/C(F)F)CC(F)F,4.083035520521667,4.5435685,3.350739000000001,187.50576399999997,1.1074742905505897,False,23520.216169588904,7040.782408542568,1.4475394840847384,0.6479961727181681,0.5693841271372881,51955.41654338418,2.5737765630813407,20186.45180340862,1.0054077455328867,0.25,,32842.4003360689,129325.66342736123,118.9916939898124,871718.5334074333,25561.907823647198,188.60471859229386
FCC(F)(F)CC=C(F)F,3.9276152128293607,4.5893915000000005,3.255345900000001,192.4596477000001,1.110397859508847,False,16880.93589896469,7704.967139292257,1.0389284293079686,0.7091242034582539,0.2934691663909188,38421.455797682414,1.9033288351940427,20186.45180340862,0.7435072572535895,0.3,,28340.839010820488,69348.64260374581,83.95541242550871,247660.40429522202,23792.345115159344,164.94071964002816
FC/C=C(\F)C(F)(F)CF,4.257452751290898,4.624124999999999,3.2061329999999995,196.48554940000008,1.1121689212206969,False,12518.748936986229,8086.223004072112,0.7704598991340028,0.7442129658810144,0.34367959603235,32503.564371982055,1.610167288859234,20186.45180340862,0.6289880353423672,0.3,,26027.68085952833,49758.167078093036,62.625112377437674,128336.57128548269,22806.148413243984,139.6434086704181
FC/C=C(/F)C(F)(F)CF,4.257452751290898,4.624124999999999,3.2061329999999995,196.48554940000008,1.1121689212206969,False,12518.748936986229,8086.223004072112,0.7704598991340028,0.7442129658810144,0.34367959603235,32503.564371982055,1.610167288859234,20186.45180340862,0.6289880353423672,0.3,,26027.68085952833,49758.167078093036,62.625112377437674,128336.57128548269,22806.148413243984,139.6434086704181
FC/C(F)=C(\F)C(F)(F)C(F)F,3.8727882457579703,4.618900799999997,3.390157300000001,192.2387745000001,1.1182667260153958,False,14409.639763659156,6780.173731557465,0.8868337926376584,0.6240111359048448,0.3926502469276463,36663.116627841904,1.8162239201270172,20186.45180340862,0.7094810105550318,0.3333333333333333,,27309.883305599156,66469.30558507744,83.51409890125731,255435.6867102131,23209.03124748098,166.68297692116346
FC/C(F)=C(/F)C(F)(F)C(F)F,3.8727882457579703,4.618900799999997,3.390157300000001,192.2387745000001,1.1182667260153958,False,14409.639763659156,6780.173731557465,0.8868337926376584,0.6240111359048448,0.3926502469276463,36663.116627841904,1.8162239201270172,20186.45180340862,0.7094810105550318,0.3333333333333333,,27309.883305599156,66469.30558507744,83.51409890125731,255435.6867102131,23209.03124748098,166.68297692116346
FCC(=C(F)F)C(F)(F)CF,4.149820849117742,4.6163747,3.3550008999999976,192.16439430000008,1.1183619793867552,False,15011.266778443063,6997.677712847348,0.9238606146835272,0.6440290457405193,0.3640227002163129,37066.77513534421,1.836220426270516,20186.45180340862,0.717292349910846,0.3157894736842105,,27544.482224444364,67136.149353133,83.6320300551626,252841.58931861032,23343.203203342233,166.19190652724038
FC[C@H](F)/C(F)=C(\F)C(F)(F)F,4.279667974502263,4.569386799999997,3.3914441000000015,186.3956008000001,1.1193039979881627,False,23418.662297964085,6737.673009867582,1.441289403818526,0.6200995954829466,0.5822891509162186,53315.05786320032,2.6411307139275317,20186.45180340862,1.03171864832294,0.38095238095238093,,33020.72129265007,140361.69954710934,123.81990946321388,1075049.5502473824,25559.75943826508,190.7106875388632
FC[C@@H](F)/C(F)=C(\F)C(F)(F)F,4.279667974502263,4.569386799999997,3.3914441000000015,186.3956008000001,1.1193039979881627,False,23418.662297964085,6737.673009867582,1.441289403818526,0.6200995954829466,0.5822891509162186,53315.05786320032,2.6411307139275317,20186.45180340862,1.03171864832294,0.38095238095238093,,33020.72129265007,140361.69954710934,123.81990946321388,1075049.5502473824,25559.75943826508,190.7106875388632
FC[C@H](F)/C(F)=C(/F)C(F)(F)F,4.279667974502263,4.569386799999997,3.3914441000000015,186.3956008000001,1.1193039979881627,False,23418.662297964085,6737.673009867582,1.441289403818526,0.6200995954829466,0.5822891509162186,53315.05786320032,2.6411307139275317,20186.45180340862,1.03171864832294,0.38095238095238093,,33020.72129265007,140361.69954710934,123.81990946321388,1075049.5502473824,25559.75943826508,190.7106875388632
FC[C@@H](F)/C(F)=C(/F)C(F)(F)F,4.279667974502263,4.569386799999997,3.3914441000000015,186.3956008000001,1.1193039979881627,False,23418.662297964085,6737.673009867582,1.441289403818526,0.6200995954829466,0.5822891509162186,53315.05786320032,2.6411307139275317,20186.45180340862,1.03171864832294,0.38095238095238093,,33020.72129265007,140361.69954710934,123.81990946321388,1075049.5502473824,25559.75943826508,190.7106875388632
F/C=C(\F)C(C(F)F)C(F)F,4.253625977322871,4.5703609,3.4243169000000004,186.26834629999996,1.119418765429634,False,22910.536106566513,6542.103646823037,1.4100170413690425,0.6021004312707369,0.5713475658545827,53584.39306745753,2.654473088648964,20186.45180340862,1.036930649660255,0.35294117647058826,,32956.06765224566,144383.88553208063,125.66578019113092,1185834.317794757,25475.46455103117,191.58746509858244
F/C=C(/F)C(C(F)F)C(F)F,4.253625977322871,4.5703609,3.4243169000000004,186.26834629999996,1.119418765429634,False,22910.536106566513,6542.103646823037,1.4100170413690425,0.6021004312707369,0.5713475658545827,53584.39306745753,2.654473088648964,20186.45180340862,1.036930649660255,0.35294117647058826,,32956.06765224566,144383.88553208063,125.66578019113092,1185834.317794757,25475.46455103117,191.58746509858244
FCC(F)(F)/C(F)=C(\F)C(F)F,4.07370548713728,4.620998799999997,3.3969957000000015,191.82081710000008,1.1201809842595631,False,14692.685738401004,6729.958954271511,0.9042537100948728,0.6193896348262553,0.3924686001558441,37185.17443241783,1.8420857114740123,20186.45180340862,0.7195835368219176,0.3333333333333333,,27483.916002426307,68596.74062631305,85.57981609711271,273460.15008434496,23275.586166805155,168.62449199970274
FCC(F)(F)/C(F)=C(/F)C(F)F,4.07370548713728,4.620998799999997,3.3969957000000015,191.82081710000008,1.1201809842595631,False,14692.685738401004,6729.958954271511,0.9042537100948728,0.6193896348262553,0.3924686001558441,37185.17443241783,1.8420857114740123,20186.45180340862,0.7195835368219176,0.3333333333333333,,27483.916002426307,68596.74062631305,85.57981609711271,273460.15008434496,23275.586166805155,168.62449199970274
FC/C(F)=C(\F)[C@H](F)C(F)(F)F,4.397608558056639,4.578837599999997,3.4029176000000025,186.70250270000008,1.1213923557331529,False,22349.47526083768,6663.176959073289,1.375486843121266,0.613243375109093,0.539046432373112,51415.50046942549,2.5470301056446,20186.45180340862,0.9949596375431744,0.2857142857142857,,32355.620701838274,131581.61123087924,121.05363663791141,966548.7938405998,25272.59523240721,189.80760225143848
FC/C(F)=C(\F)[C@@H](F)C(F)(F)F,4.397608558056639,4.578837599999997,3.4029176000000025,186.70250270000008,1.1213923557331529,False,22349.47526083768,6663.176959073289,1.375486843121266,0.613243375109093,0.539046432373112,51415.50046942549,2.5470301056446,20186.45180340862,0.9949596375431744,0.2857142857142857,,32355.620701838274,131581.61123087924,121.05363663791141,966548.7938405998,25272.59523240721,189.80760225143848
FC/C(F)=C(/F)[C@H](F)C(F)(F)F,4.397608558056639,4.578837599999997,3.4029176000000025,186.70250270000008,1.1213923557331529,False,22349.47526083768,6663.176959073289,1.375486843121266,0.613243375109093,0.539046432373112,51415.50046942549,2.5470301056446,20186.45180340862,0.9949596375431744,0.2857142857142857,,32355.620701838274,131581.61123087924,121.05363663791141,966548.7938405998,25272.59523240721,189.80760225143848
FC/C(F)=C(/F)[C@@H](F)C(F)(F)F,4.397608558056639,4.578837599999997,3.4029176000000025,186.70250270000008,1.1213923557331529,False,22349.47526083768,6663.176959073289,1.375486843121266,0.613243375109093,0.539046432373112,51415.50046942549,2.5470301056446,20186.45180340862,0.9949596375431744,0.2857142857142857,,32355.620701838274,131581.61123087924,121.05363663791141,966548.7938405998,25272.59523240721,189.80760225143848
FCC(CF)=C(F)C(F)F,4.311253366675513,4.620681900000001,3.324842700000002,190.66783510000008,1.1253063404333412,False,16989.870612178525,7158.273652992347,1.0456327596350157,0.6588094420842229,0.344228623973641,39525.42620922099,1.958017515616432,20186.45180340862,0.7648705813580778,0.2777777777777778,,28520.993444859563,75647.97499509744,90.48180519787307,310311.17344400013,23791.830345052535,171.51557444832275
FCC(F)=C(C(F)F)C(F)F,4.210554182451076,4.603314199999999,3.37656,187.90203310000004,1.126704451554574,False,20228.237196870265,6809.9489261647705,1.2449363485766418,0.6267514864835053,0.446439545399297,46184.897061713426,2.2879155540308864,20186.45180340862,0.8937403705292508,0.2777777777777778,,30712.415348937993,105248.522016575,109.6434139274232,613375.6364643385,24644.72737413861,184.54925342766785
F/C(=C\CC(F)F)C(F)F,3.898842905137052,4.5920106,3.2952541,186.65973769999997,1.1286943771974884,False,24147.219734749004,7318.823462481019,1.4861280927389675,0.6735855928076233,0.5855483650158858,51039.33701909355,2.5283956544792687,20186.45180340862,0.98768036481837,0.25,,32647.37883678979,123378.38181310389,116.30259336457326,752487.4877486903,25573.644183069166,186.85262988548203
F/C(=C/CC(F)F)C(F)F,3.898842905137052,4.5920106,3.2952541,186.65973769999997,1.1286943771974884,False,24147.219734749004,7318.823462481019,1.4861280927389675,0.6735855928076233,0.5855483650158858,51039.33701909355,2.5283956544792687,20186.45180340862,0.98768036481837,0.25,,32647.37883678979,123378.38181310389,116.30259336457326,752487.4877486903,25573.644183069166,186.85262988548203
FC(F)=CC(F)(C(F)F)C(F)F,4.157116627720834,4.590767699999998,3.4159791000000013,185.5944849,1.1289794579931949,False,23354.65706407565,6553.186111726089,1.4373502349531742,0.6031204024081417,0.5905833074158734,54248.312080289485,2.687362425482287,20186.45180340862,1.0497783826266611,0.3333333333333333,,33134.41830215529,148504.38091180052,127.0322894765988,1241336.2858904311,25558.677575586546,191.93029309843897
FC/C(=C(/F)C(F)F)C(F)F,4.115302900399794,4.626149799999999,3.3688254,189.77386850000005,1.1290435859713814,False,17216.448839606728,6859.483001336161,1.059577398921976,0.6313103393591816,0.3734722644665198,40674.566355669456,2.01494382231162,20186.45180340862,0.7871080010692129,0.2631578947368421,,28804.54257453258,81576.53738985966,95.61782659193182,373900.6604340186,23860.786761151914,176.00492764755646
FC/C(=C(\F)C(F)F)C(F)F,4.115302900399794,4.626149799999999,3.3688254,189.77386850000005,1.1290435859713814,False,17216.448839606728,6859.483001336161,1.059577398921976,0.6313103393591816,0.3734722644665198,40674.566355669456,2.01494382231162,20186.45180340862,0.7871080010692129,0.2631578947368421,,28804.54257453258,81576.53738985966,95.61782659193182,373900.6604340186,23860.786761151914,176.00492764755646
F/C(CC(F)F)=C(/F)C(F)F,4.037692643989537,4.619128,3.3779285999999997,188.9147354,1.12905947405213,False,18343.75983197249,6798.724114827992,1.1289571682457844,0.6257184145372837,0.3958745463634358,42781.77567164392,2.119331128040041,20186.45180340862,0.8278853580550949,0.2631578947368421,,29525.644781736886,90550.77840165386,101.64382316204454,461167.4530467573,24151.18064824927,180.09457789463173
F/C(CC(F)F)=C(\F)C(F)F,4.037692643989537,4.619128,3.3779285999999997,188.9147354,1.12905947405213,False,18343.75983197249,6798.724114827992,1.1289571682457844,0.6257184145372837,0.3958745463634358,42781.77567164392,2.119331128040041,20186.45180340862,0.8278853580550949,0.2631578947368421,,29525.644781736886,90550.77840165386,101.64382316204454,461167.4530467573,24151.18064824927,180.09457789463173
F/C(=C\C(F)(F)C(F)F)C(F)F,4.0228280335563795,4.607243499999998,3.3883215,187.2957317000001,1.1298058517060483,False,20730.964746421298,6723.888166510952,1.2758764544185774,0.6188309118028803,0.4705291615825623,47508.28073050306,2.353473566983226,20186.45180340862,0.9193496386178204,0.3,,31095.70799480824,112219.59317528756,113.21036137543511,703291.0659518025,24783.90184726195,186.38387367049168
F/C(=C/C(F)(F)C(F)F)C(F)F,4.0228280335563795,4.607243499999998,3.3883215,187.2957317000001,1.1298058517060483,False,20730.964746421298,6723.888166510952,1.2758764544185774,0.6188309118028803,0.4705291615825623,47508.28073050306,2.353473566983226,20186.45180340862,0.9193496386178204,0.3,,31095.70799480824,112219.59317528756,113.21036137543511,703291.0659518025,24783.90184726195,186.38387367049168
FCC(F)(F)C(=C(F)F)C(F)F,4.134361190055053,4.609814399999998,3.3962546000000016,187.26290120000016,1.1306611389472925,False,20543.60835003976,6673.08996620572,1.2643457023454407,0.614155715572015,0.4677119435873411,47389.73579843224,2.347601067287622,20186.45180340862,0.9170556334721172,0.3333333333333333,,31022.21409448241,112158.252539416,113.3339489001559,709457.5642350984,24741.79206775869,186.52039566346184
F/C(=C\C(F)F)C(F)(F)C(F)F,3.8862142404529294,4.612915799999998,3.386671400000001,187.5178218000001,1.1311363539917203,False,20253.242858547354,6730.358785861265,1.2464753090327132,0.6194264331996261,0.4534162742005739,46519.03209466656,2.304467994063796,20186.45180340862,0.9002063364002865,0.3,,30765.26512034506,107609.59983711952,111.06689750395905,648258.4120350875,24650.87581847537,185.34668713097633
F/C(=C/C(F)F)C(F)(F)C(F)F,3.8862142404529294,4.612915799999998,3.386671400000001,187.5178218000001,1.1311363539917203,False,20253.242858547354,6730.358785861265,1.2464753090327132,0.6194264331996261,0.4534162742005739,46519.03209466656,2.304467994063796,20186.45180340862,0.9002063364002865,0.3,,30765.26512034506,107609.59983711952,111.06689750395905,648258.4120350875,24650.87581847537,185.34668713097633
FC[C@H](F)/C=C(\F)C(F)(F)F,4.396216227729409,4.609587799999998,3.238316199999999,188.2360715000001,1.131448424263578,False,22174.121178433677,7717.256967064915,1.364694767226001,0.7102552938538873,0.4657834990440562,45845.726289201855,2.271113652646003,20186.45180340862,0.8871769562708595,0.375,,31068.402344594513,97802.51614314178,103.56737514041677,462690.9451805947,24996.36450647565,179.4980398218565
FC[C@@H](F)/C=C(\F)C(F)(F)F,4.396216227729409,4.609587799999998,3.238316199999999,188.2360715000001,1.131448424263578,False,22174.121178433677,7717.256967064915,1.364694767226001,0.7102552938538873,0.4657834990440562,45845.726289201855,2.271113652646003,20186.45180340862,0.8871769562708595,0.375,,31068.402344594513,97802.51614314178,103.56737514041677,462690.9451805947,24996.36450647565,179.4980398218565
FC[C@H](F)/C=C(/F)C(F)(F)F,4.396216227729409,4.609587799999998,3.238316199999999,188.2360715000001,1.131448424263578,False,22174.121178433677,7717.256967064915,1.364694767226001,0.7102552938538873,0.4657834990440562,45845.726289201855,2.271113652646003,20186.45180340862,0.8871769562708595,0.375,,31068.402344594513,97802.51614314178,103.56737514041677,462690.9451805947,24996.36450647565,179.4980398218565
FC[C@@H](F)/C=C(/F)C(F)(F)F,4.396216227729409,4.609587799999998,3.238316199999999,188.2360715000001,1.131448424263578,False,22174.121178433677,7717.256967064915,1.364694767226001,0.7102552938538873,0.4657834990440562,45845.726289201855,2.271113652646003,20186.45180340862,0.8871769562708595,0.375,,31068.402344594513,97802.51614314178,103.56737514041677,462690.9451805947,24996.36450647565,179.4980398218565
FC(F)=C[C@H](F)C(F)(F)C(F)F,4.475939592539398,4.617087899999998,3.3822882999999995,186.9118898,1.134663181975229,False,21048.227179368965,6740.786796536042,1.295402206018698,0.6203861718499957,0.481008442590579,47925.70249295053,2.374151879670995,20186.45180340862,0.9274273156155252,0.3,,31229.744254470843,114263.86895134863,114.14126416589203,723776.9564400951,24846.903111885924,186.72395874384463
FC(F)=C[C@@H](F)C(F)(F)C(F)F,4.475939592539398,4.617087899999998,3.3822882999999995,186.9118898,1.134663181975229,False,21048.227179368965,6740.786796536042,1.295402206018698,0.6203861718499957,0.481008442590579,47925.70249295053,2.374151879670995,20186.45180340862,0.9274273156155252,0.3,,31229.744254470843,114263.86895134863,114.14126416589203,723776.9564400951,24846.903111885924,186.72395874384463
FC(F)C=C(C(F)F)C(F)F,4.140979823476718,4.617263500000001,3.3978146000000016,186.81016850000003,1.134734973878918,False,20900.31728080894,6646.840519282224,1.2862991681593166,0.6117398560616065,0.482403516840185,48149.28273571322,2.385227637062145,20186.45180340862,0.9317538964183956,0.21428571428571427,,31243.56996745313,116228.16014571043,115.25543249956274,761903.2540037653,24828.693323766438,187.3762882475498
FC[C@H](F)C(F)(F)C(F)=C(F)F,4.410146489091122,4.632206699999998,3.395983100000001,187.9795702000001,1.1363283821403445,False,18835.601847628175,6658.796764807274,1.159227329559777,0.6128402453210319,0.4186239578927807,44094.377106837324,2.1843550088080206,20186.45180340862,0.8532859753062154,0.36363636363636365,,29887.828771171564,97409.72110878659,106.08514052515277,542250.5555028785,24276.21890284886,182.8596140556188
FC[C@@H](F)C(F)(F)C(F)=C(F)F,4.410146489091122,4.632206699999998,3.395983100000001,187.9795702000001,1.1363283821403445,False,18835.601847628175,6658.796764807274,1.159227329559777,0.6128402453210319,0.4186239578927807,44094.377106837324,2.1843550088080206,20186.45180340862,0.8532859753062154,0.36363636363636365,,29887.828771171564,97409.72110878659,106.08514052515277,542250.5555028785,24276.21890284886,182.8596140556188
FC(F)=C(F)CC(F)(F)C(F)F,3.6307861237420544,4.643485599999998,3.4226814000000014,185.6629617,1.1472701244878345,False,21182.065791625035,6451.925234818996,1.3036392338733258,0.5938008897638837,0.5071434723071893,49627.93939706823,2.4584775908309062,20186.45180340862,0.9603679074150878,0.45454545454545453,,31550.572028308674,126332.00112144757,120.06572632083459,926525.8568791611,24911.074431250232,189.5269676374911
FC/C(=C\C(F)F)C(F)F,4.22644844359859,4.6777881,3.349896500000002,189.2302640000001,1.1496918841457788,False,16647.96325521318,6899.970189242176,1.0245902489906484,0.6350365648388084,0.3657909093322022,39319.012106337286,1.9477921374819325,20186.45180340862,0.7608761886338234,0.25,,28284.2113749484,76567.88820504125,92.09863612365372,326758.21067130484,23659.790637856433,172.99249405057566
FC/C(=C/C(F)F)C(F)F,4.22644844359859,4.6777881,3.349896500000002,189.2302640000001,1.1496918841457788,False,16647.96325521318,6899.970189242176,1.0245902489906484,0.6350365648388084,0.3657909093322022,39319.012106337286,1.9477921374819325,20186.45180340862,0.7608761886338234,0.25,,28284.2113749484,76567.88820504125,92.09863612365372,326758.21067130484,23659.790637856433,172.99249405057566
FC(F)=C(F)C(F)(F)CC(F)F,3.86077551366248,4.665654799999998,3.430467300000002,186.2864021000001,1.1530103162866634,False,19425.68513652728,6392.054469494541,1.1955436989936794,0.5882907028930491,0.4557871033063904,46227.98022511497,2.290049815357301,20186.45180340862,0.8945740881484676,0.42857142857142855,,30398.65620193075,110208.30737098951,113.5216196140508,720653.2663727752,24433.79600719853,186.8827162671962
FC/C(F)=C/C(F)(F)C(F)(F)F,3.783456680771232,4.673048399999998,3.392370200000002,186.7617881,1.1548516688915018,False,19198.120554306704,6608.83161646529,1.181538355013489,0.6082417187630149,0.4317762444354254,44621.38114297761,2.210461827444236,20186.45180340862,0.8634842178594263,0.28,,29989.38539543956,100843.20665047088,108.31218757810443,580563.1185225308,24319.6630147504,183.9177680323827
FC/C(F)=C\C(F)(F)C(F)(F)F,3.783456680771232,4.673048399999998,3.392370200000002,186.7617881,1.1548516688915018,False,19198.120554306704,6608.83161646529,1.181538355013489,0.6082417187630149,0.4317762444354254,44621.38114297761,2.210461827444236,20186.45180340862,0.8634842178594263,0.28,,29989.38539543956,100843.20665047088,108.31218757810443,580563.1185225308,24319.6630147504,183.9177680323827
F/C=C(\F)C(F)(F)CC(F)(F)F,3.751572330638607,4.664902799999999,3.4325190000000005,185.5896170999999,1.1549406101427115,False,20373.948493859913,6369.942504020814,1.2539040746446712,0.5862556351737476,0.4854396754970136,48267.16317731796,2.391067219112163,20186.45180340862,0.9340350427727372,0.47619047619047616,,31036.985904205696,120685.23951918566,118.17418755203506,861905.4427488089,24687.76617528636,188.8617391034404
F/C=C(/F)C(F)(F)CC(F)(F)F,3.751572330638607,4.664902799999999,3.4325190000000005,185.5896170999999,1.1549406101427115,False,20373.948493859913,6369.942504020814,1.2539040746446712,0.5862556351737476,0.4854396754970136,48267.16317731796,2.391067219112163,20186.45180340862,0.9340350427727372,0.47619047619047616,,31036.985904205696,120685.23951918566,118.17418755203506,861905.4427488089,24687.76617528636,188.8617391034404
FC[C@H](F)C(=C(F)F)C(F)(F)F,4.348340123043377,4.712910899999998,3.4194734999999996,185.63812770000004,1.172150257338513,False,18975.67870685076,6386.9567571519365,1.1678482870828395,0.587821536556703,0.4450439677190565,44979.311524192555,2.2281930456246646,20186.45180340862,0.8704106559784345,0.30434782608695654,,29932.888395806796,105053.96719718812,111.30132407540826,652283.0385870481,24256.22130596047,185.6586467370444
FC[C@@H](F)C(=C(F)F)C(F)(F)F,4.348340123043377,4.712910899999998,3.4194734999999996,185.63812770000004,1.172150257338513,False,18975.67870685076,6386.9567571519365,1.1678482870828395,0.587821536556703,0.4450439677190565,44979.311524192555,2.2281930456246646,20186.45180340862,0.8704106559784345,0.30434782608695654,,29932.888395806796,105053.96719718812,111.30132407540826,652283.0385870481,24256.22130596047,185.6586467370444
FC/C(=C(/F)C(F)F)C(F)(F)F,3.8496794924423217,4.741723999999998,3.3933085000000007,187.03413330000004,1.1786123202538197,False,16782.26545868685,6524.552246308052,1.0328558083259014,0.6004850936989132,0.4008636482614937,40314.84927073878,1.9971240940882609,20186.45180340862,0.7801469878110896,0.28,,28408.864622036173,83288.63427225057,98.2649928485041,404298.0799026675,23659.233134142578,177.88636164083255
FC/C(=C(\F)C(F)F)C(F)(F)F,3.8496794924423217,4.741723999999998,3.3933085000000007,187.03413330000004,1.1786123202538197,False,16782.26545868685,6524.552246308052,1.0328558083259014,0.6004850936989132,0.4008636482614937,40314.84927073878,1.9971240940882609,20186.45180340862,0.7801469878110896,0.28,,28408.864622036173,83288.63427225057,98.2649928485041,404298.0799026675,23659.233134142578,177.88636164083255
F/C=C(\F)[C@H](C(F)F)C(F)(F)F,4.451088133653455,4.717628099999998,3.4389901999999997,183.140295,1.1814659740425848,False,22028.205095491863,6231.999304283481,1.3557144377129433,0.5735600765986328,0.5553231216760196,52283.83966050536,2.590046045223107,20186.45180340862,1.0117631780889893,0.3333333333333333,,32094.235847397453,145904.6722505252,127.87767927263593,1266908.5033839524,25093.06309039746,192.2312592363577
F/C=C(\F)[C@@H](C(F)F)C(F)(F)F,4.451088133653455,4.717628099999998,3.4389901999999997,183.140295,1.1814659740425848,False,22028.205095491863,6231.999304283481,1.3557144377129433,0.5735600765986328,0.5553231216760196,52283.83966050536,2.590046045223107,20186.45180340862,1.0117631780889893,0.3333333333333333,,32094.235847397453,145904.6722505252,127.87767927263593,1266908.5033839524,25093.06309039746,192.2312592363577
F/C=C(/F)[C@H](C(F)F)C(F)(F)F,4.451088133653455,4.717628099999998,3.4389901999999997,183.140295,1.1814659740425848,False,22028.205095491863,6231.999304283481,1.3557144377129433,0.5735600765986328,0.5553231216760196,52283.83966050536,2.590046045223107,20186.45180340862,1.0117631780889893,0.3333333333333333,,32094.235847397453,145904.6722505252,127.87767927263593,1266908.5033839524,25093.06309039746,192.2312592363577
F/C=C(/F)[C@@H](C(F)F)C(F)(F)F,4.451088133653455,4.717628099999998,3.4389901999999997,183.140295,1.1814659740425848,False,22028.205095491863,6231.999304283481,1.3557144377129433,0.5735600765986328,0.5553231216760196,52283.83966050536,2.590046045223107,20186.45180340862,1.0117631780889893,0.3333333333333333,,32094.235847397453,145904.6722505252,127.87767927263593,1266908.5033839524,25093.06309039746,192.2312592363577
FC(F)=CC(C(F)F)C(F)F,4.154754182451076,4.747485,3.383855000000001,186.1423732,1.1836497486832924,False,17851.201087715344,6557.537338962006,1.0986428962423962,0.6035208662247881,0.4085659365368465,41904.02266229245,2.0758488450762145,20186.45180340862,0.810899647363509,0.29411764705882354,,28964.328131998405,90063.66794544183,102.66381326573266,466490.50018094893,23901.410358499266,180.50423765579094
FC/C(F)=C(\C(F)F)C(F)(F)F,3.8995017736094297,4.757215999999997,3.4056032000000003,186.0376503,1.1870561531921415,False,17359.70536479081,6419.526469184795,1.0683940473346238,0.5908190796590461,0.4148575313066894,41582.48046439792,2.059920231121372,20186.45180340862,0.8046773699228329,0.28,,28775.66310884228,89683.9507027253,102.8338446059248,474277.1176376805,23795.96581211717,180.88957897720596
FC/C(F)=C(/C(F)F)C(F)(F)F,3.8995017736094297,4.757215999999997,3.4056032000000003,186.0376503,1.1870561531921415,False,17359.70536479081,6419.526469184795,1.0683940473346238,0.5908190796590461,0.4148575313066894,41582.48046439792,2.059920231121372,20186.45180340862,0.8046773699228329,0.28,,28775.66310884228,89683.9507027253,102.8338446059248,474277.1176376805,23795.96581211717,180.88957897720596
FC(F)=C(F)CCC(F)F,3.644057058983206,4.7903858,3.362614,188.8549378,1.1912823298314767,False,13956.656357411286,6675.38081212731,0.858955164250441,0.6143665528488034,0.4106175851730351,35382.81006072331,1.7527998682140205,20186.45180340862,0.6847053427829759,0.2631578947368421,,26661.11598713093,63483.69065356788,81.69649708874566,231824.35165420198,22949.883647104365,163.96828176920965
