smiles,inchi,eval_set,model_name,eval_source,m_true,m_pred,m_std,sigma_true,sigma_pred,sigma_std,epsilon_k_true,epsilon_k_pred,epsilon_k_std
FC(F)C(F)(F)C(F)(F)C(F)(F)C(F)(F)C(F)(F)C(F)(F)C(F)(F)F,"InChI=1S/C8HF17/c9-1(10)2(11,12)3(13,14)4(15,16)5(17,18)6(19,20)7(21,22)8(23,24)25/h1H",esper_benchmark,rf_esper,esper,5.59176,5.471286599999998,0.3913250205244231,3.76477,3.7721175000000007,0.04879978722033526,190.9998,186.90993160000005,11.346992756738208
CCCCO[Si](OCCCC)(OCCCC)OCCCC,"InChI=1S/C16H36O4Si/c1-5-9-13-17-21(18-14-10-6-2,19-15-11-7-3)20-16-12-8-4/h5-16H2,1-4H3",esper_benchmark,rf_esper,esper,8.72335,9.766359099999997,3.191856959476127,3.83155,3.8414733000000028,0.24020817561046914,219.75001,223.90481340000008,15.776161847576121
Cc1ccc([N+](=O)[O-])cc1[N+](=O)[O-],"InChI=1S/C7H6N2O4/c1-5-2-3-6(8(10)11)4-7(5)9(12)13/h2-4H,1H3",esper_benchmark,rf_esper,esper,3.90231,4.0809012,1.4920331193041791,3.69636,3.62161,0.33042145361038533,361.72261,327.2126353,51.761923047591374
O=CC(Cl)(Cl)Cl,"InChI=1S/C2HCl3O/c3-2(4,5)1-6/h1H",esper_benchmark,rf_esper,esper,3.4748,2.899082700000002,0.5314341729826094,3.31851,3.7300273000000015,0.34913510552751637,245.55778,264.36708369999997,28.504076633793446
CCCCCCC(=O)O,"InChI=1S/C7H14O2/c1-2-3-4-5-6-7(8)9/h2-6H2,1H3,(H,8,9)",esper_benchmark,rf_esper,esper,5.92099,4.520490200000001,0.9276907442084131,3.23324,3.6552461000000007,0.3243644600719844,248.24152,273.6875477999998,38.36050979471117
c1ccc2c(c1)CCCO2,"InChI=1S/C9H10O/c1-2-6-9-8(4-1)5-3-7-10-9/h1-2,4,6H,3,5,7H2",esper_benchmark,rf_esper,esper,3.45697,3.55161,0.7568414729254733,3.72517,3.6399506000000006,0.2788598995869431,325.75851,313.05539960000004,34.03536413380673
C1=CCC=CC1,"InChI=1S/C6H8/c1-2-4-6-5-3-1/h1-2,5-6H,3-4H2",esper_benchmark,rf_esper,esper,2.591,2.5282539999999996,0.264013909190406,3.63991,3.729100899999998,0.11059019014446986,285.76392,284.1135862000002,18.859553563854256
CCn1cc[n+](C)c1.O=S(=O)([N-]S(=O)(=O)C(F)(F)F)C(F)(F)F,"InChI=1S/C6H11N2.C2F6NO4S2/c1-3-8-5-4-7(2)6-8;3-1(4,5)14(10,11)9-15(12,13)2(6,7)8/h4-6H,3H2,1-2H3;/q+1;-1",esper_benchmark,rf_esper,esper,4.48934,7.505078600000002,2.5360179278589574,4.5,3.6054490000000015,0.392918453795441,550.0,221.38363869999998,49.89104225168603
Cc1ccccc1C,"InChI=1S/C8H10/c1-7-5-3-4-6-8(7)2/h3-6H,1-2H3",esper_benchmark,rf_esper,esper,3.09708,3.1437538000000016,0.1306166630241333,3.76975,3.781043400000001,0.10090132179728868,293.05747,290.11746999999997,10.798303344003909
CCCOC(C)(C)C,"InChI=1S/C7H16O/c1-5-6-8-7(2,3)4/h5-6H2,1-4H3",esper_benchmark,rf_esper,esper,3.68606,3.603071500000001,0.4733891464923438,3.77901,3.8001571999999992,0.1559918629036784,229.97117,231.60457810000017,10.037635310916775
CCCOc1ccccc1,"InChI=1S/C9H12O/c1-2-8-10-9-6-4-3-5-7-9/h3-7H,2,8H2,1H3",esper_benchmark,rf_esper,esper,3.56248,4.399914199999998,0.675307219241998,3.82761,3.6281862000000005,0.2246735595915995,298.90725,281.25584470000007,12.584507123728558
CCCCCCCCC1CC2CC(C)CCC2CC1C,"InChI=1S/C20H38/c1-4-5-6-7-8-9-10-18-15-20-13-16(2)11-12-19(20)14-17(18)3/h16-20H,4-15H2,1-3H3",esper_benchmark,rf_esper,esper,6.2911,7.266443900000002,1.3927350535043599,4.17871,4.0920428,0.12754614746890636,291.22064,284.27816299999995,15.904791416192946
BrP(Br)Br,InChI=1S/Br3P/c1-4(2)3,esper_benchmark,rf_esper,esper,1.60557,2.0244493000000006,0.35045277683378384,4.38212,3.807949900000001,0.4250210388380675,475.67749,340.6491622,36.214634586342406
OCCCO,"InChI=1S/C3H8O2/c4-2-1-3-5/h4-5H,1-3H2",esper_benchmark,rf_esper,esper,1.27353,2.5985901,1.1834265321163753,4.5,3.6664344999999985,0.6161677171312613,425.83652,273.43236750000005,88.80430851423786
Cc1cscc1C,"InChI=1S/C6H8S/c1-5-3-7-4-6(5)2/h3-4H,1-2H3",esper_benchmark,rf_esper,esper,3.02632,3.021910099999999,0.40684932823465497,3.69913,3.715732000000001,0.2216994776538727,302.17656,301.5518132,39.049202844594475
Nc1ccccc1,"InChI=1S/C6H7N/c7-6-4-2-1-3-5-6/h1-5H,7H2",esper_benchmark,rf_esper,esper,3.03895,2.9813951000000003,0.7167976064894399,3.51123,3.4544195999999996,0.2517371468691897,327.09609,302.57753690000004,30.715150136510644
COS(=O)OC,InChI=1S/C2H6O3S/c1-4-6(3)5-2/h1-2H3,esper_benchmark,rf_esper,esper,3.5552,3.4047428999999996,0.7381064930744002,3.25269,3.3146920000000004,0.37402910755447905,266.57358,267.6193431,34.05721824274258
CCCCCCCCCCCCCCCCO,"InChI=1S/C16H34O/c1-2-3-4-5-6-7-8-9-10-11-12-13-14-15-16-17/h17H,2-16H2,1H3",esper_benchmark,rf_esper,esper,6.46632,7.211964299999994,1.6430321731751059,4.01514,3.9606417999999963,0.17151652876839596,274.31616,273.2394697999996,11.809866953172767
CCC(Br)CC,"InChI=1S/C5H11Br/c1-3-5(6)4-2/h5H,3-4H2,1-2H3",esper_benchmark,rf_esper,esper,2.73778,3.075211999999998,0.8417512889232779,3.93553,3.7600507000000016,0.1578548384703808,292.48992,284.2089441,18.477182272644175
CCCCCCCCOC(C)=O,"InChI=1S/C10H20O2/c1-3-4-5-6-7-8-9-12-10(2)11/h3-9H2,1-2H3",esper_benchmark,rf_esper,esper,5.69964,5.3852328,0.7089235058905579,3.61086,3.584136399999998,0.09308449800605899,241.21798,237.80519380000024,9.803991696800319
CC(C)COCC(C)C,"InChI=1S/C8H18O/c1-7(2)5-9-6-8(3)4/h7-8H,5-6H2,1-4H3",esper_benchmark,rf_esper,esper,3.9573,3.9927508000000005,0.6351265654114616,3.85099,3.851003199999999,0.2196543657243352,235.00384,238.91527890000015,12.741874149232277
CCOc1ccccc1,"InChI=1S/C8H10O/c1-2-9-8-6-4-3-5-7-8/h3-7H,2H2,1H3",esper_benchmark,rf_esper,esper,3.82096,3.9399503999999967,0.697190110113332,3.57923,3.6214964999999997,0.2699025795889139,277.62899,291.7114529000002,41.52833388299066
[Cl-].[Cl-].[Cl-].[Ga+3],InChI=1S/3ClH.Ga/h3*1H;/q;;;+3/p-3,esper_benchmark,rf_esper,esper,3.18028,2.7895582000000023,0.7021133130619018,3.32436,3.6712332999999995,0.44259310868574314,274.301,302.5304221000001,66.27959499171445
CCCCCCCCC(CCCCCCCC)CCc1ccccc1,"InChI=1S/C25H44/c1-3-5-7-9-11-14-18-24(19-15-12-10-8-6-4-2)22-23-25-20-16-13-17-21-25/h13,16-17,20-21,24H,3-12,14-15,18-19,22-23H2,1-2H3",esper_benchmark,rf_esper,esper,8.85479,10.120850299999999,1.240618118137451,4.02601,3.9531087,0.18908276737796603,267.74729,263.4311068000002,13.760509393918666
CCCCCCCCC(C)CC(C)CC(C)C,"InChI=1S/C17H36/c1-6-7-8-9-10-11-12-16(4)14-17(5)13-15(2)3/h15-17H,6-14H2,1-5H3",esper_benchmark,rf_esper,esper,9.2682,7.785514299999993,1.1745489532090654,3.54405,3.7558769999999986,0.07685707956330383,211.93319,225.28725320000004,5.187829302572295
CC(O)CN(C)C,"InChI=1S/C5H13NO/c1-5(7)4-6(2)3/h5,7H,4H2,1-3H3",esper_benchmark,rf_esper,esper,3.44703,3.004693999999999,1.2265644573621073,3.62024,3.8677309000000015,0.5683540271047526,262.8723,311.43361260000006,65.88584381042726
CCCCOC(=O)CCC(C)=O,"InChI=1S/C9H16O3/c1-3-4-7-12-9(11)6-5-8(2)10/h3-7H2,1-2H3",esper_benchmark,rf_esper,esper,6.2412,5.414033799999999,1.0068691087989343,3.38379,3.5498298000000017,0.1248771335351673,244.56369,261.89483679999984,30.06798793596371
Cc1ccc(O)c(C)c1,"InChI=1S/C8H10O/c1-6-3-4-8(9)7(2)5-6/h3-5,9H,1-2H3",esper_benchmark,rf_esper,esper,2.35891,2.8854770000000007,0.9412740766965807,4.22855,3.9819362999999974,0.41887504328535746,380.08854,277.4173149000003,57.267636883129924
CCCc1ccc(C)cc1,"InChI=1S/C10H14/c1-3-4-10-7-5-9(2)6-8-10/h5-8H,3-4H2,1-2H3",esper_benchmark,rf_esper,esper,3.71196,3.7051751999999976,0.1808919945850561,3.87316,3.851149600000001,0.04894624383790856,285.65038,285.21215849999976,5.079646064014573
C=Cc1cccc(C)c1,"InChI=1S/C9H10/c1-3-9-6-4-5-8(2)7-9/h3-7H,1H2,2H3",esper_benchmark,rf_esper,esper,3.54515,3.372761599999998,0.2511305589000271,3.69698,3.773701899999998,0.11591639989833184,288.84016,304.8603717999998,15.54373559167939
CCCCCCCCCCl,"InChI=1S/C9H19Cl/c1-2-3-4-5-6-7-8-9-10/h2-9H2,1H3",esper_benchmark,rf_esper,esper,4.72337,4.759865500000003,0.7910137083671495,3.77936,3.758662599999999,0.09266148799388013,261.49566,259.5352470000004,9.808228752158513
CCCCC=O,"InChI=1S/C5H10O/c1-2-3-4-5-6/h5H,2-4H2,1H3",esper_benchmark,rf_esper,esper,3.19277,3.2264734000000006,0.2808749995860081,3.54508,3.436627000000001,0.33385049090124164,254.58394,244.51737950000015,20.742616164819925
ClSSCl,InChI=1S/Cl2S2/c1-3-4-2,esper_benchmark,rf_esper,esper,1.41717,2.1038747,0.4258048482003346,4.33486,3.7854032,0.24159989119981,476.16102,325.6905611,32.179564922476104
C=C(C)CCC,"InChI=1S/C6H12/c1-4-5-6(2)3/h2,4-5H2,1,3H3",esper_benchmark,rf_esper,esper,2.91935,2.894064600000002,0.17034075737427024,3.77441,3.775915499999999,0.08880186517607609,239.2978,240.25808680000006,9.44815262398411
CC(C)(C)N,"InChI=1S/C4H11N/c1-4(2,3)5/h5H2,1-3H3",esper_benchmark,rf_esper,esper,2.30326,2.9378220000000006,0.8681125763712907,3.91087,3.7797550000000006,0.49441036220229045,241.99467,233.68968459999996,32.95808748888807
CCCCC(C)C(C)C,"InChI=1S/C9H20/c1-5-6-7-9(4)8(2)3/h8-9H,5-7H2,1-4H3",esper_benchmark,rf_esper,esper,3.81174,3.8887471,0.8119251670176199,3.94908,3.996193600000004,0.11591931147587096,250.6705,257.58427179999995,10.458492955906255
CC1CCc2ccccc21,"InChI=1S/C10H12/c1-8-6-7-9-4-2-3-5-10(8)9/h2-5,8H,6-7H2,1H3",esper_benchmark,rf_esper,esper,3.02652,3.2536609000000016,0.49912247213303274,4.02584,3.9053733000000004,0.12613834872119584,327.72511,285.45546880000006,16.514838015233774
C=C(C)CC(C)C,"InChI=1S/C7H14/c1-6(2)5-7(3)4/h7H,1,5H2,2-4H3",esper_benchmark,rf_esper,esper,3.07038,3.0887761000000005,0.24842956378376138,3.89844,3.8846850000000024,0.19550350274867195,243.85321,241.52668870000002,11.317249078738145
CCCCCS,"InChI=1S/C5H12S/c1-2-3-4-5-6/h6H,2-5H2,1H3",esper_benchmark,rf_esper,esper,2.92309,2.999457999999998,0.30704222128886444,3.87121,3.8083176000000005,0.22031646611690198,284.25802,281.71982640000016,14.24415014630327
C=CCOC(C)=O,"InChI=1S/C5H8O2/c1-3-4-7-5(2)6/h3H,1,4H2,2H3",esper_benchmark,rf_esper,esper,3.69342,4.047432400000002,0.8071545906344331,3.37024,3.297474299999999,0.14575562147824694,242.14638,233.40999909999974,8.226344772300163
CC(C)OC(=O)C(=O)OC(C)C,"InChI=1S/C8H14O4/c1-5(2)11-7(9)8(10)12-6(3)4/h5-6H,1-4H3",esper_benchmark,rf_esper,esper,5.99399,5.155419599999999,0.9126606366913388,3.39553,3.5438998,0.2335695321311408,228.57798,250.57287130000012,29.138254322479327
CCCCCCC(C)=O,"InChI=1S/C8H16O/c1-3-4-5-6-7-8(2)9/h3-7H2,1-2H3",esper_benchmark,rf_esper,esper,4.48576,4.253738600000002,0.46596195566595366,3.62189,3.667528999999998,0.14996018521260904,251.31303,254.3495845,15.646393602108532
CCC(C)OC(C)CC,"InChI=1S/C8H18O/c1-5-7(3)9-8(4)6-2/h7-8H,5-6H2,1-4H3",esper_benchmark,rf_esper,esper,3.88483,4.254591500000003,0.9552020420574644,3.85808,3.8002378000000006,0.19568416986859213,237.08157,243.71198790000003,16.474045704197575
Cc1ccc(C)o1,"InChI=1S/C6H8O/c1-5-3-4-6(2)7-5/h3-4H,1-2H3",esper_benchmark,rf_esper,esper,3.56512,3.4933569999999987,2.08829310654587,3.39067,3.5134745000000005,0.2813940019061352,239.39843,261.3571455000001,21.05328935876584
CCOC(=O)Cl,"InChI=1S/C3H5ClO2/c1-2-6-3(4)5/h2H2,1H3",esper_benchmark,rf_esper,esper,3.07101,3.4410950000000016,0.7862651958067328,3.44727,3.316612800000002,0.29357523973278127,254.37154,257.9770442000001,37.67113815412813
O=C1CCCCCC1,InChI=1S/C7H12O/c8-7-5-3-1-2-4-6-7/h1-6H2,esper_benchmark,rf_esper,esper,3.0363,3.141219599999999,0.41481927882373065,3.7919,3.671509000000001,0.20948283181922095,324.72609,306.3543956,36.66565225542564
CCCCCCCCCC(=O)OC,"InChI=1S/C11H22O2/c1-3-4-5-6-7-8-9-10-11(12)13-2/h3-10H2,1-2H3",esper_benchmark,rf_esper,esper,5.79931,6.118702599999997,0.7576663282997598,3.69896,3.6627697,0.11291784007370136,249.01319,246.76240309999997,6.696843330852937
COC(=O)CCCCCCC(=O)OC,"InChI=1S/C10H18O4/c1-13-9(11)7-5-3-4-6-8-10(12)14-2/h3-8H2,1-2H3",esper_benchmark,rf_esper,esper,5.83395,6.629618399999999,0.7695427278569007,3.61675,3.463362100000003,0.23767087973622272,264.63153,237.4652464999999,16.400736042320627
CC(C)=CC(C)(C)C,"InChI=1S/C8H16/c1-7(2)6-8(3,4)5/h6H,1-5H3",esper_benchmark,rf_esper,esper,3.44236,3.262456599999999,0.4339480284509193,3.88527,3.9450156000000014,0.08829617810890794,243.22029,248.10438419999988,9.705733295690772
CC(=O)CCC(=O)O,"InChI=1S/C5H8O3/c1-4(6)2-3-5(7)8/h2-3H2,1H3,(H,7,8)",esper_benchmark,rf_esper,esper,1.6668,4.2119487000000015,1.4128884493304164,4.5,3.220746100000001,0.45794196184864955,365.82606,263.3067243,56.89163549776233
O=[N+]([O-])c1ccc(Cl)c(Cl)c1,InChI=1S/C6H3Cl2NO2/c7-5-2-1-4(9(10)11)3-6(5)8/h1-3H,esper_benchmark,rf_esper,esper,4.23373,3.7389780999999984,1.0168524263104204,3.49076,3.7729060999999966,0.29594552338528446,320.0502,353.9564103,40.45937788840201
Cc1ccc(Cl)cc1,"InChI=1S/C7H7Cl/c1-6-2-4-7(8)5-3-6/h2-5H,1H3",esper_benchmark,rf_esper,esper,2.99979,3.1333811999999988,0.3229217827997362,3.79367,3.7356899000000015,0.11006093245557205,310.00326,307.19314949999995,10.783693653908143
C[Si]1(C)O[Si](C)(C)O[Si](C)(C)O[Si](C)(C)O[Si](C)(C)O1,"InChI=1S/C10H30O5Si5/c1-16(2)11-17(3,4)13-19(7,8)15-20(9,10)14-18(5,6)12-16/h1-10H3",esper_benchmark,rf_esper,esper,6.96787,7.820729699999998,2.2201472246837395,4.17068,4.0821448999999985,0.1563800495491354,207.83461,216.29776420000016,38.43351806649013
CC=C(C)CC,"InChI=1S/C6H12/c1-4-6(3)5-2/h4H,5H2,1-3H3",esper_benchmark,rf_esper,esper,3.14153,2.9884752000000008,0.4101985611858722,3.65787,3.7361980999999984,0.1211527215599798,235.53289,244.29433260000002,16.705304887645042
CC(=O)OC1CCCC1,"InChI=1S/C7H12O2/c1-6(8)9-7-4-2-3-5-7/h7H,2-5H2,1H3",esper_benchmark,rf_esper,esper,4.11073,3.9462826000000013,0.5735168827865836,3.50532,3.5509717000000016,0.15255025781069656,255.94038,276.66207349999996,27.122615151577516
C=CC(=O)OC(C)CC,"InChI=1S/C7H12O2/c1-4-6(3)9-7(8)5-2/h5-6H,2,4H2,1,3H3",esper_benchmark,rf_esper,esper,2.67638,4.199153400000002,0.3989249638897522,4.17861,3.5486162999999995,0.15530956771335758,310.42335,248.98101829999987,27.967415076049065
COc1ccccc1,"InChI=1S/C7H8O/c1-8-7-5-3-2-4-6-7/h2-6H,1H3",esper_benchmark,rf_esper,esper,3.43219,3.3766909,0.7567795102764014,3.51952,3.568287199999999,0.24557870164197865,286.44042,299.11756150000014,28.432245422349958
CCC(=O)CC,"InChI=1S/C5H10O/c1-3-5(6)4-2/h3-4H2,1-2H3",esper_benchmark,rf_esper,esper,3.30248,3.2517987,0.3495864766682345,3.48706,3.4906864000000013,0.0947616056693849,248.98034,245.88152870000005,8.388569438619518
Fc1c(F)c(F)c(Cl)c(F)c1F,InChI=1S/C6ClF5/c7-1-2(8)4(10)6(12)5(11)3(1)9,esper_benchmark,rf_esper,esper,3.75124,4.0467407999999985,0.5898778489783797,3.54168,3.542532700000002,0.1948072379192057,245.77185,258.43444440000013,52.81069089422421
ClCCC[Si](Cl)(Cl)Cl,"InChI=1S/C3H6Cl4Si/c4-2-1-3-8(5,6)7/h1-3H2",esper_benchmark,rf_esper,esper,4.1018,3.8391015,1.2058237571398025,3.72301,3.504900199999998,0.625984384694986,270.88173,259.6119368,39.062761730457794
CC(C)C(=O)O,"InChI=1S/C4H8O2/c1-3(2)4(5)6/h3H,1-2H3,(H,5,6)",esper_benchmark,rf_esper,esper,4.65594,4.034386599999999,1.2605161336025965,3.01643,3.098777600000001,0.41702666337086886,244.64733,240.90309289999996,48.83357713592149
C#CCC,"InChI=1S/C4H6/c1-3-4-2/h1H,4H2,2H3",esper_benchmark,rf_esper,esper,2.73542,2.374520599999999,0.346299275597914,3.3065,3.464985700000001,0.23499121313468294,214.25785,236.80611510000006,17.444735754438675
CC(C)C(C)(C)O,"InChI=1S/C6H14O/c1-5(2)6(3,4)7/h5,7H,1-4H3",esper_benchmark,rf_esper,esper,2.81532,3.0885565999999995,0.7624076588849562,3.94841,3.885120399999999,0.44408855171895606,275.35173,249.74418339999977,36.04353485615952
O=C(O)C(Cl)(Cl)Cl,"InChI=1S/C2HCl3O2/c3-2(4,5)1(6)7/h(H,6,7)",esper_benchmark,rf_esper,esper,4.85809,3.5987733999999967,1.4501925058199825,3.04254,3.7802695000000015,0.5798917251769936,260.56444,250.2839320000001,68.88658762953222
CCCCCCCCCCCCCCCCCCCC(=O)OC,"InChI=1S/C21H42O2/c1-3-4-5-6-7-8-9-10-11-12-13-14-15-16-17-18-19-20-21(22)23-2/h3-20H2,1-2H3",esper_benchmark,rf_esper,esper,11.74916,9.531119900000004,1.8513973377929958,3.53438,3.736124200000002,0.1466449125212327,225.69967,243.04481719999984,13.907480190809556
c1c[nH]cn1,"InChI=1S/C3H4N2/c1-2-5-3-4-1/h1-3H,(H,4,5)",esper_benchmark,rf_esper,esper,4.14062,2.851117300000002,0.619953412530095,2.75025,3.226432400000002,0.25775683500198404,237.38272,283.2120994999999,30.481752089010374
[Al].[CH2]C.[CH2]C.[CH2]C,"InChI=1S/3C2H5.Al/c3*1-2;/h3*1H2,2H3;",esper_benchmark,rf_esper,esper,11.86856,3.5125207,0.6682648084962354,2.43218,3.645973400000002,0.23702649070186227,175.96161,262.72417409999974,31.188552950726137
CCCCCCCCCCCCCC(C)C,"InChI=1S/C16H34/c1-4-5-6-7-8-9-10-11-12-13-14-15-16(2)3/h16H,4-15H2,1-3H3",esper_benchmark,rf_esper,esper,6.38597,6.7442167999999985,1.034492759530854,3.99475,3.920350300000001,0.056120173404133396,257.19315,251.37574619999998,4.650283863923962
C=C(F)F,InChI=1S/C2H2F2/c1-2(3)4/h1H2,esper_benchmark,rf_esper,esper,2.0273,2.2580890999999994,0.43759234832454486,3.28538,3.1804502000000014,0.27460977940335635,164.01206,171.32433979999988,35.15445578313025
C=CCCC(C)=O,"InChI=1S/C6H10O/c1-3-4-5-6(2)7/h3H,1,4-5H2,2H3",esper_benchmark,rf_esper,esper,3.79292,3.3365655000000007,0.5280780256844154,3.44147,3.5743054000000014,0.20971834803574047,253.38943,249.37080159999996,15.641042560180804
CC(C)OC(C)(C)C,"InChI=1S/C7H16O/c1-6(2)8-7(3,4)5/h6H,1-5H3",esper_benchmark,rf_esper,esper,3.52018,3.5386108999999992,0.6687643341418485,3.84456,3.849374599999999,0.2598940247155366,228.32192,234.51618780000013,17.87475341628569
FC(F)(F)C(F)(F)C(F)(F)C(F)(F)C(F)(F)C(F)(F)C(F)(F)F,"InChI=1S/C7F16/c8-1(9,2(10,11)4(14,15)6(18,19)20)3(12,13)5(16,17)7(21,22)23",esper_benchmark,rf_esper,esper,5.11596,5.0487182,0.6525936617028701,3.75187,3.7561834,0.1179456606257305,180.92292,181.25004109999998,5.554178949908418
C1CO1,InChI=1S/C2H4O/c1-2-3-1/h1-2H2,esper_benchmark,rf_esper,esper,2.1985,2.3428383999999984,0.38774607414832707,3.06558,3.205383600000001,0.16083483966802717,241.37299,256.0867551000001,24.483375560195636
NCCNCCN,"InChI=1S/C4H13N3/c5-1-3-7-4-2-6/h7H,1-6H2",esper_benchmark,rf_esper,esper,3.74055,3.249589200000001,1.9346546419822228,3.48881,3.8527763999999984,0.5953523968382424,295.03128,274.59738530000004,115.61934470840936
NCCN,InChI=1S/C2H8N2/c3-1-2-4/h1-4H2,esper_benchmark,rf_esper,esper,3.97041,2.1228025,1.0354074499870811,2.82526,3.696187299999999,0.6192026960016486,251.77698,278.8142844000001,93.32270346561312
COC(C)C,"InChI=1S/C4H10O/c1-4(2)5-3/h4H,1-3H3",esper_benchmark,rf_esper,esper,2.825,2.9464969000000014,0.3113845039647767,3.54669,3.5131597000000014,0.1630516659924393,223.17478,229.82571130000005,6.30824639130189
COC(=O)CCl,"InChI=1S/C3H5ClO2/c1-6-3(5)2-4/h2H2,1H3",esper_benchmark,rf_esper,esper,4.02247,3.6434231000000006,0.7368595486341953,3.0774,3.133502400000001,0.2532802384281885,252.89659,256.88514110000006,37.267970032565074
Ic1ccccc1,InChI=1S/C6H5I/c7-6-4-2-1-3-5-6/h1-5H,esper_benchmark,rf_esper,esper,2.74283,2.8809211000000006,0.29261641809336336,3.87096,3.722106699999999,0.15937130649558592,350.99533,327.47922260000007,20.20284889707606
FC(F)=C(F)C(F)(F)F,"InChI=1S/C3F6/c4-1(2(5)6)3(7,8)9",esper_benchmark,rf_esper,esper,3.40869,3.615997799999996,0.6189378667678685,3.22719,3.2175015999999994,0.10450376432186546,159.26613,170.79342320000006,10.819052337034872
CCCCOCCOC(C)=O,"InChI=1S/C8H16O3/c1-3-4-5-10-6-7-11-8(2)9/h3-7H2,1-2H3",esper_benchmark,rf_esper,esper,5.49081,4.994840500000004,0.8503177298485257,3.47348,3.5317165000000013,0.18300687399862878,238.23978,246.8563188999999,15.504881178331477
O=C1CCCCC1C1CCCCC1,"InChI=1S/C12H20O/c13-12-9-5-4-8-11(12)10-6-2-1-3-7-10/h10-11H,1-9H2",esper_benchmark,rf_esper,esper,4.87135,4.723021899999996,1.1020670734185785,3.7745,3.8607204999999993,0.214482659701781,292.9591,310.20013630000017,35.528790165546866
CC(C)C(C)C(C)C,"InChI=1S/C8H18/c1-6(2)8(5)7(3)4/h6-8H,1-5H3",esper_benchmark,rf_esper,esper,3.17623,3.328185999999998,0.32139405107748964,4.03277,4.051711199999999,0.10390166722704697,259.56788,253.77291419999992,13.273077440059044
CCOC(=O)CCC(=O)OCC,"InChI=1S/C8H14O4/c1-3-11-7(9)5-6-8(10)12-4-2/h3-6H2,1-2H3",esper_benchmark,rf_esper,esper,5.73177,5.7310808000000035,0.8480830583624225,3.42322,3.4644833000000017,0.11209391119998446,247.11955,251.02084600000006,9.329728338227328
CC(=O)C(C)O,"InChI=1S/C4H8O2/c1-3(5)4(2)6/h3,5H,1-2H3",esper_benchmark,rf_esper,esper,1.86561,2.9542175,0.9093013733239104,4.12089,3.6741157,0.5655625346347739,389.8993,279.06015970000004,81.943426517574
CCSSC(C)(C)C,"InChI=1S/C6H14S2/c1-5-7-8-6(2,3)4/h5H2,1-4H3",esper_benchmark,rf_esper,esper,3.74374,3.6044003999999976,0.41072247998842226,3.87157,3.8852405000000005,0.19498738898387763,278.55735,285.4629029,16.346255265470386
CC(Cl)CCl,"InChI=1S/C3H6Cl2/c1-3(5)2-4/h3H,2H2,1H3",esper_benchmark,rf_esper,esper,2.52453,2.8119283999999998,0.3309900575960552,3.73052,3.6569313999999995,0.18140506752028734,291.64502,337.9232183000001,114.36193515329117
CCc1cccc(O)c1,"InChI=1S/C8H10O/c1-2-7-4-3-5-8(9)6-7/h3-6,9H,2H2,1H3",esper_benchmark,rf_esper,esper,3.98587,3.546841299999999,0.887687554551324,3.51879,3.597229599999999,0.4660874937818435,293.91226,299.4373592000003,32.6083467854466
Cc1ccc2ccccc2n1,"InChI=1S/C10H9N/c1-8-6-7-9-4-2-3-5-10(9)11-8/h2-7H,1H3",esper_benchmark,rf_esper,esper,3.57024,3.6474328000000016,0.24977963015057886,3.79149,3.735714000000001,0.1012760937042893,340.15723,340.31284339999996,16.330052914627323
OCC(F)(F)C(F)(F)F,"InChI=1S/C3H3F5O/c4-2(5,1-9)3(6,7)8/h9H,1H2",esper_benchmark,rf_esper,esper,1.55253,3.5387071999999993,0.8286872805396257,4.5,3.2854585999999997,0.513604754555524,318.71048,185.8182707999999,19.95060180800722
c1ccc2c(c1)COC2,"InChI=1S/C8H8O/c1-2-4-8-6-9-5-7(8)3-1/h1-4H,5-6H2",esper_benchmark,rf_esper,esper,3.43276,3.585695799999998,0.6130709689345597,3.5659,3.6475066999999983,0.2180031247026289,314.19826,289.0675289,26.60583099345093
Sc1ccccc1,"InChI=1S/C6H6S/c7-6-4-2-1-3-5-6/h1-5,7H",esper_benchmark,rf_esper,esper,2.48712,2.8232917999999985,0.35819017224200894,3.90272,3.6921429000000017,0.19608257826892728,347.6038,313.9372055,17.570879659886213
CC1CC(C)C(C)C1,"InChI=1S/C8H16/c1-6-4-7(2)8(3)5-6/h6-8H,4-5H2,1-3H3",esper_benchmark,rf_esper,esper,2.93534,2.9490338999999994,0.368445346101413,4.05617,3.9613518999999995,0.12936800797488543,275.52874,284.4059041,14.607475803042503
[Cl-].[Cl-].[Cl-].[Cl-].[Ti+4],InChI=1S/4ClH.Ti/h4*1H;/q;;;;+4/p-4,esper_benchmark,rf_esper,esper,2.29333,2.1566593000000016,0.6192324546020745,4.04045,4.0001763000000015,0.5087578214782645,344.74829,353.08415970000004,90.85009260436998
C1CCC(NC2CCCCC2)CC1,"InChI=1S/C12H23N/c1-3-7-11(8-4-1)13-12-9-5-2-6-10-12/h11-13H,1-10H2",esper_benchmark,rf_esper,esper,4.24675,4.3951256999999995,0.9999391209431251,4.0479,4.218460500000002,0.3227921742092736,305.06556,324.0846863000001,41.81955163307185
CCCOC(=O)OCCC,"InChI=1S/C7H14O3/c1-3-5-9-7(8)10-6-4-2/h3-6H2,1-2H3",esper_benchmark,rf_esper,esper,4.9132,4.800203,0.9350836622768041,3.48018,3.5375961,0.1734958612295694,238.18706,240.08467229999985,16.0095238899723
CN(C)N,"InChI=1S/C2H8N2/c1-4(2)3/h3H2,1-2H3",esper_benchmark,rf_esper,esper,5.129,2.883506300000002,0.7957159042593718,2.56074,3.2638086,0.5039244139412578,130.85909,247.8493745999999,55.912218574898695
C1CCOCC1,InChI=1S/C5H10O/c1-2-4-6-5-3-1/h1-5H2,esper_benchmark,rf_esper,esper,2.5957,2.8037499,0.3119982089099071,3.6803,3.6703982000000015,0.21511764782732262,281.77454,281.82982990000005,30.48190450422092
FC(F)=CCl,InChI=1S/C2HClF2/c3-1-2(4)5/h1H,esper_benchmark,rf_esper,esper,2.54285,2.5699518000000006,0.37384332061809006,3.27944,3.306686200000001,0.16797183827522993,202.77134,207.12324090000013,33.80311367546229
C[Si](C)(C)O[Si](C)(C)O[Si](C)(C)O[Si](C)(C)O[Si](C)(C)O[Si](C)(C)O[Si](C)(C)C,"InChI=1S/C16H48O6Si7/c1-23(2,3)17-25(7,8)19-27(11,12)21-29(15,16)22-28(13,14)20-26(9,10)18-24(4,5)6/h1-16H3",esper_benchmark,rf_esper,esper,11.28969,11.7800665,3.2967495974879197,4.09893,4.095139200000004,0.20292226695303803,194.90517,205.8717912999999,40.32911337252299
CCC,"InChI=1S/C3H8/c1-3-2/h3H2,1-2H3",esper_benchmark,rf_esper,esper,1.98602,2.2359671999999993,0.2870194036161319,3.6244,3.6092265000000014,0.16725971690981067,209.08586,206.53560189999996,25.812426577260947
CC1(C)CO1,"InChI=1S/C4H8O/c1-4(2)3-5-4/h3H2,1-2H3",esper_benchmark,rf_esper,esper,2.93339,2.7047057,0.4592253637491183,3.36355,3.5702767999999985,0.26778291617606975,238.26391,257.5961583000001,16.757371323100895
CCCCCCCCCCCCCCCC(=O)O,"InChI=1S/C16H32O2/c1-2-3-4-5-6-7-8-9-10-11-12-13-14-15-16(17)18/h2-15H2,1H3,(H,17,18)",esper_benchmark,rf_esper,esper,5.64924,7.3136281999999975,1.432006526376455,4.24137,3.9913640000000044,0.13473708739615825,295.39763,275.34903969999976,10.383533170242329
Cc1ccc(C)c(C)c1C,"InChI=1S/C10H14/c1-7-5-6-8(2)10(4)9(7)3/h5-6H,1-4H3",esper_benchmark,rf_esper,esper,3.67876,3.699273700000001,0.4324015663215274,3.83744,3.7491805999999985,0.11273429590696879,302.84898,291.6049134000002,17.342617684200164
CCO[N+](=O)[O-],"InChI=1S/C2H5NO3/c1-2-6-3(4)5/h2H2,1H3",esper_benchmark,rf_esper,esper,2.94548,3.3927461999999986,0.967330079632366,3.32975,3.2233719999999977,0.2093615403745396,267.70696,265.2636972999999,40.48501786313033
Fc1ccc(F)cc1,InChI=1S/C6H4F2/c7-5-1-2-6(8)4-3-5/h1-4H,esper_benchmark,rf_esper,esper,2.96517,3.082235800000003,0.4182677993228262,3.5154,3.515306700000002,0.10070931706704205,263.29915,266.5010167000002,30.664332520471277
C=CCCCCCCCCCC,"InChI=1S/C12H24/c1-3-5-7-9-11-12-10-8-6-4-2/h3H,1,4-12H2,2H3",esper_benchmark,rf_esper,esper,5.4321,5.842360499999997,1.5400049547221428,3.81379,3.8573707,0.15009990506496002,245.17208,246.24661099999986,16.66858370561756
S=P(Cl)(Cl)c1ccccc1,"InChI=1S/C6H5Cl2PS/c7-9(8,10)6-4-2-1-3-5-6/h1-5H",esper_benchmark,rf_esper,esper,9.36117,3.9854782,0.7299935406048194,2.78198,3.847936600000003,0.19749230979569798,214.32883,317.8081835,38.63339763812733
CCCOC(=O)C(=O)OCCC,"InChI=1S/C8H14O4/c1-3-5-11-7(9)8(10)12-6-4-2/h3-6H2,1-2H3",esper_benchmark,rf_esper,esper,5.75718,5.6759892,0.9385725717510397,3.43458,3.466492600000001,0.211563474983845,244.98941,251.06612620000007,14.643706144676003
C#C,InChI=1S/C2H2/c1-2/h1-2H,esper_benchmark,rf_esper,esper,2.22087,1.9257081999999996,0.7424573923147106,2.87502,3.045511400000002,0.38548908317881064,166.03384,161.38456210000012,48.67814870931719
OCC(F)(F)C(F)F,"InChI=1S/C3H4F4O/c4-2(5)3(6,7)1-8/h2,8H,1H2",esper_benchmark,rf_esper,esper,4.89974,3.3264596999999996,0.9821090690849515,2.86594,3.2169287999999985,0.4772423318803142,215.41158,194.8840962,26.8606582355779
CCC(C)(C)CO,"InChI=1S/C6H14O/c1-4-6(2,3)5-7/h7H,4-5H2,1-3H3",esper_benchmark,rf_esper,esper,2.22256,2.9649894999999993,0.9009545096844516,4.29006,3.9308663999999975,0.47767458326881895,287.6308,255.9692216999999,45.19682091321427
C=CCC=C,"InChI=1S/C5H8/c1-3-5-4-2/h3-4H,1-2,5H2",esper_benchmark,rf_esper,esper,2.54223,2.4845924999999998,0.2506150747595802,3.68026,3.7216734000000002,0.10919785011821434,233.50921,243.97350040000003,21.520338137103142
CS(=O)(=O)O,"InChI=1S/CH4O3S/c1-5(2,3)4/h1H3,(H,2,3,4)",esper_benchmark,rf_esper,esper,1.93225,3.338102100000003,1.2720261905427068,3.76364,3.6658605000000013,0.4210259545048856,550.0,266.24683789999995,42.111474723765646
ClC=CCCl,"InChI=1S/C3H4Cl2/c4-2-1-3-5/h1-2H,3H2",esper_benchmark,rf_esper,esper,2.78101,2.7215526000000008,0.47488733076724626,3.52289,3.550224299999998,0.16809143511348223,284.90215,282.4644644,15.876985990257932
CCCC(CC)CC,"InChI=1S/C8H18/c1-4-7-8(5-2)6-3/h8H,4-7H2,1-3H3",esper_benchmark,rf_esper,esper,3.53517,3.4207784000000014,0.33240949075416,3.90208,3.931872199999999,0.12506645410005035,248.39319,247.8431775,7.138828853720391
CCC(C)(C)CC(C)C,"InChI=1S/C9H20/c1-6-9(4,5)7-8(2)3/h8H,6-7H2,1-5H3",esper_benchmark,rf_esper,esper,3.44197,3.648128499999999,0.47887414513079524,4.08813,4.073384699999999,0.07168746218767962,257.53965,252.52296529999978,13.705580905790708
CCCCCCCCCC(C)C,"InChI=1S/C12H26/c1-4-5-6-7-8-9-10-11-12(2)3/h12H,4-11H2,1-3H3",esper_benchmark,rf_esper,esper,4.81946,5.194885299999998,0.6461471150062577,4.01748,3.9236193000000026,0.05227003300658985,257.96331,250.09189830000005,5.882579881621173
CSSC,InChI=1S/C2H6S2/c1-3-4-2/h1-2H3,esper_benchmark,rf_esper,esper,2.51276,2.4892208000000005,0.4782685104597207,3.63388,3.7020569000000005,0.19297614138900696,305.80846,289.0591658000001,31.83409061592849
CCCOC(=O)CCCCC(=O)OCCC,"InChI=1S/C12H22O4/c1-3-9-15-11(13)7-5-6-8-12(14)16-10-4-2/h3-10H2,1-2H3",esper_benchmark,rf_esper,esper,6.74965,6.619955399999997,0.9441226237607281,3.65092,3.6568177999999985,0.14933680998722318,254.92813,244.16084139999987,15.144298324424947
CCCCC(C)=O,"InChI=1S/C6H12O/c1-3-4-5-6(2)7/h3-5H2,1-2H3",esper_benchmark,rf_esper,esper,3.63118,3.6821153000000004,0.9972754058558301,3.56677,3.6285037999999985,0.19142633674486906,252.94354,248.12236620000007,25.135278578565057
NCCCCCCN,InChI=1S/C6H16N2/c7-5-3-1-2-4-6-8/h1-8H2,esper_benchmark,rf_esper,esper,5.09154,3.1893116000000004,0.7858099487964249,3.32619,4.014567100000002,0.44912001738131196,253.18039,180.86604830000016,109.09606531332156
CCCCCCBr,"InChI=1S/C6H13Br/c1-2-3-4-5-6-7/h2-6H2,1H3",esper_benchmark,rf_esper,esper,3.78552,3.476843000000001,0.4625957577896711,3.68502,3.8395665999999995,0.15340689692592055,266.43784,282.2521713,20.40146517508047
COC(=O)CCCC(=O)OC,"InChI=1S/C7H12O4/c1-10-6(8)4-3-5-7(9)11-2/h3-5H2,1-2H3",esper_benchmark,rf_esper,esper,5.65796,5.475813,0.7461302524713765,3.28952,3.3773087,0.15324496808479557,248.24325,246.00965409999998,19.549552849245536
C=C(C)C(=O)OCC,"InChI=1S/C6H10O2/c1-4-8-6(7)5(2)3/h2,4H2,1,3H3",esper_benchmark,rf_esper,esper,2.8576,4.004573100000002,0.44637447361984084,3.89269,3.4301150999999988,0.1366385711612574,283.49464,241.33308279999994,16.7449006052469
CCOC(=O)C(C)C(=O)OCC,"InChI=1S/C8H14O4/c1-4-11-7(9)6(3)8(10)12-5-2/h6H,4-5H2,1-3H3",esper_benchmark,rf_esper,esper,5.90828,5.316841,1.1119361353265753,3.38548,3.4660536000000013,0.19918489456542632,233.42432,244.8448304000002,20.54706077988338
CCCCCC(C)O,"InChI=1S/C7H16O/c1-3-4-5-6-7(2)8/h7-8H,3-6H2,1-2H3",esper_benchmark,rf_esper,esper,2.88461,3.745354399999997,0.7818674091830662,4.13203,3.7867367999999995,0.257280164337945,283.81619,259.32583619999974,24.748349268886376
CCc1ccc2ccccc2c1,"InChI=1S/C12H12/c1-2-10-7-8-11-5-3-4-6-12(11)9-10/h3-9H,2H2,1H3",esper_benchmark,rf_esper,esper,3.69338,3.8828715999999988,0.3141282247067906,3.94125,3.882268299999999,0.06945611641972213,336.7933,332.4456344000002,18.160181254672676
CCCCCCCCCCCCCC(C)C(C)C,"InChI=1S/C18H38/c1-5-6-7-8-9-10-11-12-13-14-15-16-18(4)17(2)3/h17-18H,5-16H2,1-4H3",esper_benchmark,rf_esper,esper,6.39318,6.617820299999996,0.9168170650423726,4.14452,4.164129899999999,0.08956214537956317,268.71914,271.78753299999994,3.1579058813325958
CCCCCCCCCCCCCC(C)CC(C)CC(C)C,"InChI=1S/C22H46/c1-6-7-8-9-10-11-12-13-14-15-16-17-21(4)19-22(5)18-20(2)3/h20-22H,6-19H2,1-5H3",esper_benchmark,rf_esper,esper,11.37815,11.255568399999992,1.5091848894888398,3.60381,3.5963993000000003,0.14749465789821004,220.06921,218.2201509999999,4.151230714008434
CCCOC(=O)CC,"InChI=1S/C6H12O2/c1-3-5-8-6(7)4-2/h3-5H2,1-2H3",esper_benchmark,rf_esper,esper,4.10988,4.064453100000002,0.24258970127643506,3.48087,3.476297599999999,0.11556275092018188,235.72041,236.2614761000001,6.564148629807967
OCc1ccco1,"InChI=1S/C5H6O2/c6-4-5-2-1-3-7-5/h1-3,6H,4H2",esper_benchmark,rf_esper,esper,4.69111,2.949762499999999,1.0796378418788175,2.91043,3.7171431000000013,0.5343432297609748,199.02602,336.24734960000006,77.30082392055037
FC(F)(F)C(F)(F)C(F)(C(F)(F)F)C(F)(F)F,"InChI=1S/C5F12/c6-1(3(9,10)11,4(12,13)14)2(7,8)5(15,16)17",esper_benchmark,rf_esper,esper,4.38356,4.303955599999998,0.2668044897797637,3.56051,3.6469176999999977,0.13936566226194314,168.85714,177.55139000000014,11.319961707928613
Clc1ccc(Cl)c(Cl)c1,InChI=1S/C6H3Cl3/c7-4-1-2-5(8)6(9)3-4/h1-3H,esper_benchmark,rf_esper,esper,3.2833,3.235613800000001,0.5076397773436989,3.77251,3.876851200000002,0.2496038766376837,333.7118,348.1262221999998,45.54409465584479
CCCCCOC(=O)CC,"InChI=1S/C8H16O2/c1-3-5-6-7-10-8(9)4-2/h3-7H2,1-2H3",esper_benchmark,rf_esper,esper,5.0311,4.650962599999998,0.4526777446741112,3.53421,3.6157039000000015,0.16818434284376765,234.61142,244.1217710000001,9.667894609587702
COC(F)(F)C(F)(F)C(F)(F)F,"InChI=1S/C4H3F7O/c1-12-4(10,11)2(5,6)3(7,8)9/h1H3",esper_benchmark,rf_esper,esper,3.83547,4.262810199999999,0.5939470402619751,3.52157,3.350107800000001,0.13333133096598113,186.33573,177.67345,15.697204903492786
CCCCCCCCCCCCCc1ccccc1,"InChI=1S/C19H32/c1-2-3-4-5-6-7-8-9-10-11-13-16-19-17-14-12-15-18-19/h12,14-15,17-18H,2-11,13,16H2,1H3",esper_benchmark,rf_esper,esper,7.27148,7.0921904,1.0902045639080036,3.90939,3.8895476999999983,0.09504085806488709,269.37727,266.3490739000004,13.007029196957768
[O-][n+]1ccccc1,InChI=1S/C5H5NO/c7-6-4-2-1-3-5-6/h1-5H,esper_benchmark,rf_esper,esper,4.08022,3.097815200000001,0.8182904359302754,3.04575,3.3878300000000006,0.33805173575652586,347.44756,293.4622562,36.51466130431449
CCCCc1ccccc1,"InChI=1S/C10H14/c1-2-3-7-10-8-5-4-6-9-10/h4-6,8-9H,2-3,7H2,1H3",esper_benchmark,rf_esper,esper,3.6872,3.8434017999999988,0.5074818365702953,3.88563,3.8462146000000024,0.0637596774367625,286.52262,284.3185093,5.570069692354534
CC(=O)CCCC(C)CCCC(C)CCCC(C)C,"InChI=1S/C18H36O/c1-15(2)9-6-10-16(3)11-7-12-17(4)13-8-14-18(5)19/h15-17H,6-14H2,1-5H3",esper_benchmark,rf_esper,esper,5.0591,7.531067399999995,1.4291258008598269,4.5,3.8587421999999973,0.22287108132541555,306.00675,255.24812309999987,20.661083349089647
CC(C)CS,"InChI=1S/C4H10S/c1-4(2)3-5/h4-5H,3H2,1-2H3",esper_benchmark,rf_esper,esper,2.62846,2.687632699999999,0.18991812411592005,3.7927,3.7665804000000014,0.15129293639770497,277.90311,279.5861271,11.480262969838652
CS(=O)(=O)Cl,"InChI=1S/CH3ClO2S/c1-5(2,3)4/h1H3",esper_benchmark,rf_esper,esper,2.96998,2.7971744000000003,0.8529081491747162,3.32335,3.5216741000000003,0.19847349142439663,308.65059,284.08637650000003,35.791229154046654
CC=C(C)C,"InChI=1S/C5H10/c1-4-5(2)3/h4H,1-3H3",esper_benchmark,rf_esper,esper,2.62219,2.6275325000000005,0.1626706957037745,3.69452,3.6990348999999974,0.09023432143585941,238.72745,239.68256220000004,8.191523013882534
CCCCCCCCCCCCC=O,"InChI=1S/C13H26O/c1-2-3-4-5-6-7-8-9-10-11-12-13-14/h13H,2-12H2,1H3",esper_benchmark,rf_esper,esper,11.20352,5.9161577,0.8082437974037969,2.95402,3.7615718999999994,0.2634803608153556,197.98235,249.70833720000002,13.24880003735229
FC(F)C(F)F,InChI=1S/C2H2F4/c3-1(4)2(5)6/h1-2H,esper_benchmark,rf_esper,esper,3.01931,3.0296336999999998,0.37225900876850526,3.05779,3.1406039999999997,0.15751309050361492,178.66968,168.3627401,15.534005266776205
Cc1ccc[n+]([O-])c1,"InChI=1S/C6H7NO/c1-6-3-2-4-7(8)5-6/h2-5H,1H3",esper_benchmark,rf_esper,esper,1.86628,3.495365599999999,0.9175877490598052,4.27713,3.5119841,0.2817957573814588,550.0,298.4007884000002,34.72231552526087
CC(C)(C)OC(C)(C)C,"InChI=1S/C8H18O/c1-7(2,3)9-8(4,5)6/h1-6H3",esper_benchmark,rf_esper,esper,3.58624,3.7837423,0.8647203117885635,3.95209,4.038184500000001,0.316084027205979,237.30769,239.81330490000016,22.360317631204452
CC(C)=CC(C)C,"InChI=1S/C7H14/c1-6(2)5-7(3)4/h5-6H,1-4H3",esper_benchmark,rf_esper,esper,3.1563,3.1442344999999996,0.40289133101960634,3.86085,3.821949100000001,0.1297426810814005,241.4735,243.05062299999986,13.429787676614064
FS(F)(F)(F)(F)F,"InChI=1S/F6S/c1-7(2,3,4,5)6",esper_benchmark,rf_esper,esper,2.50486,3.082623500000001,1.1088629949316324,3.31977,3.6914150000000006,0.26130406304724774,160.81886,191.4714677,52.37990572222518
c1ccc(Oc2ccccc2)cc1,InChI=1S/C12H10O/c1-3-7-11(8-4-1)13-12-9-5-2-6-10-12/h1-10H,esper_benchmark,rf_esper,esper,4.07429,4.289987900000001,0.808789033274184,3.80837,3.664371799999999,0.2669986006456962,320.66953,319.42905030000003,43.3743546311837
CCSCC,"InChI=1S/C4H10S/c1-3-5-4-2/h3-4H2,1-2H3",esper_benchmark,rf_esper,esper,3.03562,2.836278400000001,0.2723639895790925,3.59981,3.719002600000002,0.11935315536356801,258.53433,268.61843810000033,10.102486317670587
CCOC(=O)C1(C(=O)OCC)CCC1,"InChI=1S/C10H16O4/c1-3-13-8(11)10(6-5-7-10)9(12)14-4-2/h3-7H2,1-2H3",esper_benchmark,rf_esper,esper,5.93279,5.412490899999999,1.4295798619280387,3.5315,3.6247446999999977,0.3176662368349996,245.22991,269.48729319999995,41.11553293470395
OCC(F)(F)C(F)(F)C(F)(F)C(F)(F)C(F)(F)C(F)(F)C(F)(F)C(F)(F)C(F)(F)C(F)F,"InChI=1S/C11H4F20O/c12-2(13)4(16,17)6(20,21)8(24,25)10(28,29)11(30,31)9(26,27)7(22,23)5(18,19)3(14,15)1-32/h2,32H,1H2",esper_benchmark,rf_esper,esper,6.5728,6.743870400000002,1.382028566652601,3.90905,3.832368499999997,0.30721297551495114,226.28682,206.4600841999999,13.289716700353043
CCCCCCCCC1CCCCC1,"InChI=1S/C14H28/c1-2-3-4-5-6-8-11-14-12-9-7-10-13-14/h14H,2-13H2,1H3",esper_benchmark,rf_esper,esper,5.14602,5.328161499999998,0.6755720783978195,4.03342,3.9845738999999964,0.058031517038502504,277.80431,270.5563030999999,7.319394532725466
CC(C)CC(C)CC(C)c1ccc(O)cc1,"InChI=1S/C15H24O/c1-11(2)9-12(3)10-13(4)14-5-7-15(16)8-6-14/h5-8,11-13,16H,9-10H2,1-4H3",esper_benchmark,rf_esper,esper,4.39731,5.461582300000001,1.0295628200968165,4.24914,4.0421686999999995,0.30979790185104544,334.03606,295.7220000000001,37.482842422810364
CC1CCC(=O)C1,"InChI=1S/C6H10O/c1-5-2-3-6(7)4-5/h5H,2-4H2,1H3",esper_benchmark,rf_esper,esper,3.16271,3.1802420000000002,0.8120589925196321,3.6008,3.6473960000000005,0.17288971872844258,282.17998,301.6953226,22.39365976233856
C1=CCCC=C1,"InChI=1S/C6H8/c1-2-4-6-5-3-1/h1-4H,5-6H2",esper_benchmark,rf_esper,esper,2.42601,2.5992117999999995,0.321344203925884,3.74483,3.733709099999999,0.1329563799454167,288.24559,288.35988060000017,19.319667850770927
C1CC2C3CCC(C3)C2C1,"InChI=1S/C10H16/c1-2-9-7-4-5-8(6-7)10(9)3-1/h7-10H,1-6H2",esper_benchmark,rf_esper,esper,3.72024,3.0785078999999995,0.3832010258240314,3.78104,4.0630738000000015,0.13784763984762313,287.94753,318.7351944000002,20.214226418436905
CC(C)=CCCC(C)=CC=O,"InChI=1S/C10H16O/c1-9(2)5-4-6-10(3)7-8-11/h5,7-8H,4,6H2,1-3H3",esper_benchmark,rf_esper,esper,5.65245,4.492752800000001,1.0714260711025099,3.47273,3.7673206000000006,0.26092699301843036,254.08179,251.35132879999986,20.783303107743688
FN(F)F,InChI=1S/F3N/c1-4(2)3,esper_benchmark,rf_esper,esper,1.80616,2.4542421999999995,0.490027306905605,3.17207,3.0517941000000013,0.28834297368964956,138.36014,144.76933869999985,39.13042216751752
CC(=O)C(F)(F)C(F)(F)C(F)(F)C(F)(F)F,"InChI=1S/C6H3F9O/c1-2(16)3(7,8)4(9,10)5(11,12)6(13,14)15/h1H3",esper_benchmark,rf_esper,esper,4.65057,4.478598799999996,0.5180853792576664,3.57439,3.6205509999999994,0.20558563486537668,196.04455,189.8747314999998,12.95898177214439
FC(F)(F)C(F)(F)C(F)(F)C(F)(F)F,"InChI=1S/C4F10/c5-1(6,3(9,10)11)2(7,8)4(12,13)14",esper_benchmark,rf_esper,esper,3.75759,4.179062399999999,0.5617919371299662,3.56412,3.5427091,0.22389112204861983,163.97853,175.2441351000001,13.013773598700611
CN1CCOCC1,"InChI=1S/C5H11NO/c1-6-2-4-7-5-3-6/h2-5H2,1H3",esper_benchmark,rf_esper,esper,3.08358,2.9281814999999995,0.632702794732843,3.63158,3.737489800000002,0.3613198991115214,274.0252,284.3263670000002,29.428361750236245
CCCCCCCCCCC(C)CC,"InChI=1S/C14H30/c1-4-6-7-8-9-10-11-12-13-14(3)5-2/h14H,4-13H2,1-3H3",esper_benchmark,rf_esper,esper,5.51058,5.6362224,0.3733528150560005,4.02287,3.9736698999999938,0.06163588478305469,260.30624,256.0942061999999,5.161244929663536
C=CC(C)=O,"InChI=1S/C4H6O/c1-3-4(2)5/h3H,1H2,2H3",esper_benchmark,rf_esper,esper,2.52756,2.7733145000000023,0.4801568405477005,3.52403,3.4437669999999985,0.2780393803672422,260.98831,250.09779170000013,16.660782459143928
CC(C)CCCCC(C)C,"InChI=1S/C10H22/c1-9(2)7-5-6-8-10(3)4/h9-10H,5-8H2,1-4H3",esper_benchmark,rf_esper,esper,4.309,4.187815099999997,0.546655926395196,3.93099,3.930638999999998,0.08931463887291938,245.07869,246.87505140000002,6.697686856849759
CCCOC(=O)CCC,"InChI=1S/C7H14O2/c1-3-5-7(8)9-6-4-2/h3-6H2,1-2H3",esper_benchmark,rf_esper,esper,4.27121,4.4361425,0.183211856441525,3.59938,3.5769528999999993,0.15528549222187496,241.48775,239.5910116000001,10.483546023341216
CCCCCCCCCCCCCCCC(=O)OC,"InChI=1S/C17H34O2/c1-3-4-5-6-7-8-9-10-11-12-13-14-15-16-17(18)19-2/h3-16H2,1-2H3",esper_benchmark,rf_esper,esper,8.09875,7.805170799999994,1.187285876819631,3.78262,3.7178379,0.14612602056646173,250.23475,245.4249011,8.282300797576829
CC(=O)C=CC=C(C)CCC=C(C)C,"InChI=1S/C13H20O/c1-11(2)7-5-8-12(3)9-6-10-13(4)14/h6-7,9-10H,5,8H2,1-4H3",esper_benchmark,rf_esper,esper,6.95909,6.414687,1.7711370849691446,3.49415,3.7029956000000004,0.2837406267573257,248.1318,253.44354719999993,19.00573047297615
FC(F)(Br)C(F)(F)Br,"InChI=1S/C2Br2F4/c3-1(5,6)2(4,7)8",esper_benchmark,rf_esper,esper,2.72195,2.8487989,0.4017614779988122,3.79323,3.698995400000001,0.20082376827666593,238.22957,225.34106640000002,39.15759902866902
CCCCCCCCc1cc2cc(C)ccc2cc1C,"InChI=1S/C20H28/c1-4-5-6-7-8-9-10-18-15-20-13-16(2)11-12-19(20)14-17(18)3/h11-15H,4-10H2,1-3H3",esper_benchmark,rf_esper,esper,6.90604,6.629094100000008,0.6413314426380403,3.91531,3.9322244000000013,0.12441800380427269,295.37663,301.7198056000002,25.974136816172443
CCCCCCCCCCN,"InChI=1S/C10H23N/c1-2-3-4-5-6-7-8-9-10-11/h2-11H2,1H3",esper_benchmark,rf_esper,esper,3.6327,4.0187068,0.9032188237419322,4.28387,4.090099000000002,0.24354389166842175,298.56771,250.02455160000028,42.50071556686222
C[Si]1(C)O[Si](C)(C)O[Si](C)(C)O1,"InChI=1S/C6H18O3Si3/c1-10(2)7-11(3,4)9-12(5,6)8-10/h1-6H3",esper_benchmark,rf_esper,esper,4.60025,4.529556000000001,1.3329468558618536,4.02943,3.9673075000000004,0.2650281250900554,219.40006,242.33458150000007,61.282464056857684
O=[N+]([O-])c1ccc(F)cc1,InChI=1S/C6H4FNO2/c7-5-1-3-6(4-2-5)8(9)10/h1-4H,esper_benchmark,rf_esper,esper,3.28078,3.528523800000002,0.4591732834143992,3.59254,3.5560001,0.11288256382183215,326.55734,301.51987379999997,38.884148782871854
NC1CC1,"InChI=1S/C3H7N/c4-3-1-2-3/h3H,1-2,4H2",esper_benchmark,rf_esper,esper,3.24835,2.4708221999999997,0.7435812579114403,2.8357,3.3179805,0.3778183122146807,117.74637,292.07958169999995,39.93198546074493
CC1OCCO1,"InChI=1S/C4H8O2/c1-4-5-2-3-6-4/h4H,2-3H2,1H3",esper_benchmark,rf_esper,esper,3.69001,2.9079611999999986,0.5295375952796553,3.15282,3.3892346000000013,0.2794001538955196,230.33569,262.68354950000014,28.192094702082116
FC(F)C(F)(F)C(F)(F)C(F)(F)C(F)(F)C(F)(F)C(F)(F)F,"InChI=1S/C7HF15/c8-1(9)2(10,11)3(12,13)4(14,15)5(16,17)6(18,19)7(20,21)22/h1H",esper_benchmark,rf_esper,esper,5.38359,4.980805299999997,0.6399056998799978,3.65413,3.7557832000000007,0.0991342915532259,184.32924,183.73905670000008,11.89019564248049
CC(C)CCOC(=O)C(C)O,"InChI=1S/C8H16O3/c1-6(2)4-5-11-8(10)7(3)9/h6-7,9H,4-5H2,1-3H3",esper_benchmark,rf_esper,esper,2.84264,4.177533200000003,1.205753940237294,4.38338,4.008966000000002,0.4747321770746113,332.43574,283.2093439999998,80.09035455417546
ClC(Cl)=C(Cl)Cl,InChI=1S/C2Cl4/c3-1(4)2(5)6,esper_benchmark,rf_esper,esper,2.69164,2.7040623999999998,0.47834748737318544,3.71137,3.6729719,0.3063726022858277,303.51594,287.16415279999984,27.499845081788582
CCCCCC(=O)O,"InChI=1S/C6H12O2/c1-2-3-4-5-6(7)8/h2-5H2,1H3,(H,7,8)",esper_benchmark,rf_esper,esper,5.20044,4.683412800000001,1.0402388725452245,3.23829,3.459847400000001,0.36175138478966457,251.70798,258.8927634,27.41605247475651
FC(F)(F)C(F)(F)C(F)(F)C(F)(F)C(F)(F)C(F)(F)C(F)(F)C(F)(F)Br,"InChI=1S/C8BrF17/c9-7(22,23)5(18,19)3(14,15)1(10,11)2(12,13)4(16,17)6(20,21)8(24,25)26",esper_benchmark,rf_esper,esper,5.67735,6.392733400000001,1.8035212160477738,3.87503,3.791629299999998,0.1736953781034774,201.04478,197.78579660000003,27.898736786184752
Cc1ccc(N=C=O)cc1N=C=O,"InChI=1S/C9H6N2O2/c1-7-2-3-8(10-5-12)4-9(7)11-6-13/h2-4H,1H3",esper_benchmark,rf_esper,esper,4.67476,4.764142600000001,1.1059316448340017,3.51365,3.5827562000000013,0.3251778453455278,296.56618,303.8104278,58.19907090521825
OC(C(F)(F)F)C(F)(F)F,"InChI=1S/C3H2F6O/c4-2(5,6)1(10)3(7,8)9/h1,10H",esper_benchmark,rf_esper,esper,4.40925,3.6970205000000003,0.6806948705380039,3.09084,3.339112899999999,0.558801038337072,186.33207,172.67188510000003,19.165144802330794
C=C1C=CC(C(C)C)CC1,"InChI=1S/C10H16/c1-8(2)10-6-4-9(3)5-7-10/h4,6,8,10H,3,5,7H2,1-2H3",esper_benchmark,rf_esper,esper,3.61236,3.5992539000000003,0.40383810130520126,3.94385,4.027244199999999,0.12871104902983274,284.33361,287.87393549999996,9.575615760464947
CCC(C)Cl,"InChI=1S/C4H9Cl/c1-3-4(2)5/h4H,3H2,1-2H3",esper_benchmark,rf_esper,esper,2.58818,2.7387207999999994,0.2199463186947215,3.75701,3.714416499999999,0.1503901623469767,260.48671,265.0951323000001,15.064494527192595
Fc1c(F)c(F)c(F)c(F)c1F,InChI=1S/C6F6/c7-1-2(8)4(10)6(12)5(11)3(1)9,esper_benchmark,rf_esper,esper,3.78235,3.9455159,0.5174772249695535,3.39118,3.4381881000000023,0.1977647962995184,221.62509,236.85593010000014,25.685067400581268
CCc1cccc(C)c1,"InChI=1S/C9H12/c1-3-9-6-4-5-8(2)7-9/h4-7H,3H2,1-2H3",esper_benchmark,rf_esper,esper,3.34355,4.210391299999994,1.621559148895689,3.85007,3.8421350000000016,0.11460848480370028,290.05898,286.0018206,7.458724174160995
CCC(C)C1CCCCC1,"InChI=1S/C10H20/c1-3-9(2)10-7-5-4-6-8-10/h9-10H,3-8H2,1-2H3",esper_benchmark,rf_esper,esper,3.56409,3.959413300000002,1.151925452801573,4.0508,4.059372100000001,0.07863414247380074,286.46953,279.76041460000005,11.144315149836657
FC(F)(F)C(F)(F)C(F)(F)N(C(F)(F)C(F)(F)C(F)(F)F)C(F)(F)C(F)(F)C(F)(F)F,"InChI=1S/C9F21N/c10-1(11,4(16,17)18)7(25,26)31(8(27,28)2(12,13)5(19,20)21)9(29,30)3(14,15)6(22,23)24",esper_benchmark,rf_esper,esper,6.20798,6.369945900000004,0.5811707010459063,3.82976,3.8227752999999955,0.06913739875718497,185.60985,184.9242623999999,7.807514978194927
COC(=O)c1ccc(C(=O)OC)cc1,"InChI=1S/C10H10O4/c1-13-9(11)7-3-5-8(6-4-7)10(12)14-2/h3-6H,1-2H3",esper_benchmark,rf_esper,esper,4.80257,5.209782500000005,0.7783696792108166,3.6395,3.598951800000001,0.2457959168105931,308.88309,311.65234169999974,35.0879794630366
O=CC=Cc1ccccc1,InChI=1S/C9H8O/c10-8-4-7-9-5-2-1-3-6-9/h1-8H,esper_benchmark,rf_esper,esper,4.56164,4.153273399999998,1.345237097438381,3.33575,3.591369600000001,0.20314605296643104,304.2789,311.6806608,24.49065751589404
OCCOCCOCCO,"InChI=1S/C6H14O4/c7-1-3-9-5-6-10-4-2-8/h7-8H,1-6H2",esper_benchmark,rf_esper,esper,2.30566,4.467932600000001,1.6954284492620852,4.5,3.767827500000001,0.5877626780314905,387.95704,208.1801989000001,89.38148388088162
CC(=O)CC(C)=O,"InChI=1S/C5H8O2/c1-4(6)3-5(2)7/h3H2,1-2H3",esper_benchmark,rf_esper,esper,2.14449,3.3910193000000004,0.764112374021328,4.07412,3.4999499000000003,0.3003064318908105,348.86452,254.74084239999993,21.39702975455799
OCCC(F)(F)C(F)(F)C(F)(F)C(F)(F)C(F)(F)C(F)(F)F,"InChI=1S/C8H5F13O/c9-3(10,1-2-22)4(11,12)5(13,14)6(15,16)7(17,18)8(19,20)21/h22H,1-2H2",esper_benchmark,rf_esper,esper,3.3264,5.278104700000001,1.2356251710275692,4.5,3.8379962,0.29570705578250917,259.40111,205.1992178999999,16.62926126450471
CCCCCCCCCCCCCCN,"InChI=1S/C14H31N/c1-2-3-4-5-6-7-8-9-10-11-12-13-14-15/h2-15H2,1H3",esper_benchmark,rf_esper,esper,6.21996,5.940989399999996,0.7514810894251697,3.91016,4.007522099999999,0.20604607755691448,266.61283,245.20159220000008,38.340865095197856
CC(C)(c1ccccc1)c1ccc(O)cc1,"InChI=1S/C15H16O/c1-15(2,12-6-4-3-5-7-12)13-8-10-14(16)11-9-13/h3-11,16H,1-2H3",esper_benchmark,rf_esper,esper,3.29875,5.0927500000000006,0.9806804354763073,4.5,3.964433900000001,0.38238377391017764,361.97711,306.83654170000005,51.419197559591474
C=CCSCC=C,"InChI=1S/C6H10S/c1-3-5-7-6-4-2/h3-4H,1-2,5-6H2",esper_benchmark,rf_esper,esper,2.70319,3.488023599999999,0.4526764014602926,4.02518,3.6886516,0.17894270744414256,310.67398,278.2902680000001,22.890993103732917
O=Cc1ccco1,InChI=1S/C5H4O2/c6-4-5-2-1-3-7-5/h1-4H,esper_benchmark,rf_esper,esper,3.53014,3.337309200000001,0.6219733843801999,3.19693,3.339444600000001,0.3434343205080703,278.39147,302.74326300000007,29.68078066594278
[O-2].[O-2].[O-2].[O-2].[Os+8],InChI=1S/4O.Os/q4*-2;+8,esper_benchmark,rf_esper,esper,2.1234,2.6331522,1.4312164519195412,3.38476,3.723789200000001,0.5263953927109926,378.59057,258.1167676000002,63.39849292334204
CCC=O,"InChI=1S/C3H6O/c1-2-3-4/h3H,2H2,1H3",esper_benchmark,rf_esper,esper,2.56038,2.6360099000000012,0.36248445583085365,3.31135,3.2339615000000004,0.3062494580774798,242.9782,235.39500779999997,16.2990113986548
CCC(C)OC(C)=O,"InChI=1S/C6H12O2/c1-4-5(2)8-6(3)7/h5H,4H2,1-3H3",esper_benchmark,rf_esper,esper,4.16414,3.917925500000003,0.4615637508218666,3.46392,3.5221166999999993,0.14587960605276531,226.81852,235.8410756,21.943300508749875
CCCCCCCCCCCCC,"InChI=1S/C13H28/c1-3-5-7-9-11-13-12-10-8-6-4-2/h3-13H2,1-2H3",esper_benchmark,rf_esper,esper,5.6357,5.603352600000003,0.7020333910030493,3.82246,3.8374282000000037,0.05998800752450441,252.01401,250.32268660000003,4.815003605424449
CCCCCCCCCCCCCCCl,"InChI=1S/C14H29Cl/c1-2-3-4-5-6-7-8-9-10-11-12-13-14-15/h2-14H2,1H3",esper_benchmark,rf_esper,esper,6.402,6.837289699999996,1.7872715930229826,3.88956,3.6223081999999986,0.33820995698346895,265.17609,239.2740988,27.90093095119097
CCCCCCCCCCOC,"InChI=1S/C11H24O/c1-3-4-5-6-7-8-9-10-11-12-2/h3-11H2,1-2H3",esper_benchmark,rf_esper,esper,5.45343,5.147912799999997,0.50270480759205,3.77925,3.7666126000000006,0.23166645254598262,246.99503,245.26167349999997,14.405425032245272
C[Si](C)(C)C,"InChI=1S/C4H12Si/c1-5(2,3)4/h1-4H3",esper_benchmark,rf_esper,esper,2.6885,2.632833500000001,0.3499710611132727,3.95084,3.9065888,0.1853937720813727,220.42758,220.7037652999999,63.343160362944026
CCCCCCCCCCCCCCCCCCCC,"InChI=1S/C20H42/c1-3-5-7-9-11-13-15-17-19-20-18-16-14-12-10-8-6-4-2/h3-20H2,1-2H3",esper_benchmark,rf_esper,esper,8.46943,8.429614300000003,0.7611757411258651,3.9001,3.8906314999999982,0.045667296731359094,250.82494,249.36619249999984,2.8472319999291846
Cn1ccnc1,"InChI=1S/C4H6N2/c1-6-3-2-5-4-6/h2-4H,1H3",esper_benchmark,rf_esper,esper,2.89794,3.0529449,0.6633773695167706,3.40116,3.2994596,0.21270318318690015,363.10222,286.50315570000015,26.020926901767584
CCCC(C)CC=O,"InChI=1S/C7H14O/c1-3-4-7(2)5-6-8/h6-7H,3-5H2,1-2H3",esper_benchmark,rf_esper,esper,3.80538,3.6524107999999984,0.5702075474275662,3.66713,3.6953462999999993,0.17227949751293678,258.96667,256.8425760999998,15.664371119618679
CCc1ccccc1C,"InChI=1S/C9H12/c1-3-9-7-5-4-6-8(9)2/h4-7H,3H2,1-2H3",esper_benchmark,rf_esper,esper,3.25838,3.442923499999998,0.3170444507742565,3.86527,3.826686199999999,0.15287534255582225,297.33274,287.17923579999996,6.348825066094073
CCOC(C)(C)C,"InChI=1S/C6H14O/c1-5-7-6(2,3)4/h5H2,1-4H3",esper_benchmark,rf_esper,esper,3.44898,3.2311632000000015,0.4007564237984963,3.70437,3.782673499999998,0.2172180585143647,223.19069,229.84670270000004,10.248192549871591
Clc1cc(Cl)cc(Cl)c1,InChI=1S/C6H3Cl3/c7-4-1-5(8)3-6(9)2-4/h1-3H,esper_benchmark,rf_esper,esper,3.34345,3.267974000000001,0.5462602590267757,3.75742,3.804049400000001,0.223272883950649,326.53359,339.5434541000001,36.71634128410022
C=C(Cl)CCl,InChI=1S/C3H4Cl2/c1-3(5)2-4/h1-2H2,esper_benchmark,rf_esper,esper,3.05822,2.6798316,0.3431180333463107,3.38941,3.5918014,0.1998557636097594,262.25539,269.17841569999985,29.618192803586894
Clc1cccs1,InChI=1S/C4H3ClS/c5-4-2-1-3-6-4/h1-3H,esper_benchmark,rf_esper,esper,2.10544,2.6305567000000014,0.3659021199858099,3.93294,3.7119687000000017,0.19169196133200267,360.09788,323.62303269999984,33.87479439922813
FC=C(F)C(F)(F)F,"InChI=1S/C3HF5/c4-1-2(5)3(6,7)8/h1H",esper_benchmark,rf_esper,esper,3.30351,3.250094799999999,0.4698804333561465,3.22025,3.210438599999998,0.10156371144281802,170.31726,175.99400020000002,9.496621378219414
NCCCO,"InChI=1S/C3H9NO/c4-2-1-3-5/h5H,1-4H2",esper_benchmark,rf_esper,esper,2.75491,2.4378999000000006,1.1208480520378263,3.21909,3.9300420999999983,0.6226730998980043,79.86866,317.60720710000015,95.16627644004208
C1CCC(CCCC(CCCC2CCCC2)CCCC2CCCC2)C1,"InChI=1S/C25H46/c1-2-11-22(10-1)16-7-19-25(20-8-17-23-12-3-4-13-23)21-9-18-24-14-5-6-15-24/h22-25H,1-21H2",esper_benchmark,rf_esper,esper,7.84833,9.984560199999995,2.028446981891802,4.16454,3.983861300000001,0.1910513317810426,290.38467,306.46248740000004,35.371831384682636
c1ccc(COCc2ccccc2)cc1,"InChI=1S/C14H14O/c1-3-7-13(8-4-1)11-15-12-14-9-5-2-6-10-14/h1-10H,11-12H2",esper_benchmark,rf_esper,esper,6.10509,5.445399300000003,0.7783313529664022,3.54342,3.785805900000002,0.24804284138065757,278.94912,291.8997123,37.47464822065383
C1=CCCCC1,"InChI=1S/C6H10/c1-2-4-6-5-3-1/h1-2H,3-6H2",esper_benchmark,rf_esper,esper,2.25901,2.6287991000000006,0.23543635184522804,3.90709,3.8020394,0.16588854563121588,301.81613,289.36708569999996,21.825477375131484
O=CN1CCOCC1,"InChI=1S/C5H9NO2/c7-5-6-1-3-8-4-2-6/h5H,1-4H2",esper_benchmark,rf_esper,esper,3.60347,3.4432269999999976,1.1054865924573667,3.42605,3.4958938999999982,0.193866047955257,336.6143,304.49269610000005,48.80319588035281
ClCCCCCCl,InChI=1S/C5H10Cl2/c6-4-2-1-3-5-7/h1-5H2,esper_benchmark,rf_esper,esper,3.91414,3.5270365000000017,0.5704505368748024,3.55572,3.6887144000000003,0.11482554268384712,280.84797,284.9093794999997,24.36461302252484
C[Si](C)(Cl)Cl,"InChI=1S/C2H6Cl2Si/c1-5(2,3)4/h1-2H3",esper_benchmark,rf_esper,esper,2.95264,2.6420701,0.21858490185506868,3.75222,3.847133500000001,0.11797878844415212,242.40029,254.16654790000007,13.566233718654003
O=COC1CCCCC1,"InChI=1S/C7H12O2/c8-6-9-7-4-2-1-3-5-7/h6-7H,1-5H2",esper_benchmark,rf_esper,esper,3.54693,3.898450800000001,0.7105369727687365,3.67959,3.5874576,0.19155820938357088,283.4585,306.55374230000007,38.43432737226108
OCCO,"InChI=1S/C2H6O2/c3-1-2-4/h3-4H,1-2H2",esper_benchmark,rf_esper,esper,1.71084,1.9910867000000008,1.1454099027405473,3.73481,3.5018024000000003,0.6490089648473588,354.18312,256.8433029,100.16627224111775
FC(F)(F)C(F)(F)N(C(F)(F)C(F)(F)F)C(F)(F)C(F)(F)F,"InChI=1S/C6F15N/c7-1(8,9)4(16,17)22(5(18,19)2(10,11)12)6(20,21)3(13,14)15",esper_benchmark,rf_esper,esper,4.9909,4.988054799999998,1.6632857798403013,3.69676,3.7375462999999995,0.21782934899436754,177.52418,177.46497459999995,11.22513308085445
Nc1ccc([N+](=O)[O-])cc1,"InChI=1S/C6H6N2O2/c7-5-1-3-6(4-2-5)8(9)10/h1-4H,7H2",esper_benchmark,rf_esper,esper,11.0606,2.9953157,0.6731890696680315,2.17166,3.7879241999999973,0.36492387859711234,144.01604,306.68526760000003,36.178481606051186
CC1CCC(C(C)C)C(=O)C1,"InChI=1S/C10H18O/c1-7(2)9-5-4-8(3)6-10(9)11/h7-9H,4-6H2,1-3H3",esper_benchmark,rf_esper,esper,3.96459,4.059324899999998,0.6155128537756055,3.9266,3.8257113000000014,0.24542080363593868,289.85394,293.6068865,20.292880334563517
C=CCCCCCCCCCCCCCCC,"InChI=1S/C17H34/c1-3-5-7-9-11-13-15-17-16-14-12-10-8-6-4-2/h3H,1,4-17H2,2H3",esper_benchmark,rf_esper,esper,7.12672,7.8149431999999965,1.9421817238187988,3.89934,3.847344399999996,0.1290643077641529,252.3126,247.0993779999999,11.336591067251298
Clc1ccc(Cl)cc1,InChI=1S/C6H4Cl2/c7-5-1-2-6(8)4-3-5/h1-4H,esper_benchmark,rf_esper,esper,2.97762,2.9226254999999997,0.300396471728198,3.77419,3.794131300000001,0.1066375790015414,324.26409,334.6369422000002,27.481682215009524
c1cnccn1,InChI=1S/C4H4N2/c1-2-6-4-3-5-1/h1-4H,esper_benchmark,rf_esper,esper,2.82189,2.9896098000000033,0.7513907775105841,3.31028,3.314626100000001,0.2304839904717679,239.79933,292.84000870000017,25.24322966822458
C[Si](C)(C)O[Si](C)(C)O[Si](C)(C)O[Si](C)(C)O[Si](C)(C)O[Si](C)(C)O[Si](C)(C)O[Si](C)(C)C,"InChI=1S/C18H54O7Si8/c1-26(2,3)19-28(7,8)21-30(11,12)23-32(15,16)25-33(17,18)24-31(13,14)22-29(9,10)20-27(4,5)6/h1-18H3",esper_benchmark,rf_esper,esper,12.24174,13.249976300000004,2.969385820739588,4.16199,4.074514600000003,0.2018472598398105,196.32126,201.08946409999987,44.229961662001955
CCCCCCCCCCCCCCCCC(C)C,"InChI=1S/C19H40/c1-4-5-6-7-8-9-10-11-12-13-14-15-16-17-18-19(2)3/h19H,4-18H2,1-3H3",esper_benchmark,rf_esper,esper,7.73766,7.954129100000001,0.9313391526281871,3.95566,3.8573965999999977,0.09114185759814195,252.55501,245.0166706999997,5.81805580364837
Cc1ccc(C)c(C)c1,"InChI=1S/C9H12/c1-7-4-5-8(2)9(3)6-7/h4-6H,1-3H3",esper_benchmark,rf_esper,esper,3.38569,3.3553654999999982,0.3876537157783349,3.83005,3.812431699999999,0.1912070492531852,293.80602,288.15709940000005,14.628664791942617
CC1CC=CCC1,"InChI=1S/C7H12/c1-7-5-3-2-4-6-7/h2-3,7H,4-6H2,1H3",esper_benchmark,rf_esper,esper,1.98782,2.8531067,0.22173065126434371,4.3506,3.8926282999999997,0.1063496727503663,338.26484,279.5502159999999,15.304501722147055
C=CC(C)(C)O,"InChI=1S/C5H10O/c1-4-5(2,3)6/h4,6H,1H2,2-3H3",esper_benchmark,rf_esper,esper,2.9728,2.8378628999999993,0.7340413391618962,3.63219,3.6876044,0.4653697845870958,241.67593,256.94886649999995,53.99692121767123
CCCCCCc1cc2c(cc1CCCC)CCCC2,"InChI=1S/C20H32/c1-3-5-7-8-12-18-16-20-14-10-9-13-19(20)15-17(18)11-6-4-2/h15-16H,3-14H2,1-2H3",esper_benchmark,rf_esper,esper,6.62524,7.060562500000002,1.1393399568823828,4.02038,4.0081302,0.12486687470246063,288.72756,279.0229990000001,20.98151283585383
C=CC(=C)CCC=C(C)C,"InChI=1S/C10H16/c1-5-10(4)8-6-7-9(2)3/h5,7H,1,4,6,8H2,2-3H3",esper_benchmark,rf_esper,esper,4.24638,4.124892699999999,1.2235537670792032,3.80054,3.7881612999999987,0.21745091500683544,256.83703,244.0877451,19.800510323062355
CCCCCCC=C(C=O)CCCCC,"InChI=1S/C14H26O/c1-3-5-7-8-10-12-14(13-15)11-9-6-4-2/h12-13H,3-11H2,1-2H3",esper_benchmark,rf_esper,esper,6.10799,6.219823299999998,0.835910527282741,3.84204,3.828750999999999,0.25536827626586667,264.85777,248.20727849999992,24.057195320120766
FC(F)(F)c1ccc(Cl)cc1,"InChI=1S/C7H4ClF3/c8-6-3-1-5(2-4-6)7(9,10)11/h1-4H",esper_benchmark,rf_esper,esper,3.66254,3.9522583999999994,0.563067629424246,3.67718,3.659008400000002,0.2059139982891887,260.99311,282.00754680000006,56.499845622166546
c1cncnc1,InChI=1S/C4H4N2/c1-2-5-4-6-3-1/h1-4H,esper_benchmark,rf_esper,esper,3.43346,2.977718000000002,0.7534030805750664,3.09619,3.3176985000000014,0.21389088469299017,268.54116,291.7154782000001,24.70679615949671
Cl[Si](Cl)(Cl)[Si](Cl)(Cl)Cl,"InChI=1S/Cl6Si2/c1-7(2,3)8(4,5)6",esper_benchmark,rf_esper,esper,3.54771,3.3683392000000003,1.178180194313824,4.02088,3.8542755999999976,0.28084290991698535,266.48721,278.2836989,39.896247358329504
CCCC(=O)CCC,"InChI=1S/C7H14O/c1-3-5-7(8)6-4-2/h3-6H2,1-2H3",esper_benchmark,rf_esper,esper,3.94757,3.9323027999999995,0.40778035382563466,3.62582,3.6106822999999997,0.08288303715302664,251.77395,248.2028113000001,7.276981832931654
c1ccc2c(c1)CCS2,"InChI=1S/C8H8S/c1-2-4-8-7(3-1)5-6-9-8/h1-4H,5-6H2",esper_benchmark,rf_esper,esper,3.1083,3.2997055999999994,0.555248992682238,3.81988,3.7186337000000003,0.30731054085942133,361.88651,326.20933210000004,26.878360697420824
CC(C)CC(C)(C)C,"InChI=1S/C8H18/c1-7(2)6-8(3,4)5/h7H,6H2,1-5H3",esper_benchmark,rf_esper,esper,3.13984,3.198688899999999,0.25669366487661904,4.08786,4.025646000000001,0.0949229961284409,249.78239,247.79081339999976,10.54740623798337
CC(C)COC(=O)c1ccccc1C(=O)OCC(C)C,"InChI=1S/C16H22O4/c1-11(2)9-19-15(17)13-7-5-6-8-14(13)16(18)20-10-12(3)4/h5-8,11-12H,9-10H2,1-4H3",esper_benchmark,rf_esper,esper,7.45512,7.771506000000001,2.1907825661904483,3.69998,3.7023644000000013,0.221590647006231,262.59779,252.57883580000012,26.09852078045889
CC1C=Cc2ccccc21,"InChI=1S/C10H10/c1-8-6-7-9-4-2-3-5-10(8)9/h2-8H,1H3",esper_benchmark,rf_esper,esper,4.74445,3.1923042000000006,0.5440402387750009,3.3795,3.907741600000002,0.1577816416869846,258.82554,308.06241620000003,26.80389785894226
CCC(=O)N(C)C,"InChI=1S/C5H11NO/c1-4-5(7)6(2)3/h4H2,1-3H3",esper_benchmark,rf_esper,esper,4.15632,3.512115899999998,0.511915093104501,3.30827,3.4415867999999987,0.18170457602867351,273.01954,269.58273499999984,34.44452273825829
C=C(CC)c1ccccc1,"InChI=1S/C10H12/c1-3-9(2)10-7-5-4-6-8-10/h4-8H,2-3H2,1H3",esper_benchmark,rf_esper,esper,4.42067,3.4969090999999963,0.624655404492901,3.56046,3.8303271999999975,0.2553953179957689,260.31433,292.04487930000005,18.520504141081222
c1ccc2nc3ccccc3cc2c1,InChI=1S/C13H9N/c1-3-7-12-10(5-1)9-11-6-2-4-8-13(11)14-12/h1-9H,esper_benchmark,rf_esper,esper,3.71205,3.7529195000000017,0.4775479019415224,3.96411,3.8453359000000007,0.17967241706002063,395.67771,370.33577110000004,30.886733104777203
CCCCCCOC(C)=O,"InChI=1S/C8H16O2/c1-3-4-5-6-7-10-8(2)9/h3-7H2,1-2H3",esper_benchmark,rf_esper,esper,4.9882,4.691483800000002,0.32269039921503706,3.54206,3.5520924000000025,0.10603471828717231,237.57314,239.04832320000006,8.321239644915519
CC(O)CCO,"InChI=1S/C4H10O2/c1-4(6)2-3-5/h4-6H,2-3H2,1H3",esper_benchmark,rf_esper,esper,3.16848,2.8033086,1.2387835999649175,3.48257,3.6253977999999996,0.6046632843716908,278.45358,273.1486616999998,68.4834409714946
CC=CCCCC,"InChI=1S/C7H14/c1-3-5-7-6-4-2/h3,5H,4,6-7H2,1-2H3",esper_benchmark,rf_esper,esper,2.85867,3.484273599999998,0.48115220696474,3.99816,3.824839900000002,0.11741807676414227,267.15696,246.61478940000012,10.670773624673311
CNCCCN,"InChI=1S/C4H12N2/c1-6-4-2-3-5/h6H,2-5H2,1H3",esper_benchmark,rf_esper,esper,2.26839,3.0855660000000005,2.2852340130739344,4.05107,3.7076437999999974,0.49271348810394866,340.08937,237.02647770000004,101.5393516905774
CCCCCCCCCCC(C)CC(C)C,"InChI=1S/C16H34/c1-5-6-7-8-9-10-11-12-13-16(4)14-15(2)3/h15-16H,5-14H2,1-4H3",esper_benchmark,rf_esper,esper,6.90581,7.060136599999998,1.1185944514686457,3.87092,3.771267699999996,0.1232446402555097,239.81844,227.27663350000014,7.3525502636111755
COCCO,"InChI=1S/C3H8O2/c1-5-3-2-4/h4H,2-3H2,1H3",esper_benchmark,rf_esper,esper,3.44528,3.3141303,0.9431212363555969,3.15264,3.3244599999999966,0.5224963754247488,230.74612,240.7823250999998,71.6523784218459
Cc1ccc(C(C)C)cc1,"InChI=1S/C10H14/c1-8(2)10-6-4-9(3)5-7-10/h4-8H,1-3H3",esper_benchmark,rf_esper,esper,3.69217,3.6197705000000036,0.2313277321004769,3.89617,3.9027044999999987,0.07288883750444923,281.4887,285.6133096000001,3.2497974448885074
CCC=CC(C)(C)C,"InChI=1S/C8H16/c1-5-6-7-8(2,3)4/h6-7H,5H2,1-4H3",esper_benchmark,rf_esper,esper,3.62903,3.541975499999998,1.9513965149371229,3.84198,3.9516945000000017,0.06573148990210094,233.29859,249.33782939999983,8.527475322651107
CCN,"InChI=1S/C2H7N/c1-2-3/h2-3H2,1H3",esper_benchmark,rf_esper,esper,2.79195,2.4550378999999993,0.7825682735164966,3.08254,3.3100264999999984,0.46926850151991883,217.92545,221.21980310000006,33.483395864094724
OCC(Cl)CCl,"InChI=1S/C3H6Cl2O/c4-1-3(5)2-6/h3,6H,1-2H2",esper_benchmark,rf_esper,esper,1.57007,2.797063899999999,1.2688235798328273,4.5,3.8998362,0.5300069084281451,446.70373,324.72239479999985,103.84717721638056
CCCCCCCCSCCCCCCCC,"InChI=1S/C16H34S/c1-3-5-7-9-11-13-15-17-16-14-12-10-8-6-4-2/h3-16H2,1-2H3",esper_benchmark,rf_esper,esper,5.87615,8.530862699999993,2.557517689460174,4.20886,3.814186600000002,0.2245749464798779,291.2055,255.25890150000023,26.417923662021103
SCc1ccccc1,"InChI=1S/C7H8S/c8-6-7-4-2-1-3-5-7/h1-5,8H,6H2",esper_benchmark,rf_esper,esper,3.63644,3.2071552000000008,0.4794825322271501,3.53107,3.6901164000000013,0.25018313357027083,223.56689,309.2091673000001,20.59048745041505
CO,"InChI=1S/CH4O/c1-2/h2H,1H3",esper_benchmark,rf_esper,esper,2.25965,2.495673099999999,0.5462275299629176,2.83016,2.9449264999999993,0.3054548288384882,183.58634,192.80187319999993,68.78244641609838
CC(C)CNCC(C)C,"InChI=1S/C8H19N/c1-7(2)5-9-6-8(3)4/h7-9H,5-6H2,1-4H3",esper_benchmark,rf_esper,esper,2.47901,3.4234787000000013,0.8876187677169235,4.5,4.1969617999999995,0.33918884081107376,200.12754,253.02869130000008,48.77039822554006
OCC(F)(F)C(F)(F)C(F)(F)C(F)(F)C(F)(F)C(F)(F)F,"InChI=1S/C7H3F13O/c8-2(9,1-21)3(10,11)4(12,13)5(14,15)6(16,17)7(18,19)20/h21H,1H2",esper_benchmark,rf_esper,esper,5.68148,4.848485699999997,0.8408471467315031,3.60554,3.836899499999999,0.2939665586231707,197.10418,208.12847129999972,15.24508517199086
CC#N,InChI=1S/C2H3N/c1-2-3/h1H3,esper_benchmark,rf_esper,esper,2.32567,2.2791173999999996,0.3949916506905431,3.16425,3.1546398,0.2793852116665448,207.70403,191.92936909999997,36.93023131843661
CCCCC(C)O,"InChI=1S/C6H14O/c1-3-4-5-6(2)7/h6-7H,3-5H2,1-2H3",esper_benchmark,rf_esper,esper,3.29456,3.5077450999999966,0.8008272817649197,3.76233,3.7167363999999994,0.32580258725958583,257.5694,256.1389032999998,38.831619103153606
CCC1COC(=O)O1,"InChI=1S/C5H8O3/c1-2-4-3-7-5(6)8-4/h4H,2-3H2,1H3",esper_benchmark,rf_esper,esper,3.33303,3.6658546999999992,0.8781338793344156,3.53941,3.435098799999999,0.2712859415645419,365.23054,317.9870614000002,36.317754443625056
CCCCCC1CCCCC1,"InChI=1S/C11H22/c1-2-3-5-8-11-9-6-4-7-10-11/h11H,2-10H2,1H3",esper_benchmark,rf_esper,esper,4.06101,4.134769499999999,0.6775277244753529,4.02502,4.0001812,0.035106173681562027,280.19763,275.24164459999963,7.835540800082582
C=CC(C)CCC,"InChI=1S/C7H14/c1-4-6-7(3)5-2/h5,7H,2,4,6H2,1,3H3",esper_benchmark,rf_esper,esper,2.84142,3.1917603,0.36955916798113664,4.01501,3.868068600000003,0.1632612705023454,256.744,251.38942189999997,23.91705303612582
CCCCCc1ccccc1,"InChI=1S/C11H16/c1-2-3-5-8-11-9-6-4-7-10-11/h4,6-7,9-10H,2-3,5,8H2,1H3",esper_benchmark,rf_esper,esper,4.12735,4.290772400000001,0.685433634809556,3.86451,3.8702105000000016,0.0532630485303836,280.97538,281.9531249999999,5.044024427786114
CC=CCC,"InChI=1S/C5H10/c1-3-5-4-2/h3,5H,4H2,1-2H3",esper_benchmark,rf_esper,esper,2.4197,2.6244554,0.2617819811806,3.81623,3.7228429,0.0917966414995124,247.87781,239.13455999999994,8.840004230306565
C1C2C1C1CC21,"InChI=1S/C6H8/c1-3-4(1)6-2-5(3)6/h3-6H,1-2H2",esper_benchmark,rf_esper,esper,1.93836,2.6553087,0.34292474098453435,3.99922,3.942593599999999,0.20548724263330806,320.54326,311.1029245,35.59199392011766
CC=CC=CC,"InChI=1S/C6H10/c1-3-5-6-4-2/h3-6H,1-2H3",esper_benchmark,rf_esper,esper,3.02676,2.9927943999999997,0.4960213271852733,3.66496,3.650795899999999,0.1058172698106977,251.30399,241.67791319999992,10.787155507569535
CC1=CCCCC1,"InChI=1S/C7H12/c1-7-5-3-2-4-6-7/h5H,2-4,6H2,1H3",esper_benchmark,rf_esper,esper,2.62859,2.8598589000000008,0.29174872086401676,3.92804,3.8911990000000007,0.12122177442604945,294.2903,279.9997817999999,15.992518676778113
CO[Si](CCCCl)(OC)OC,"InChI=1S/C6H15ClO3Si/c1-8-11(9-2,10-3)6-4-5-7/h4-6H2,1-3H3",esper_benchmark,rf_esper,esper,5.06562,5.3432411,1.3308323002331246,3.66481,3.616359300000002,0.23032422484078843,249.80363,245.3744433999999,50.58944346806142
CCCCC(C)CC,"InChI=1S/C8H18/c1-4-6-7-8(3)5-2/h8H,4-7H2,1-3H3",esper_benchmark,rf_esper,esper,3.61455,3.4944712000000013,0.28553699591219345,3.88542,3.9442647000000006,0.1026500104087185,245.59768,252.57656529999986,17.63877073699278
OCCN1CCOCC1,"InChI=1S/C6H13NO2/c8-4-1-7-2-5-9-6-3-7/h8H,1-6H2",esper_benchmark,rf_esper,esper,2.27045,3.1090317,1.0244034880983712,4.34494,3.955055500000002,0.4687247640126879,415.12607,332.3697978999999,71.63152834730123
CCCCCCCCCCCCCCC(C)C,"InChI=1S/C17H36/c1-4-5-6-7-8-9-10-11-12-13-14-15-16-17(2)3/h17H,4-16H2,1-3H3",esper_benchmark,rf_esper,esper,6.9092,7.009479799999995,0.9852958129556628,3.96715,3.9056885000000006,0.07134379592333166,253.9506,248.04944259999982,6.601739534879514
CCCCCCCC1CCCCC1,"InChI=1S/C13H26/c1-2-3-4-5-7-10-13-11-8-6-9-12-13/h13H,2-12H2,1H3",esper_benchmark,rf_esper,esper,4.95524,4.8793749,0.8115675283714784,3.986,3.990024899999997,0.04433852700519044,273.21075,272.4121267999998,7.527548608926663
CCCCCCCCC=O,"InChI=1S/C9H18O/c1-2-3-4-5-6-7-8-9-10/h9H,2-8H2,1H3",esper_benchmark,rf_esper,esper,5.19012,4.902432100000002,0.4656638687450316,3.55228,3.663310199999998,0.1500514150148541,245.15575,250.42538279999997,12.73545235041465
CCN(CC)CC,"InChI=1S/C6H15N/c1-4-7(5-2)6-3/h4-6H2,1-3H3",esper_benchmark,rf_esper,esper,3.29493,3.416958300000001,0.5477355003577091,3.7908,3.7988699000000015,0.25672641861910117,240.45519,247.42530190000008,27.868181592874294
FC(F)(F)C(Cl)Cl,"InChI=1S/C2HCl2F3/c3-1(4)2(5,6)7/h1H",esper_benchmark,rf_esper,esper,2.93973,2.8693561000000005,0.25906438776834995,3.49608,3.6276065000000015,0.26908275038498836,215.55589,221.4167788000001,29.47115259046471
FC1(F)OC(F)(F)C1(F)F,"InChI=1S/C3F6O/c4-1(5)2(6,7)10-3(1,8)9",esper_benchmark,rf_esper,esper,3.34601,3.4364679000000034,0.3985773771786226,3.30559,3.3384838000000023,0.15852409156200833,160.92272,193.10466199999988,49.59574376671575
Oc1ccc2ccccc2c1,"InChI=1S/C10H8O/c11-10-6-5-8-3-1-2-4-9(8)7-10/h1-7,11H",esper_benchmark,rf_esper,esper,2.98372,3.1106076000000003,0.7992585205177606,3.9732,4.000550800000001,0.4268912673496146,368.17562,378.68721750000026,57.731846418693266
CCC(=N)O,"InChI=1S/C3H7NO/c1-2-3(4)5/h2H2,1H3,(H2,4,5)",esper_benchmark,rf_esper,esper,1.66325,2.7342627000000017,1.0483615341072514,4.09579,3.743958500000001,0.586614899886416,488.99767,389.02827380000025,99.47425847922351
CN1CCCC1c1cccnc1,"InChI=1S/C10H14N2/c1-12-7-3-5-10(12)9-4-2-6-11-8-9/h2,4,6,8,10H,3,5,7H2,1H3",esper_benchmark,rf_esper,esper,4.23399,4.344955,0.6168285397815182,3.77392,3.7564016000000016,0.27876833831237013,304.96567,308.4795465000001,32.5383280130992
CCCCCCCCCC(C)CCC,"InChI=1S/C14H30/c1-4-6-7-8-9-10-11-13-14(3)12-5-2/h14H,4-13H2,1-3H3",esper_benchmark,rf_esper,esper,5.53,5.646555500000001,0.2368091843505018,4.01651,4.0238168,0.08232294047080688,258.37183,256.29769389999996,9.894504804400052
Cc1ccnc(C)c1,"InChI=1S/C7H9N/c1-6-3-4-8-7(2)5-6/h3-5H,1-2H3",esper_benchmark,rf_esper,esper,3.3186,3.269985000000001,0.2808672975356867,3.62841,3.6546924999999995,0.16516885165414819,294.02923,288.8334851000002,11.540059361174832
CC(C)CC(=O)O,"InChI=1S/C5H10O2/c1-4(2)3-5(6)7/h4H,3H2,1-2H3,(H,6,7)",esper_benchmark,rf_esper,esper,3.40514,4.643186900000001,1.1876073495778774,3.57451,3.374498399999999,0.43084707585573784,269.14134,248.79870469999986,34.27043350510018
C=CCCC=C,"InChI=1S/C6H10/c1-3-5-6-4-2/h3-4H,1-2,5-6H2",esper_benchmark,rf_esper,esper,2.70851,2.9660308,0.3824519325972351,3.82118,3.7049692,0.13925498458353291,248.0981,239.97961200000012,9.616760267761284
CCCCCCc1cccc2ccc(CCCC)cc12,"InChI=1S/C20H28/c1-3-5-7-8-11-18-12-9-13-19-15-14-17(10-6-4-2)16-20(18)19/h9,12-16H,3-8,10-11H2,1-2H3",esper_benchmark,rf_esper,esper,6.59189,6.679115400000008,0.5705290238145996,3.98367,3.916986299999999,0.13201624293741285,293.53713,298.1995142000002,18.50076196574077
C#CCCCC,"InChI=1S/C6H10/c1-3-5-6-4-2/h1H,4-6H2,2H3",esper_benchmark,rf_esper,esper,3.19065,3.155222099999999,0.3616720280787415,3.57921,3.6644761000000012,0.14561863485072915,236.30656,246.61565909999993,21.334971764837015
CCCCCCC1CCCc2ccc(CCCC)cc21,"InChI=1S/C20H32/c1-3-5-7-8-11-18-12-9-13-19-15-14-17(10-6-4-2)16-20(18)19/h14-16,18H,3-13H2,1-2H3",esper_benchmark,rf_esper,esper,6.85127,7.178934399999999,2.073071096402783,3.97592,4.028572100000001,0.13112373870733707,281.09717,278.5694345000001,24.232251497905366
COCCOCCOCCOCCOCCOC,"InChI=1S/C12H26O6/c1-13-3-5-15-7-9-17-11-12-18-10-8-16-6-4-14-2/h3-12H2,1-2H3",esper_benchmark,rf_esper,esper,4.49672,6.996940000000004,2.9099187310352854,4.39623,3.625966200000002,0.32603352378484024,342.24329,230.8715413000001,57.16710029237818
CCCCCC(C)C,"InChI=1S/C8H18/c1-4-5-6-7-8(2)3/h8H,4-7H2,1-3H3",esper_benchmark,rf_esper,esper,3.67088,3.5443812000000015,0.2524852173664034,3.88394,3.8850914000000007,0.07843910547705144,242.29289,243.2414013999998,5.491634511535347
OCC1CCC(CO)CC1,"InChI=1S/C8H16O2/c9-5-7-1-2-8(6-10)4-3-7/h7-10H,1-6H2",esper_benchmark,rf_esper,esper,3.33179,3.637858200000001,1.3378725653337689,3.98245,4.072218500000003,0.43777183745502624,330.70168,365.8540661000002,55.261145199070626
C=Cc1ccccc1C,"InChI=1S/C9H10/c1-3-9-7-5-4-6-8(9)2/h3-7H,1H2,2H3",esper_benchmark,rf_esper,esper,3.57059,3.3566635999999983,0.23685660104172737,3.68275,3.774872399999999,0.13426243303411414,287.4741,308.49561279999995,16.791751428523707
CCOC(=O)CC(C)C,"InChI=1S/C7H14O2/c1-4-9-7(8)5-6(2)3/h6H,4-5H2,1-3H3",esper_benchmark,rf_esper,esper,4.38421,4.427870300000002,0.441436516188806,3.56216,3.5729474000000003,0.13326217583860767,232.56613,235.9900785,6.791686916682978
CC(=O)OC(C)OC(C)=O,"InChI=1S/C6H10O4/c1-4(7)9-6(3)10-5(2)8/h6H,1-3H3",esper_benchmark,rf_esper,esper,5.39448,4.944248900000001,0.6625037282550115,3.23042,3.3283386999999998,0.16341129462589174,232.28333,248.97765240000007,27.225865377079643
FC1(F)C(F)(F)C(F)(F)C1(F)F,"InChI=1S/C4F8/c5-1(6)2(7,8)4(11,12)3(1,9)10",esper_benchmark,rf_esper,esper,3.62556,3.6476151000000017,0.5836409766020458,3.40444,3.573782700000001,0.23898365726490586,167.17625,205.45472429999998,34.49572160543215
ClC1CCCC1,"InChI=1S/C5H9Cl/c6-5-3-1-2-4-5/h5H,1-4H2",esper_benchmark,rf_esper,esper,2.88777,2.6804315,0.4771326231046769,3.63855,3.746117200000001,0.1880573756813596,284.97726,312.24363879999987,26.940569128491678
COCCOCCO,"InChI=1S/C5H12O3/c1-7-4-5-8-3-2-6/h6H,2-5H2,1H3",esper_benchmark,rf_esper,esper,2.18534,3.3321014000000004,1.3000452933009832,4.30808,3.7538169999999993,0.5902970124530529,342.56292,273.39619480000005,65.09594544079376
Cc1cc(C(C)(C)C)c(O)c(C(C)(C)C)c1,"InChI=1S/C15H24O/c1-10-8-11(14(2,3)4)13(16)12(9-10)15(5,6)7/h8-9,16H,1-7H3",esper_benchmark,rf_esper,esper,3.76611,5.274746400000002,1.0028958042852905,4.5,4.036200800000002,0.3618697035389396,316.13126,282.1109109000002,43.459883953305884
COB(OC)OC,InChI=1S/C3H9BO3/c1-5-4(6-2)7-3/h1-3H3,esper_benchmark,rf_esper,esper,4.54615,3.4561865,0.7749273104922485,3.15341,3.4720406999999995,0.4584686961053175,194.5729,237.2557177999999,25.046903060738604
CCC(C)C(C)=O,"InChI=1S/C6H12O/c1-4-5(2)6(3)7/h5H,4H2,1-3H3",esper_benchmark,rf_esper,esper,3.3527,3.4279731999999994,0.4079748441482146,3.65503,3.599575299999998,0.14767544645915243,261.31187,255.41477990000004,19.305034412673365
CCCCCCCBr,"InChI=1S/C7H15Br/c1-2-3-4-5-6-7-8/h2-7H2,1H3",esper_benchmark,rf_esper,esper,4.06873,3.6286061000000007,0.632768155902136,3.7463,3.807334600000003,0.20886154883759714,268.74094,276.74933150000004,19.632073207477614
OCCCCCO,"InChI=1S/C5H12O2/c6-4-2-1-3-5-7/h6-7H,1-5H2",esper_benchmark,rf_esper,esper,2.02917,3.1121294,0.9688260847529038,4.1024,3.8490012,0.454508154261901,94.05423,299.9137796000001,59.1118066529395
C=C,InChI=1S/C2H4/c1-2/h1-2H2,esper_benchmark,rf_esper,esper,1.59196,1.9138770999999988,0.6243407574350643,3.40769,3.1540012000000006,0.34869116195361194,177.32571,189.1748925999999,40.07344479367827
CCc1ccccn1,"InChI=1S/C7H9N/c1-2-7-5-3-4-6-8-7/h3-6H,2H2,1H3",esper_benchmark,rf_esper,esper,3.44995,3.3596798999999975,0.38996205889931146,3.56645,3.6516838000000007,0.1647251141859067,280.89108,290.53767810000016,12.236071141738323
CCCCSCCCC,"InChI=1S/C8H18S/c1-3-5-7-9-8-6-4-2/h3-8H2,1-2H3",esper_benchmark,rf_esper,esper,3.53849,4.060146100000001,1.055357994521191,4.08612,3.809537500000002,0.17473004499155262,293.65259,266.00908760000016,14.792159241968909
CC(=O)OC(C)=O,InChI=1S/C4H6O3/c1-3(5)7-4(2)6/h1-2H3,esper_benchmark,rf_esper,esper,4.12031,3.8673815000000014,0.7368006954141328,3.13815,3.224602,0.2152376379957743,247.8918,247.60410039999996,17.34537741189415
CCCC1CCC(=O)O1,"InChI=1S/C7H12O2/c1-2-3-6-4-5-7(8)9-6/h6H,2-5H2,1H3",esper_benchmark,rf_esper,esper,3.74354,4.006307500000001,0.6635523781697645,3.67007,3.5875241000000013,0.18392975570089243,328.12524,316.3990060999999,37.36823012026984
Oc1c(Cl)cc(Cl)cc1Cl,"InChI=1S/C6H3Cl3O/c7-3-1-4(8)6(10)5(9)2-3/h1-2,10H",esper_benchmark,rf_esper,esper,4.92858,3.355295699999999,0.9721413043238676,3.22041,4.095641899999999,0.4916283509739748,190.47134,357.30923670000004,63.347320570348785
CCOC(=O)C=CC(=O)OCC,"InChI=1S/C8H12O4/c1-3-11-7(9)5-6-8(10)12-4-2/h5-6H,3-4H2,1-2H3",esper_benchmark,rf_esper,esper,6.06371,5.3571241000000045,0.776896034160421,3.36365,3.4092456999999996,0.17076391560429274,242.80051,250.4947090000001,13.133441595875738
CN(C)CCOCCO,"InChI=1S/C6H15NO2/c1-7(2)3-5-9-6-4-8/h8H,3-6H2,1-2H3",esper_benchmark,rf_esper,esper,3.4613,3.4850338999999986,1.3512622854286245,3.86302,4.0034954,0.5356532587251198,273.67447,301.25583430000006,64.57040439979829
COC(=O)C1CCC1,"InChI=1S/C6H10O2/c1-8-6(7)5-3-2-4-5/h5H,2-4H2,1H3",esper_benchmark,rf_esper,esper,3.81207,3.6467562000000004,0.49087516864429,3.43969,3.6248394000000004,0.26952399018944495,256.7895,321.75307239999995,47.21959447724623
CCc1ccc(C(C)(C)C)cc1,"InChI=1S/C12H18/c1-5-10-6-8-11(9-7-10)12(2,3)4/h6-9H,5H2,1-4H3",esper_benchmark,rf_esper,esper,4.04781,4.170943000000002,0.6112487122514043,4.01048,3.974767100000003,0.08989370149565536,286.77295,276.1687856000001,11.070165502664029
C[Si](C)(C)O,"InChI=1S/C3H10OSi/c1-5(2,3)4/h4H,1-3H3",esper_benchmark,rf_esper,esper,1.73103,2.9504866000000014,0.7435011554842669,4.5,3.8077869000000004,0.3916261467693264,318.3541,232.53619740000005,37.00191191870314
CCCC(C)CC(C)CC(C)C,"InChI=1S/C12H26/c1-6-7-11(4)9-12(5)8-10(2)3/h10-12H,6-9H2,1-5H3",esper_benchmark,rf_esper,esper,4.84062,4.7805311999999995,0.9990415057616773,3.98179,3.9626885000000014,0.12333198427313978,244.12431,244.7473910000001,8.789428891286112
COCCOCCOCCOCCOC,"InChI=1S/C10H22O5/c1-11-3-5-13-7-9-15-10-8-14-6-4-12-2/h3-10H2,1-2H3",esper_benchmark,rf_esper,esper,7.18702,5.6834972,1.3266038045573973,3.53037,3.569034500000002,0.31353773561845794,243.85232,232.32640960000015,57.093680269049116
CC(F)=CC(F)(F)F,"InChI=1S/C4H4F4/c1-3(5)2-4(6,7)8/h2H,1H3",esper_benchmark,rf_esper,esper,3.50151,3.3225910000000005,0.5829498509983515,3.36008,3.2949105000000007,0.1465911445168159,186.39573,178.81995150000003,11.347627875402717
CCCCCCCCCC(=O)OCCCC,"InChI=1S/C14H28O2/c1-3-5-7-8-9-10-11-12-14(15)16-13-6-4-2/h3-13H2,1-2H3",esper_benchmark,rf_esper,esper,6.82014,6.7758186999999985,0.7887145050075535,3.77288,3.6941817,0.15858980546715473,248.81426,247.2391008999999,15.721190321554232
CCC=CCC,"InChI=1S/C6H12/c1-3-5-6-4-2/h5-6H,3-4H2,1-2H3",esper_benchmark,rf_esper,esper,2.73418,2.9992642000000003,0.3276939038986842,3.87195,3.7431645000000016,0.09162382831310859,251.93898,238.4689189999999,8.957634990225992
CCCCCCC(C)CC(C)CC(C)C,"InChI=1S/C15H32/c1-6-7-8-9-10-14(4)12-15(5)11-13(2)3/h13-15H,6-12H2,1-5H3",esper_benchmark,rf_esper,esper,6.65371,6.643029000000001,0.8745708421957593,3.82764,3.823909699999999,0.10183382271578535,231.54823,232.25716800000006,8.36553225070527
CC=Cc1ccc(O)c(OC)c1,"InChI=1S/C10H12O2/c1-3-4-8-5-6-9(11)10(7-8)12-2/h3-7,11H,1-2H3",esper_benchmark,rf_esper,esper,2.50019,3.3226264000000008,1.4156023644064177,4.5,4.250461400000006,0.35034689410645536,380.25863,325.9973447999999,50.14702220521394
CCC=CCCC,"InChI=1S/C7H14/c1-3-5-7-6-4-2/h5,7H,3-4,6H2,1-2H3",esper_benchmark,rf_esper,esper,3.37267,3.7178850999999975,1.935756497883188,3.78115,3.7960523999999998,0.09707858530201192,241.8643,244.18896790000005,17.032887561885047
COC(C)=O,InChI=1S/C3H6O2/c1-3(4)5-2/h1-2H3,esper_benchmark,rf_esper,esper,3.25306,3.2258923,0.7105534913007675,3.14634,3.2158896000000006,0.2208725511598035,228.69349,236.28205649999984,14.804422109538034
CCCCCC#N,"InChI=1S/C6H11N/c1-2-3-4-5-6-7/h2-5H2,1H3",esper_benchmark,rf_esper,esper,3.19805,3.5312486999999995,0.3383044041973294,3.74427,3.6360088000000004,0.11446493136572441,291.06524,277.7949962999999,18.42351049902616
C=C(C)C#N,"InChI=1S/C4H5N/c1-4(2)3-5/h1H2,2H3",esper_benchmark,rf_esper,esper,2.67194,2.6749375000000013,0.34512622932885006,3.49665,3.4653285000000005,0.2001548044758107,247.41785,258.9262015999999,38.876957871632555
CN(C)B(Cl)Cl,InChI=1S/C2H6BCl2N/c1-6(2)3(4)5/h1-2H3,esper_benchmark,rf_esper,esper,2.53162,3.1342617000000006,0.7639748600170754,3.88987,3.6493367,0.37972645854892706,306.44194,275.0997401000001,28.79359915522256
Cc1ccccc1O,"InChI=1S/C7H8O/c1-6-4-2-3-5-7(6)8/h2-5,8H,1H3",esper_benchmark,rf_esper,esper,3.77576,3.6681471999999986,0.7481969521096437,3.38936,3.4366996999999975,0.26911690375914704,294.84218,290.5164585000003,38.62181707207268
Cc1ccc2c(c1)CCC2,"InChI=1S/C10H12/c1-8-5-6-9-3-2-4-10(9)7-8/h5-7H,2-4H2,1H3",esper_benchmark,rf_esper,esper,2.72989,3.394676499999999,0.5464422852769997,4.1746,3.8516651999999993,0.1824056771894998,356.96095,289.5649262,21.825416083505385
[O]N=O,InChI=1S/NO2/c2-1-3,esper_benchmark,rf_esper,esper,5.4723,2.3210612999999993,0.6404695656011378,1.9,2.964146100000002,0.2966633606965814,168.28084,191.39884160000003,67.93129705662224
CC1=CCC(C(C)C)C=C1,"InChI=1S/C10H16/c1-8(2)10-6-4-9(3)5-7-10/h4-6,8,10H,7H2,1-3H3",esper_benchmark,rf_esper,esper,3.65094,3.648142499999999,0.3238780651769273,3.9279,3.967458299999998,0.09436632539264204,281.46315,282.5153064,19.408141696852155
CCCCCCO,"InChI=1S/C6H14O/c1-2-3-4-5-6-7/h7H,2-6H2,1H3",esper_benchmark,rf_esper,esper,3.54758,3.3405377000000023,0.45680113224214974,3.66507,3.739975600000002,0.31406118400502786,258.93419,260.1119344999998,46.611303004137234
CCCSCC,"InChI=1S/C5H12S/c1-3-5-6-4-2/h3-5H2,1-2H3",esper_benchmark,rf_esper,esper,3.24088,3.2737698000000024,0.3134361854157237,3.70779,3.692150200000001,0.09448063930753219,266.63413,263.2624541000002,10.632486128441746
COC(=O)c1ccncc1,"InChI=1S/C7H7NO2/c1-10-7(9)6-2-4-8-5-3-6/h2-5H,1H3",esper_benchmark,rf_esper,esper,4.16233,4.120122900000002,0.6160591953981288,3.41234,3.4709866999999988,0.18422103493388042,293.20627,314.1450096,35.6777206092853
O=C(O)CF,"InChI=1S/C2H3FO2/c3-1-2(4)5/h1H2,(H,4,5)",esper_benchmark,rf_esper,esper,1.0,3.3453505999999993,1.11936854782848,4.14954,2.9349966999999997,0.27856147623120825,172.60704,257.9700598999998,78.3638914083201
CCCCCC(=O)CCCCC,"InChI=1S/C11H22O/c1-3-5-7-9-11(12)10-8-6-4-2/h3-10H2,1-2H3",esper_benchmark,rf_esper,esper,5.55943,5.610090600000001,0.9026063758458834,3.70343,3.7124661000000008,0.20119420676498118,250.98159,250.55419890000007,11.451068574006959
[Al].[CH2]CC.[CH2]CC.[CH2]CC,"InChI=1S/3C3H7.Al/c3*1-3-2;/h3*1,3H2,2H3;",esper_benchmark,rf_esper,esper,11.42858,4.202894800000003,1.5914798838643733,2.7397,3.8606634000000026,0.33854167423293685,177.41522,260.4969798999998,32.62800255838133
c1ccc(Cc2ccccc2)cc1,"InChI=1S/C13H12/c1-3-7-12(8-4-1)11-13-9-5-2-6-10-13/h1-10H,11H2",esper_benchmark,rf_esper,esper,4.27215,4.3223069,0.7627244649225499,3.82054,3.825405100000003,0.14891976314441946,314.71829,323.0953289999998,24.254946867459335
CCCCO,"InChI=1S/C4H10O/c1-2-3-4-5/h5H,2-4H2,1H3",esper_benchmark,rf_esper,esper,3.66387,3.143673100000001,0.6185043723623869,3.24366,3.4539795000000004,0.3192464732158368,232.69184,245.48461639999996,49.55723242084191
FI(F)(F)(F)F,"InChI=1S/F5I/c1-6(2,3,4)5",esper_benchmark,rf_esper,esper,4.47908,2.8793891999999994,1.128073109122525,2.71264,3.846713200000002,0.3030046481157673,224.82944,191.28437409999992,53.34744624533868
[H].[H].[H].[Sb],InChI=1S/Sb.3H,esper_benchmark,rf_esper,esper,1.30503,2.1087358000000003,1.1306128077049011,3.84135,3.5983996,0.33747927981113146,309.98249,249.24699329999999,53.55394792538822
CCC(C)(C)O,"InChI=1S/C5H12O/c1-4-5(2,3)6/h6H,4H2,1-3H3",esper_benchmark,rf_esper,esper,2.53801,2.8628323000000013,0.7541231852646556,3.91423,3.6929049000000016,0.4488324226311977,269.677,251.90298959999996,40.41692703764454
C=C(C)C(=O)OC,"InChI=1S/C5H8O2/c1-4(2)5(6)7-3/h1H2,2-3H3",esper_benchmark,rf_esper,esper,3.57924,3.6431067999999995,0.4170545497339166,3.39218,3.365507799999999,0.11169000953156012,242.60295,246.35108300000005,10.99830516150561
FC(F)(Br)C(F)(Cl)Br,"InChI=1S/C2Br2ClF3/c3-1(5,6)2(4,7)8",esper_benchmark,rf_esper,esper,2.80746,3.0082752000000004,0.7066399994303747,3.86073,3.754058100000003,0.19691512199775313,268.8613,256.92628600000006,32.61798391202029
CC(C)OCCO,"InChI=1S/C5H12O2/c1-5(2)7-4-3-6/h5-6H,3-4H2,1-2H3",esper_benchmark,rf_esper,esper,1.8659,3.2447312999999993,1.128805863130286,4.5,3.8127788000000002,0.5652044408694609,345.81026,261.94219419999996,46.04466785794151
CCC(O)CC,"InChI=1S/C5H12O/c1-3-5(6)4-2/h5-6H,3-4H2,1-2H3",esper_benchmark,rf_esper,esper,3.82473,3.2481265000000015,0.768082977499664,3.34379,3.651870600000001,0.4331505923736454,208.16199,246.99492449999997,33.99854168137312
c1ccc(-c2ccc(-c3ccccc3)cc2)cc1,InChI=1S/C18H14/c1-3-7-15(8-4-1)17-11-13-18(14-12-17)16-9-5-2-6-10-16/h1-14H,esper_benchmark,rf_esper,esper,5.79208,5.3919835000000065,0.44549787557153414,3.75448,3.852154700000002,0.10021012329555333,329.83425,328.6649138999996,19.849522490107603
N#CCCCCC#N,InChI=1S/C6H8N2/c7-5-3-1-2-4-6-8/h1-4H2,esper_benchmark,rf_esper,esper,3.37751,3.430947299999998,0.5183607998196911,3.67695,3.6720761000000017,0.13423800563100602,384.95254,381.7423309999998,30.68168715490507
COC(=O)CCCCCCCC(=O)OC,"InChI=1S/C11H20O4/c1-14-10(12)8-6-4-3-5-7-9-11(13)15-2/h3-9H2,1-2H3",esper_benchmark,rf_esper,esper,7.18912,6.5787353,0.8102476427493696,3.45916,3.5416238000000018,0.246937753151599,248.23006,239.6476223999999,17.69734207888117
NCCOCCO,"InChI=1S/C4H11NO2/c5-1-3-7-4-2-6/h6H,1-5H2",esper_benchmark,rf_esper,esper,4.85542,3.328276500000001,1.7885564335862454,3.0962,3.7227984999999983,0.7026298159306579,270.97591,318.0400075000001,115.53644037307618
CC(C)COP(=O)(OCC(C)C)OCC(C)C,"InChI=1S/C12H27O4P/c1-10(2)7-14-17(13,15-8-11(3)4)16-9-12(5)6/h10-12H,7-9H2,1-6H3",esper_benchmark,rf_esper,esper,5.9554,7.145850199999997,1.8493413519769566,4.00632,3.753118200000001,0.3181739351215936,261.3928,243.77662580000015,21.175659173362952
CCCCCCCCc1ccccc1,"InChI=1S/C14H22/c1-2-3-4-5-6-8-11-14-12-9-7-10-13-14/h7,9-10,12-13H,2-6,8,11H2,1H3",esper_benchmark,rf_esper,esper,5.04295,5.341705699999995,0.48600485940627214,3.96072,3.891838599999997,0.036912549844734376,283.01384,275.1737817999998,2.7624825332089924
C1CCCC1,InChI=1S/C5H10/c1-2-4-5-3-1/h1-5H2,esper_benchmark,rf_esper,esper,2.25774,2.4716351999999997,0.3863402776167146,3.75308,3.7414840000000003,0.15423711948814398,273.50029,280.6027497999999,21.699762706486847
FC=C(F)F,InChI=1S/C2HF3/c3-1-2(4)5/h1H,esper_benchmark,rf_esper,esper,4.32882,2.647712699999999,0.3894889302248653,2.50921,3.1417761000000017,0.21641296137660052,130.0238,173.2455517,23.781650769811257
CCCCOC(=O)C(C)O,"InChI=1S/C7H14O3/c1-3-4-5-10-7(9)6(2)8/h6,8H,3-5H2,1-2H3",esper_benchmark,rf_esper,esper,4.72982,3.9679355000000025,1.121683347259265,3.51655,4.000442400000001,0.5405344180847692,254.63974,304.1302020999999,64.13804682246193
Oc1cccc2ccccc12,"InChI=1S/C10H8O/c11-10-7-3-5-8-4-1-2-6-9(8)10/h1-7,11H",esper_benchmark,rf_esper,esper,4.44105,3.084656599999999,0.7839314892542845,3.41857,4.015765900000001,0.4100701455729129,330.16927,378.74031520000017,52.65140904150932
CCCCOCCC(=O)OCCCC,"InChI=1S/C11H22O3/c1-3-5-8-13-10-7-11(12)14-9-6-4-2/h3-10H2,1-2H3",esper_benchmark,rf_esper,esper,7.63407,6.128219699999996,1.0016671397130437,3.39225,3.6518078000000007,0.1936621091983664,220.40783,252.83968119999992,15.838945070650777
CCC1=CCCCC1,"InChI=1S/C8H14/c1-2-8-6-4-3-5-7-8/h6H,2-5,7H2,1H3",esper_benchmark,rf_esper,esper,3.47909,3.040335299999999,0.28552071256724976,3.72671,3.9346104000000013,0.14528149032082513,267.1758,289.73084040000003,24.938499573084627
OCC=CCO,"InChI=1S/C4H8O2/c5-3-1-2-4-6/h1-2,5-6H,3-4H2",esper_benchmark,rf_esper,esper,9.22413,2.5824620000000005,1.2758176656387856,2.04262,3.6913150999999997,0.5604896833671339,76.2363,287.8214456,98.39272860065303
CCCC1CCCC1,"InChI=1S/C8H16/c1-2-5-8-6-3-4-7-8/h8H,2-7H2,1H3",esper_benchmark,rf_esper,esper,3.27518,3.077197,0.5835545669009883,3.8972,3.9572833000000025,0.10542923513954751,270.00464,281.4017827999999,8.917648625481057
c1ccc(C[Hg]Cc2ccccc2)cc1,"InChI=1S/2C7H7.Hg/c2*1-7-5-3-2-4-6-7;/h2*2-6H,1H2;",combined_benchmark,rf_esper,combined,5.711544602813593,5.863587499999999,1.996538180302283,4.5378362762833095,3.8154223000000007,0.31725602181473245,312.1249036697176,282.6873027,55.325727940794636
FI(F)(F)(F)F,"InChI=1S/F5I/c1-6(2,3,4)5",combined_benchmark,rf_esper,combined,4.47908,2.8793892,1.128073109122525,2.71264,3.8467132000000017,0.3030046481157673,224.82944,191.28437409999992,53.34744624533868
CCCCCCCCCCCCCCN,"InChI=1S/C14H31N/c1-2-3-4-5-6-7-8-9-10-11-12-13-14-15/h2-15H2,1H3",combined_benchmark,rf_esper,combined,6.21996,5.940989399999995,0.7514810894251697,3.91016,4.007522099999999,0.20604607755691448,266.61283,245.2015922000002,38.340865095197856
CCCCCCCCCCC(C)CC(C)C,"InChI=1S/C16H34/c1-5-6-7-8-9-10-11-12-13-16(4)14-15(2)3/h15-16H,5-14H2,1-4H3",combined_benchmark,rf_esper,combined,6.90581,7.0601366,1.1185944514686457,3.87092,3.7712676999999957,0.1232446402555097,239.81844,227.27663350000014,7.3525502636111755
CCCCCS,"InChI=1S/C5H12S/c1-2-3-4-5-6/h6H,2-5H2,1H3",combined_benchmark,rf_esper,combined,2.92309,2.999457999999998,0.30704222128886444,3.87121,3.8083176000000005,0.22031646611690198,284.25802,281.71982640000016,14.24415014630327
O=[N+]([O-])c1ccc(F)cc1,InChI=1S/C6H4FNO2/c7-5-1-3-6(4-2-5)8(9)10/h1-4H,combined_benchmark,rf_esper,combined,3.28078,3.5285238000000025,0.4591732834143992,3.59254,3.5560001000000003,0.11288256382183215,326.55734,301.51987379999997,38.884148782871854
CCN(CC)CC,"InChI=1S/C6H15N/c1-4-7(5-2)6-3/h4-6H2,1-3H3",combined_benchmark,rf_esper,combined,3.29493,3.4169583000000006,0.5477355003577091,3.7908,3.7988699000000015,0.25672641861910117,240.45519,247.42530190000005,27.868181592874294
CCCCCCCCC1CC2CC(C)CCC2CC1C,"InChI=1S/C20H38/c1-4-5-6-7-8-9-10-18-15-20-13-16(2)11-12-19(20)14-17(18)3/h16-20H,4-15H2,1-3H3",combined_benchmark,rf_esper,combined,6.2911,7.266443900000001,1.3927350535043599,4.17871,4.092042800000001,0.12754614746890636,291.22064,284.278163,15.904791416192946
CCC=CC(C)(C)C,"InChI=1S/C8H16/c1-5-6-7-8(2,3)4/h6-7H,5H2,1-4H3",combined_benchmark,rf_esper,combined,3.62903,3.5419754999999977,1.9513965149371229,3.84198,3.9516945000000026,0.06573148990210094,233.29859,249.3378293999998,8.527475322651107
COC(=O)CCCCCCCC(=O)OC,"InChI=1S/C11H20O4/c1-14-10(12)8-6-4-3-5-7-9-11(13)15-2/h3-9H2,1-2H3",combined_benchmark,rf_esper,combined,7.18912,6.578735300000001,0.8102476427493696,3.45916,3.541623800000001,0.246937753151599,248.23006,239.64762239999993,17.69734207888117
CC(C)=CCC/C(C)=C/CO,"InChI=1S/C10H18O/c1-9(2)5-4-6-10(3)7-8-11/h5,7,11H,4,6,8H2,1-3H3/b10-7+",combined_benchmark,rf_esper,combined,7.600208640901249,3.6156016999999996,1.2278344145014461,3.14035169645584,4.295980400000004,0.3163993943259688,224.1667344897469,305.8676297999998,56.22868678356986
C1=CCC=CC1,"InChI=1S/C6H8/c1-2-4-6-5-3-1/h1-2,5-6H,3-4H2",combined_benchmark,rf_esper,combined,2.591,2.528254,0.264013909190406,3.63991,3.7291008999999984,0.11059019014446986,285.76392,284.11358620000027,18.859553563854256
CCCCCCCCC1CCCCC1,"InChI=1S/C14H28/c1-2-3-4-5-6-8-11-14-12-9-7-10-13-14/h14H,2-13H2,1H3",combined_benchmark,rf_esper,combined,5.14602,5.3281614999999976,0.6755720783978195,4.03342,3.9845738999999956,0.058031517038502504,277.80431,270.55630310000004,7.319394532725466
C=C/C=C\C=C,"InChI=1S/C6H8/c1-3-5-6-4-2/h3-6H,1-2H2/b6-5-",combined_benchmark,rf_esper,combined,2.6581189692369485,2.7539796,0.40109997576394846,3.708964791824698,3.6948374999999993,0.07991343940007836,273.12403441578147,243.82578239999995,16.3725865026887
CC(C)CS,"InChI=1S/C4H10S/c1-4(2)3-5/h4-5H,3H2,1-2H3",combined_benchmark,rf_esper,combined,2.62846,2.6876326999999987,0.18991812411592005,3.7927,3.766580400000001,0.15129293639770497,277.90311,279.5861271,11.480262969838652
CC(=O)C(F)(C(F)(F)F)C(F)(F)F,"InChI=1S/C5H3F7O/c1-2(13)3(6,4(7,8)9)5(10,11)12/h1H3",combined_benchmark,rf_esper,combined,4.0168594439315815,4.314011499999995,0.5797252799600425,3.537931615724819,3.549387399999997,0.22159472997172103,194.37119893978564,188.22346789999986,19.195188263934806
CCC(=O)CC,"InChI=1S/C5H10O/c1-3-5(6)4-2/h3-4H2,1-2H3",combined_benchmark,rf_esper,combined,3.30248,3.251798700000001,0.3495864766682345,3.48706,3.4906864000000017,0.0947616056693849,248.98034,245.8815287000001,8.388569438619518
O=CC(Cl)(Cl)Cl,"InChI=1S/C2HCl3O/c3-2(4,5)1-6/h1H",combined_benchmark,rf_esper,combined,3.4748,2.8990827000000015,0.5314341729826094,3.31851,3.7300273000000015,0.34913510552751637,245.55778,264.3670836999999,28.504076633793446
CCCOC(=O)CCC,"InChI=1S/C7H14O2/c1-3-5-7(8)9-6-4-2/h3-6H2,1-2H3",combined_benchmark,rf_esper,combined,4.27121,4.436142500000001,0.183211856441525,3.59938,3.576952899999999,0.15528549222187496,241.48775,239.5910116000001,10.483546023341216
Cc1cccc(C#N)c1,"InChI=1S/C8H7N/c1-7-3-2-4-8(5-7)6-9/h2-5H,1H3",combined_benchmark,rf_esper,combined,1.4764552341144903,3.462487300000003,0.32900669637518015,4.940706897345999,3.653685299999999,0.17511825352289798,523.4448824269582,301.4628585999997,26.448269282138536
CC(C)COP(=O)(OCC(C)C)OCC(C)C,"InChI=1S/C12H27O4P/c1-10(2)7-14-17(13,15-8-11(3)4)16-9-12(5)6/h10-12H,7-9H2,1-6H3",combined_benchmark,rf_esper,combined,5.9554,7.145850199999997,1.8493413519769566,4.00632,3.753118200000001,0.3181739351215936,261.3928,243.77662580000023,21.175659173362952
C=Cc1ccccc1C,"InChI=1S/C9H10/c1-3-9-7-5-4-6-8(9)2/h3-7H,1H2,2H3",combined_benchmark,rf_esper,combined,3.57059,3.3566635999999983,0.23685660104172737,3.68275,3.7748723999999987,0.13426243303411414,287.4741,308.49561279999995,16.791751428523707
CC(C)(Cl)Cl,"InChI=1S/C3H6Cl2/c1-3(2,4)5/h1-2H3",combined_benchmark,rf_esper,combined,2.6563162368545985,2.6101253000000004,0.4130889934105121,3.688452863100903,3.767974199999999,0.17987567543823152,263.04266468862863,266.93902649999995,16.753049215602417
Cc1ccc2c(c1)CCC2,"InChI=1S/C10H12/c1-8-5-6-9-3-2-4-10(9)7-8/h5-7H,2-4H2,1H3",combined_benchmark,rf_esper,combined,2.72989,3.3946764999999988,0.5464422852769997,4.1746,3.8516652,0.1824056771894998,356.96095,289.5649262,21.825416083505385
CCOC(=O)CCC(=O)OCC,"InChI=1S/C8H14O4/c1-3-11-7(9)5-6-8(10)12-4-2/h3-6H2,1-2H3",combined_benchmark,rf_esper,combined,5.73177,5.7310808000000035,0.8480830583624225,3.42322,3.464483300000003,0.11209391119998446,247.11955,251.02084600000018,9.329728338227328
CCCC(C)Cl,"InChI=1S/C5H11Cl/c1-3-4-5(2)6/h5H,3-4H2,1-2H3",combined_benchmark,rf_esper,combined,1.4483950217285928,2.9479039,0.32195308636475284,4.881876507783337,3.7382362000000002,0.1497306116916645,400.5006571048146,269.0455377,20.656549322546677
CCC(C)Br,"InChI=1S/C4H9Br/c1-3-4(2)5/h4H,3H2,1-2H3",combined_benchmark,rf_esper,combined,1.2274288671114402,2.8641796999999984,0.4906087092693219,4.98607085937079,3.7547734000000004,0.16903645931703615,439.53660006458387,280.1457707,11.730979582892152
CC12CCC(C1)C(C)(C)C2=O,"InChI=1S/C10H16O/c1-9(2)7-4-5-10(3,6-7)8(9)11/h7H,4-6H2,1-3H3",combined_benchmark,rf_esper,combined,3.730093899013095,3.7707121999999997,0.660773003014772,3.91097889441932,3.8063048000000013,0.2969679229663702,290.2719114281936,299.68320040000003,30.875301784193493
O=CC=Cc1ccccc1,InChI=1S/C9H8O/c10-8-4-7-9-5-2-1-3-6-9/h1-8H,combined_benchmark,rf_esper,combined,4.56164,4.153273399999998,1.345237097438381,3.33575,3.5913696000000015,0.20314605296643104,304.2789,311.68066079999994,24.49065751589404
ClC1CCCC1,"InChI=1S/C5H9Cl/c6-5-3-1-2-4-5/h5H,1-4H2",combined_benchmark,rf_esper,combined,2.88777,2.6804315,0.4771326231046769,3.63855,3.746117200000001,0.1880573756813596,284.97726,312.24363879999987,26.940569128491678
ClCCCCCCl,InChI=1S/C5H10Cl2/c6-4-2-1-3-5-7/h1-5H2,combined_benchmark,rf_esper,combined,3.91414,3.5270365000000017,0.5704505368748024,3.55572,3.6887144000000003,0.11482554268384712,280.84797,284.9093794999998,24.36461302252484
CCCC(CC)CC,"InChI=1S/C8H18/c1-4-7-8(5-2)6-3/h8H,4-7H2,1-3H3",combined_benchmark,rf_esper,combined,3.53517,3.4207784000000014,0.33240949075416,3.90208,3.9318721999999986,0.12506645410005035,248.39319,247.84317749999994,7.138828853720391
CCCCCCCCC(C)CC(C)CC(C)C,"InChI=1S/C17H36/c1-6-7-8-9-10-11-12-16(4)14-17(5)13-15(2)3/h15-17H,6-14H2,1-5H3",combined_benchmark,rf_esper,combined,9.2682,7.785514299999996,1.1745489532090654,3.54405,3.7558769999999986,0.07685707956330383,211.93319,225.28725320000004,5.187829302572295
CC(C)COC(C)OCC(C)C,"InChI=1S/C10H22O2/c1-8(2)6-11-10(5)12-7-9(3)4/h8-10H,6-7H2,1-5H3",combined_benchmark,rf_esper,combined,3.097413273737514,4.895814400000002,0.8354841043985456,4.550731423347151,3.883592300000002,0.30661688785797486,295.98159936785817,241.72076400000006,17.60230399757316
CC(O)CCO,"InChI=1S/C4H10O2/c1-4(6)2-3-5/h4-6H,2-3H2,1H3",combined_benchmark,rf_esper,combined,3.16848,2.8033086,1.2387835999649175,3.48257,3.625397799999999,0.6046632843716908,278.45358,273.1486616999999,68.4834409714946
c1ccc(-c2ccc(-c3ccccc3)cc2)cc1,InChI=1S/C18H14/c1-3-7-15(8-4-1)17-11-13-18(14-12-17)16-9-5-2-6-10-16/h1-14H,combined_benchmark,rf_esper,combined,5.79208,5.391983500000006,0.44549787557153414,3.75448,3.8521547000000016,0.10021012329555333,329.83425,328.6649138999996,19.849522490107603
OCCO,"InChI=1S/C2H6O2/c3-1-2-4/h3-4H,1-2H2",combined_benchmark,rf_esper,combined,1.71084,1.9910867000000005,1.1454099027405473,3.73481,3.501802400000001,0.6490089648473588,354.18312,256.84330289999997,100.16627224111775
CCCCCCOC(C)=O,"InChI=1S/C8H16O2/c1-3-4-5-6-7-10-8(2)9/h3-7H2,1-2H3",combined_benchmark,rf_esper,combined,4.9882,4.691483800000002,0.32269039921503706,3.54206,3.552092400000002,0.10603471828717231,237.57314,239.04832319999997,8.321239644915519
CCC/C=C/C=O,"InChI=1S/C6H10O/c1-2-3-4-5-6-7/h4-6H,2-3H2,1H3/b5-4+",combined_benchmark,rf_esper,combined,2.7968583180437774,3.5628987,0.5449812921425008,3.850995199276661,3.5101798000000013,0.27134890312650983,311.2455221912347,250.01725490000007,24.435175567265585
CS(=O)(=O)O,"InChI=1S/CH4O3S/c1-5(2,3)4/h1H3,(H,2,3,4)",combined_benchmark,rf_esper,combined,1.93225,3.338102100000003,1.2720261905427068,3.76364,3.6658605000000013,0.4210259545048856,550.0,266.24683789999983,42.111474723765646
CO[Si](CCCCl)(OC)OC,"InChI=1S/C6H15ClO3Si/c1-8-11(9-2,10-3)6-4-5-7/h4-6H2,1-3H3",combined_benchmark,rf_esper,combined,5.06562,5.3432411,1.3308323002331246,3.66481,3.6163593000000027,0.23032422484078843,249.80363,245.3744434,50.58944346806142
CCCCCCc1cccc2ccc(CCCC)cc12,"InChI=1S/C20H28/c1-3-5-7-8-11-18-12-9-13-19-15-14-17(10-6-4-2)16-20(18)19/h9,12-16H,3-8,10-11H2,1-2H3",combined_benchmark,rf_esper,combined,6.59189,6.679115400000006,0.5705290238145996,3.98367,3.9169862999999996,0.13201624293741285,293.53713,298.19951420000024,18.50076196574077
ClSSCl,InChI=1S/Cl2S2/c1-3-4-2,combined_benchmark,rf_esper,combined,1.41717,2.1038747,0.4258048482003346,4.33486,3.7854032000000006,0.24159989119981,476.16102,325.6905611,32.179564922476104
OCC1CC1,"InChI=1S/C4H8O/c5-3-4-1-2-4/h4-5H,1-3H2",combined_benchmark,rf_esper,combined,1.0000000001378162,2.7806633000000005,0.7632815675686859,4.89250794209315,3.5184154000000007,0.42279400243480275,561.6800405265167,308.4283614,57.50896233828799
CCCc1ccc(C)cc1,"InChI=1S/C10H14/c1-3-4-10-7-5-9(2)6-8-10/h5-8H,3-4H2,1-2H3",combined_benchmark,rf_esper,combined,3.71196,3.705175199999998,0.1808919945850561,3.87316,3.8511496000000007,0.04894624383790856,285.65038,285.21215849999976,5.079646064014573
CN(C)CCOCCO,"InChI=1S/C6H15NO2/c1-7(2)3-5-9-6-4-8/h8H,3-6H2,1-2H3",combined_benchmark,rf_esper,combined,3.4613,3.485033899999999,1.3512622854286245,3.86302,4.003495400000001,0.5356532587251198,273.67447,301.2558343,64.57040439979829
CCCCCCCCOCCCCCCCC,"InChI=1S/C16H34O/c1-3-5-7-9-11-13-15-17-16-14-12-10-8-6-4-2/h3-16H2,1-2H3",combined_benchmark,rf_esper,combined,9.999999998054497,6.976587799999994,1.3594115403074818,3.4703632514555416,3.8147271999999997,0.26183069390382796,214.13941170722285,250.2356674,20.244983378639297
CCCCCCCCCCCCCCCCO,"InChI=1S/C16H34O/c1-2-3-4-5-6-7-8-9-10-11-12-13-14-15-16-17/h17H,2-16H2,1H3",combined_benchmark,rf_esper,combined,6.46632,7.211964299999994,1.6430321731751059,4.01514,3.9606417999999963,0.17151652876839596,274.31616,273.2394697999996,11.809866953172767
COC(N)=O,"InChI=1S/C2H5NO2/c1-5-2(3)4/h1H3,(H2,3,4)",combined_benchmark,rf_esper,combined,2.6698391027975825,2.859720300000001,1.2375055596727274,3.263667769746431,3.132709699999999,0.3674401127842604,372.9239714664705,241.15913569999992,46.767922100292026
FC(F)C(F)(F)C(F)(F)C(F)(F)C(F)(F)C(F)(F)C(F)(F)C(F)(F)F,"InChI=1S/C8HF17/c9-1(10)2(11,12)3(13,14)4(15,16)5(17,18)6(19,20)7(21,22)8(23,24)25/h1H",combined_benchmark,rf_esper,combined,5.59176,5.471286599999998,0.3913250205244231,3.76477,3.7721175000000007,0.04879978722033526,190.9998,186.90993160000002,11.346992756738208
FS(F)(F)(F)(F)F,"InChI=1S/F6S/c1-7(2,3,4,5)6",combined_benchmark,rf_esper,combined,2.50486,3.082623500000001,1.1088629949316324,3.31977,3.691415000000001,0.26130406304724774,160.81886,191.47146769999995,52.37990572222518
CCCOC(C)(C)C,"InChI=1S/C7H16O/c1-5-6-8-7(2,3)4/h5-6H2,1-4H3",combined_benchmark,rf_esper,combined,3.68606,3.6030715000000004,0.4733891464923438,3.77901,3.800157199999999,0.1559918629036784,229.97117,231.60457810000017,10.037635310916775
CCCOC(=O)C(=O)OCCC,"InChI=1S/C8H14O4/c1-3-5-11-7(9)8(10)12-6-4-2/h3-6H2,1-2H3",combined_benchmark,rf_esper,combined,5.75718,5.675989200000003,0.9385725717510397,3.43458,3.4664926000000027,0.211563474983845,244.98941,251.0661262000001,14.643706144676003
CCCCC(=O)OCCC,"InChI=1S/C8H16O2/c1-3-5-6-8(9)10-7-4-2/h3-7H2,1-2H3",combined_benchmark,rf_esper,combined,1.896073915256344,4.828544600000001,0.8509217647814867,4.999999998724261,3.6502702000000027,0.14979862544082306,393.7418942336227,242.5536823,14.765194496502222
CCC(Br)CC,"InChI=1S/C5H11Br/c1-3-5(6)4-2/h5H,3-4H2,1-2H3",combined_benchmark,rf_esper,combined,2.73778,3.075211999999998,0.8417512889232779,3.93553,3.7600507000000016,0.1578548384703808,292.48992,284.2089441,18.477182272644175
CCCCCCCCCCCCCC(C)C,"InChI=1S/C16H34/c1-4-5-6-7-8-9-10-11-12-13-14-15-16(2)3/h16H,4-15H2,1-3H3",combined_benchmark,rf_esper,combined,6.38597,6.744216799999999,1.034492759530854,3.99475,3.920350300000001,0.056120173404133396,257.19315,251.37574619999998,4.650283863923962
Cc1ccc(Cl)cc1,"InChI=1S/C7H7Cl/c1-6-2-4-7(8)5-3-6/h2-5H,1H3",combined_benchmark,rf_esper,combined,2.99979,3.1333811999999983,0.3229217827997362,3.79367,3.7356899000000015,0.11006093245557205,310.00326,307.1931494999999,10.783693653908143
CCC(C)Cl,"InChI=1S/C4H9Cl/c1-3-4(2)5/h4H,3H2,1-2H3",combined_benchmark,rf_esper,combined,2.58818,2.7387207999999994,0.2199463186947215,3.75701,3.714416499999999,0.1503901623469767,260.48671,265.09513230000016,15.064494527192595
CC(C)(c1ccccc1)c1ccc(O)cc1,"InChI=1S/C15H16O/c1-15(2,12-6-4-3-5-7-12)13-8-10-14(16)11-9-13/h3-11,16H,1-2H3",combined_benchmark,rf_esper,combined,3.29875,5.09275,0.9806804354763073,4.5,3.964433900000001,0.38238377391017764,361.97711,306.8365417000001,51.419197559591474
CCCCCCCCCCCCCCCC(=O)OC,"InChI=1S/C17H34O2/c1-3-4-5-6-7-8-9-10-11-12-13-14-15-16-17(18)19-2/h3-16H2,1-2H3",combined_benchmark,rf_esper,combined,8.09875,7.805170799999997,1.187285876819631,3.78262,3.7178379,0.14612602056646173,250.23475,245.42490109999991,8.282300797576829
C=CC(C)=O,"InChI=1S/C4H6O/c1-3-4(2)5/h3H,1H2,2H3",combined_benchmark,rf_esper,combined,2.52756,2.7733145000000032,0.4801568405477005,3.52403,3.4437669999999976,0.2780393803672422,260.98831,250.09779170000013,16.660782459143928
CC=CC=CC,"InChI=1S/C6H10/c1-3-5-6-4-2/h3-6H,1-2H3",combined_benchmark,rf_esper,combined,3.02676,2.9927943999999997,0.4960213271852733,3.66496,3.650795899999998,0.1058172698106977,251.30399,241.67791319999992,10.787155507569535
CCCCCCCCc1cc2cc(C)ccc2cc1C,"InChI=1S/C20H28/c1-4-5-6-7-8-9-10-18-15-20-13-16(2)11-12-19(20)14-17(18)3/h11-15H,4-10H2,1-3H3",combined_benchmark,rf_esper,combined,6.90604,6.629094100000008,0.6413314426380403,3.91531,3.9322244000000017,0.12441800380427269,295.37663,301.7198056000002,25.974136816172443
FC1CCCC1,"InChI=1S/C5H9F/c6-5-3-1-2-4-5/h5H,1-4H2",combined_benchmark,rf_esper,combined,2.4012,2.6696338999999996,0.29911946154302627,3.3678,3.5916078999999996,0.19996822102171635,238.92,288.3760487,34.10706302816416
Cc1ccccc1Cc1ccccc1C,"InChI=1S/C15H16/c1-12-7-3-5-9-14(12)11-15-10-6-4-8-13(15)2/h3-10H,11H2,1-2H3",combined_benchmark,rf_esper,combined,3.9149802501757094,5.059473399999999,0.6113344409670046,4.198204214391396,3.7941242000000015,0.16390100120609394,342.7584183876447,281.5303967999999,27.85835765829457
CC(C)CCCCC(C)C,"InChI=1S/C10H22/c1-9(2)7-5-6-8-10(3)4/h9-10H,5-8H2,1-4H3",combined_benchmark,rf_esper,combined,4.309,4.187815099999998,0.546655926395196,3.93099,3.930638999999998,0.08931463887291938,245.07869,246.87505139999996,6.697686856849759
CCC1COC(=O)O1,"InChI=1S/C5H8O3/c1-2-4-3-7-5(6)8-4/h4H,2-3H2,1H3",combined_benchmark,rf_esper,combined,3.33303,3.6658546999999992,0.8781338793344156,3.53941,3.4350987999999996,0.2712859415645419,365.23054,317.98706140000024,36.317754443625056
COS(=O)OC,InChI=1S/C2H6O3S/c1-4-6(3)5-2/h1-2H3,combined_benchmark,rf_esper,combined,3.5552,3.4047428999999996,0.7381064930744002,3.25269,3.314691999999999,0.37402910755447905,266.57358,267.6193430999999,34.05721824274258
CCSC#N,"InChI=1S/C3H5NS/c1-2-5-3-4/h2H2,1H3",combined_benchmark,rf_esper,combined,2.6295720548263417,2.7950055000000003,0.690472743351068,3.579631618355732,3.5697141000000006,0.3659162574390348,324.79692414967747,300.21445029999995,60.17226907511212
CCCCCCCC/C=C\CCCCCCCC(=O)OC,"InChI=1S/C19H36O2/c1-3-4-5-6-7-8-9-10-11-12-13-14-15-16-17-18-19(20)21-2/h10-11H,3-9,12-18H2,1-2H3/b11-10-",combined_benchmark,rf_esper,combined,8.144423900554072,8.926926199999983,1.861709264462516,3.888224920407723,3.8192862999999972,0.1702038784731709,259.42368798257496,252.06683930000014,14.851744658673892
Fc1ccc(F)cc1,InChI=1S/C6H4F2/c7-5-1-2-6(8)4-3-5/h1-4H,combined_benchmark,rf_esper,combined,2.96517,3.082235800000003,0.4182677993228262,3.5154,3.515306700000002,0.10070931706704205,263.29915,266.50101670000026,30.664332520471277
CC(C)CCBr,"InChI=1S/C5H11Br/c1-5(2)3-4-6/h5H,3-4H2,1-2H3",combined_benchmark,rf_esper,combined,1.407562454233682,2.8754087999999984,0.4315833480112041,4.99999999841278,3.787310700000001,0.18480146371852685,433.9909271279687,280.9422589999998,13.814320113547787
CCOC(C)(C)C,"InChI=1S/C6H14O/c1-5-7-6(2,3)4/h5H2,1-4H3",combined_benchmark,rf_esper,combined,3.44898,3.231163200000001,0.4007564237984963,3.70437,3.782673499999998,0.2172180585143647,223.19069,229.84670270000004,10.248192549871591
CC(C)CC(=O)O,"InChI=1S/C5H10O2/c1-4(2)3-5(6)7/h4H,3H2,1-2H3,(H,6,7)",combined_benchmark,rf_esper,combined,3.40514,4.643186900000001,1.1876073495778774,3.57451,3.3744984,0.43084707585573784,269.14134,248.79870469999994,34.27043350510018
CCCCCCCCCCCCCC(C)C(C)C,"InChI=1S/C18H38/c1-5-6-7-8-9-10-11-12-13-14-15-16-18(4)17(2)3/h17-18H,5-16H2,1-4H3",combined_benchmark,rf_esper,combined,6.39318,6.617820299999993,0.9168170650423726,4.14452,4.164129899999999,0.08956214537956317,268.71914,271.7875329999999,3.1579058813325958
CCCCCCCCCC(=O)OCCCC,"InChI=1S/C14H28O2/c1-3-5-7-8-9-10-11-12-14(15)16-13-6-4-2/h3-13H2,1-2H3",combined_benchmark,rf_esper,combined,6.82014,6.775818699999998,0.7887145050075535,3.77288,3.694181699999999,0.15858980546715473,248.81426,247.23910089999993,15.721190321554232
CC(=O)CC(C)=O,"InChI=1S/C5H8O2/c1-4(6)3-5(2)7/h3H2,1-2H3",combined_benchmark,rf_esper,combined,2.14449,3.3910193,0.764112374021328,4.07412,3.499949899999999,0.3003064318908105,348.86452,254.7408424,21.39702975455799
CC1CC(C)C(C)C1,"InChI=1S/C8H16/c1-6-4-7(2)8(3)5-6/h6-8H,4-5H2,1-3H3",combined_benchmark,rf_esper,combined,2.93534,2.949033899999999,0.368445346101413,4.05617,3.961351899999999,0.12936800797488543,275.52874,284.4059041,14.607475803042503
FC(F)=CCl,InChI=1S/C2HClF2/c3-1-2(4)5/h1H,combined_benchmark,rf_esper,combined,2.54285,2.5699518000000006,0.37384332061809006,3.27944,3.3066862000000015,0.16797183827522993,202.77134,207.12324090000004,33.80311367546229
FC(F)(F)C(F)(F)C(F)(C(F)(F)F)C(F)(F)F,"InChI=1S/C5F12/c6-1(3(9,10)11,4(12,13)14)2(7,8)5(15,16)17",combined_benchmark,rf_esper,combined,4.38356,4.303955599999998,0.2668044897797637,3.56051,3.6469176999999977,0.13936566226194314,168.85714,177.5513900000001,11.319961707928613
C[Si](C)(C)O[Si](C)(C)O[Si](C)(C)O[Si](C)(C)O[Si](C)(C)O[Si](C)(C)O[Si](C)(C)O[Si](C)(C)C,"InChI=1S/C18H54O7Si8/c1-26(2,3)19-28(7,8)21-30(11,12)23-32(15,16)25-33(17,18)24-31(13,14)22-29(9,10)20-27(4,5)6/h1-18H3",combined_benchmark,rf_esper,combined,12.24174,13.249976300000004,2.969385820739588,4.16199,4.074514600000002,0.2018472598398105,196.32126,201.0894640999999,44.229961662001955
C=C(F)F,InChI=1S/C2H2F2/c1-2(3)4/h1H2,combined_benchmark,rf_esper,combined,2.0273,2.2580891,0.43759234832454486,3.28538,3.180450200000001,0.27460977940335635,164.01206,171.32433979999993,35.15445578313025
C=CCCC(C)=O,"InChI=1S/C6H10O/c1-3-4-5-6(2)7/h3H,1,4-5H2,2H3",combined_benchmark,rf_esper,combined,3.79292,3.3365655000000016,0.5280780256844154,3.44147,3.574305400000002,0.20971834803574047,253.38943,249.37080160000002,15.641042560180804
SS,InChI=1S/H2S2/c1-2/h1-2H,combined_benchmark,rf_esper,combined,2.755198522936561,1.7499615,0.35755176988619414,2.897301506667024,3.4033919999999993,0.4204674571093464,257.7278604613456,351.089206,96.31638196769738
CCCCCCCF,"InChI=1S/C7H15F/c1-2-3-4-5-6-7-8/h2-7H2,1H3",combined_benchmark,rf_esper,combined,2.274735368515095,3.8179464999999992,0.5595881046455062,4.446165893793053,3.715329199999998,0.2753783025319169,319.6807770863178,248.16295670000008,27.1961461251353
C/C=C\C,"InChI=1S/C4H8/c1-3-4-2/h3-4H,1-2H3/b4-3-",combined_benchmark,rf_esper,combined,2.384309536190128,2.3182220999999976,0.1287814869559674,3.5595589147423343,3.619627400000001,0.05337008978107494,226.21516804498944,238.40309919999967,44.43495913262863
CC1CCC(=O)C1,"InChI=1S/C6H10O/c1-5-2-3-6(7)4-5/h5H,2-4H2,1H3",combined_benchmark,rf_esper,combined,3.16271,3.180241999999999,0.8120589925196321,3.6008,3.647396000000001,0.17288971872844258,282.17998,301.6953226,22.39365976233856
FC(F)(Br)C(F)(F)Br,"InChI=1S/C2Br2F4/c3-1(5,6)2(4,7)8",combined_benchmark,rf_esper,combined,2.72195,2.8487989,0.4017614779988122,3.79323,3.698995400000001,0.20082376827666593,238.22957,225.3410664,39.15759902866902
CCCCCOC(=O)CCCC,"InChI=1S/C10H20O2/c1-3-5-7-9-12-10(11)8-6-4-2/h3-9H2,1-2H3",combined_benchmark,rf_esper,combined,3.726893516785762,5.4757613,0.6781123720338023,4.214068874331672,3.676385600000002,0.09133053708721962,292.0880026989663,248.77934720000013,8.370800944271226
BrC1CCCC1,"InChI=1S/C5H9Br/c6-5-3-1-2-4-5/h5H,1-4H2",combined_benchmark,rf_esper,combined,2.984638011132281,2.6310906999999997,0.3282612361131146,3.656050884625981,3.837455000000002,0.21570141615436847,297.6106816037891,328.09330269999987,24.239468818942203
CC(C)OC=O,"InChI=1S/C4H8O2/c1-4(2)6-3-5/h3-4H,1-2H3",combined_benchmark,rf_esper,combined,2.75098021644262,3.4074872000000003,0.4917715013135265,3.614453416118076,3.360636700000001,0.11872246208746685,256.9701185144143,232.64419029999982,8.683963541388051
CC=CCC,"InChI=1S/C5H10/c1-3-5-4-2/h3,5H,4H2,1-2H3",combined_benchmark,rf_esper,combined,2.4197,2.6244553999999987,0.2617819811806,3.81623,3.7228429,0.0917966414995124,247.87781,239.13455999999994,8.840004230306565
COc1ccccc1,"InChI=1S/C7H8O/c1-8-7-5-3-2-4-6-7/h2-6H,1H3",combined_benchmark,rf_esper,combined,3.43219,3.3766909,0.7567795102764014,3.51952,3.5682871999999985,0.24557870164197865,286.44042,299.11756150000014,28.432245422349958
c1ccc(Oc2ccccc2)cc1,InChI=1S/C12H10O/c1-3-7-11(8-4-1)13-12-9-5-2-6-10-12/h1-10H,combined_benchmark,rf_esper,combined,4.07429,4.289987899999999,0.808789033274184,3.80837,3.6643717999999996,0.2669986006456962,320.66953,319.4290503000001,43.3743546311837
FI(F)(F)(F)F,"InChI=1S/F5I/c1-6(2,3,4)5",combined_esper_subset,rf_esper,esper,4.47908,2.8793891999999994,1.128073109122525,2.71264,3.846713200000001,0.3030046481157673,224.82944,191.28437409999995,53.34744624533868
CCCCCCCCCCCCCCN,"InChI=1S/C14H31N/c1-2-3-4-5-6-7-8-9-10-11-12-13-14-15/h2-15H2,1H3",combined_esper_subset,rf_esper,esper,6.21996,5.940989399999996,0.7514810894251697,3.91016,4.007522099999999,0.20604607755691448,266.61283,245.20159220000016,38.340865095197856
CCCCCCCCCCC(C)CC(C)C,"InChI=1S/C16H34/c1-5-6-7-8-9-10-11-12-13-16(4)14-15(2)3/h15-16H,5-14H2,1-4H3",combined_esper_subset,rf_esper,esper,6.90581,7.060136599999998,1.1185944514686457,3.87092,3.7712676999999952,0.1232446402555097,239.81844,227.2766335000001,7.3525502636111755
CCCCCS,"InChI=1S/C5H12S/c1-2-3-4-5-6/h6H,2-5H2,1H3",combined_esper_subset,rf_esper,esper,2.92309,2.9994579999999984,0.30704222128886444,3.87121,3.8083176000000005,0.22031646611690198,284.25802,281.71982640000004,14.24415014630327
O=[N+]([O-])c1ccc(F)cc1,InChI=1S/C6H4FNO2/c7-5-1-3-6(4-2-5)8(9)10/h1-4H,combined_esper_subset,rf_esper,esper,3.28078,3.5285238000000017,0.4591732834143992,3.59254,3.5560001,0.11288256382183215,326.55734,301.5198737999999,38.884148782871854
CCN(CC)CC,"InChI=1S/C6H15N/c1-4-7(5-2)6-3/h4-6H2,1-3H3",combined_esper_subset,rf_esper,esper,3.29493,3.416958300000002,0.5477355003577091,3.7908,3.798869900000002,0.25672641861910117,240.45519,247.42530190000005,27.868181592874294
CCCCCCCCC1CC2CC(C)CCC2CC1C,"InChI=1S/C20H38/c1-4-5-6-7-8-9-10-18-15-20-13-16(2)11-12-19(20)14-17(18)3/h16-20H,4-15H2,1-3H3",combined_esper_subset,rf_esper,esper,6.2911,7.266443900000001,1.3927350535043599,4.17871,4.092042800000001,0.12754614746890636,291.22064,284.278163,15.904791416192946
CCC=CC(C)(C)C,"InChI=1S/C8H16/c1-5-6-7-8(2,3)4/h6-7H,5H2,1-4H3",combined_esper_subset,rf_esper,esper,3.62903,3.541975499999998,1.9513965149371229,3.84198,3.9516945000000026,0.06573148990210094,233.29859,249.33782939999983,8.527475322651107
COC(=O)CCCCCCCC(=O)OC,"InChI=1S/C11H20O4/c1-14-10(12)8-6-4-3-5-7-9-11(13)15-2/h3-9H2,1-2H3",combined_esper_subset,rf_esper,esper,7.18912,6.578735300000001,0.8102476427493696,3.45916,3.5416238000000018,0.246937753151599,248.23006,239.6476223999999,17.69734207888117
C1=CCC=CC1,"InChI=1S/C6H8/c1-2-4-6-5-3-1/h1-2,5-6H,3-4H2",combined_esper_subset,rf_esper,esper,2.591,2.528254,0.264013909190406,3.63991,3.7291008999999993,0.11059019014446986,285.76392,284.11358620000027,18.859553563854256
CCCCCCCCC1CCCCC1,"InChI=1S/C14H28/c1-2-3-4-5-6-8-11-14-12-9-7-10-13-14/h14H,2-13H2,1H3",combined_esper_subset,rf_esper,esper,5.14602,5.328161500000001,0.6755720783978195,4.03342,3.9845738999999956,0.058031517038502504,277.80431,270.5563031000001,7.319394532725466
CC(C)CS,"InChI=1S/C4H10S/c1-4(2)3-5/h4-5H,3H2,1-2H3",combined_esper_subset,rf_esper,esper,2.62846,2.687632699999999,0.18991812411592005,3.7927,3.766580400000001,0.15129293639770497,277.90311,279.5861271,11.480262969838652
CCC(=O)CC,"InChI=1S/C5H10O/c1-3-5(6)4-2/h3-4H2,1-2H3",combined_esper_subset,rf_esper,esper,3.30248,3.2517987,0.3495864766682345,3.48706,3.4906864,0.0947616056693849,248.98034,245.88152870000005,8.388569438619518
O=CC(Cl)(Cl)Cl,"InChI=1S/C2HCl3O/c3-2(4,5)1-6/h1H",combined_esper_subset,rf_esper,esper,3.4748,2.8990827000000015,0.5314341729826094,3.31851,3.730027300000001,0.34913510552751637,245.55778,264.3670836999999,28.504076633793446
CCCOC(=O)CCC,"InChI=1S/C7H14O2/c1-3-5-7(8)9-6-4-2/h3-6H2,1-2H3",combined_esper_subset,rf_esper,esper,4.27121,4.436142500000001,0.183211856441525,3.59938,3.5769528999999993,0.15528549222187496,241.48775,239.59101160000003,10.483546023341216
CC(C)COP(=O)(OCC(C)C)OCC(C)C,"InChI=1S/C12H27O4P/c1-10(2)7-14-17(13,15-8-11(3)4)16-9-12(5)6/h10-12H,7-9H2,1-6H3",combined_esper_subset,rf_esper,esper,5.9554,7.145850199999997,1.8493413519769566,4.00632,3.753118200000001,0.3181739351215936,261.3928,243.77662580000018,21.175659173362952
C=Cc1ccccc1C,"InChI=1S/C9H10/c1-3-9-7-5-4-6-8(9)2/h3-7H,1H2,2H3",combined_esper_subset,rf_esper,esper,3.57059,3.3566635999999983,0.23685660104172737,3.68275,3.7748723999999987,0.13426243303411414,287.4741,308.4956128,16.791751428523707
Cc1ccc2c(c1)CCC2,"InChI=1S/C10H12/c1-8-5-6-9-3-2-4-10(9)7-8/h5-7H,2-4H2,1H3",combined_esper_subset,rf_esper,esper,2.72989,3.3946764999999983,0.5464422852769997,4.1746,3.8516651999999993,0.1824056771894998,356.96095,289.56492620000006,21.825416083505385
CCOC(=O)CCC(=O)OCC,"InChI=1S/C8H14O4/c1-3-11-7(9)5-6-8(10)12-4-2/h3-6H2,1-2H3",combined_esper_subset,rf_esper,esper,5.73177,5.731080800000002,0.8480830583624225,3.42322,3.4644833000000017,0.11209391119998446,247.11955,251.0208460000001,9.329728338227328
O=CC=Cc1ccccc1,InChI=1S/C9H8O/c10-8-4-7-9-5-2-1-3-6-9/h1-8H,combined_esper_subset,rf_esper,esper,4.56164,4.153273399999998,1.345237097438381,3.33575,3.5913696000000015,0.20314605296643104,304.2789,311.68066079999994,24.49065751589404
ClC1CCCC1,"InChI=1S/C5H9Cl/c6-5-3-1-2-4-5/h5H,1-4H2",combined_esper_subset,rf_esper,esper,2.88777,2.6804314999999996,0.4771326231046769,3.63855,3.7461172,0.1880573756813596,284.97726,312.2436387999999,26.940569128491678
ClCCCCCCl,InChI=1S/C5H10Cl2/c6-4-2-1-3-5-7/h1-5H2,combined_esper_subset,rf_esper,esper,3.91414,3.527036500000002,0.5704505368748024,3.55572,3.6887144000000007,0.11482554268384712,280.84797,284.9093794999998,24.36461302252484
CCCC(CC)CC,"InChI=1S/C8H18/c1-4-7-8(5-2)6-3/h8H,4-7H2,1-3H3",combined_esper_subset,rf_esper,esper,3.53517,3.4207784000000006,0.33240949075416,3.90208,3.9318721999999986,0.12506645410005035,248.39319,247.8431775,7.138828853720391
CCCCCCCCC(C)CC(C)CC(C)C,"InChI=1S/C17H36/c1-6-7-8-9-10-11-12-16(4)14-17(5)13-15(2)3/h15-17H,6-14H2,1-5H3",combined_esper_subset,rf_esper,esper,9.2682,7.785514299999994,1.1745489532090654,3.54405,3.7558769999999986,0.07685707956330383,211.93319,225.28725320000004,5.187829302572295
CC(O)CCO,"InChI=1S/C4H10O2/c1-4(6)2-3-5/h4-6H,2-3H2,1H3",combined_esper_subset,rf_esper,esper,3.16848,2.8033086,1.2387835999649175,3.48257,3.625397799999999,0.6046632843716908,278.45358,273.1486616999999,68.4834409714946
c1ccc(-c2ccc(-c3ccccc3)cc2)cc1,InChI=1S/C18H14/c1-3-7-15(8-4-1)17-11-13-18(14-12-17)16-9-5-2-6-10-16/h1-14H,combined_esper_subset,rf_esper,esper,5.79208,5.391983500000006,0.44549787557153414,3.75448,3.8521547000000016,0.10021012329555333,329.83425,328.66491389999953,19.849522490107603
OCCO,"InChI=1S/C2H6O2/c3-1-2-4/h3-4H,1-2H2",combined_esper_subset,rf_esper,esper,1.71084,1.9910867000000008,1.1454099027405473,3.73481,3.5018024000000008,0.6490089648473588,354.18312,256.84330289999997,100.16627224111775
CCCCCCOC(C)=O,"InChI=1S/C8H16O2/c1-3-4-5-6-7-10-8(2)9/h3-7H2,1-2H3",combined_esper_subset,rf_esper,esper,4.9882,4.691483800000002,0.32269039921503706,3.54206,3.5520924000000025,0.10603471828717231,237.57314,239.04832319999997,8.321239644915519
CS(=O)(=O)O,"InChI=1S/CH4O3S/c1-5(2,3)4/h1H3,(H,2,3,4)",combined_esper_subset,rf_esper,esper,1.93225,3.338102100000003,1.2720261905427068,3.76364,3.6658605000000004,0.4210259545048856,550.0,266.2468378999999,42.111474723765646
CO[Si](CCCCl)(OC)OC,"InChI=1S/C6H15ClO3Si/c1-8-11(9-2,10-3)6-4-5-7/h4-6H2,1-3H3",combined_esper_subset,rf_esper,esper,5.06562,5.3432411,1.3308323002331246,3.66481,3.616359300000002,0.23032422484078843,249.80363,245.37444339999993,50.58944346806142
CCCCCCc1cccc2ccc(CCCC)cc12,"InChI=1S/C20H28/c1-3-5-7-8-11-18-12-9-13-19-15-14-17(10-6-4-2)16-20(18)19/h9,12-16H,3-8,10-11H2,1-2H3",combined_esper_subset,rf_esper,esper,6.59189,6.679115400000006,0.5705290238145996,3.98367,3.916986299999999,0.13201624293741285,293.53713,298.19951420000024,18.50076196574077
ClSSCl,InChI=1S/Cl2S2/c1-3-4-2,combined_esper_subset,rf_esper,esper,1.41717,2.1038747000000004,0.4258048482003346,4.33486,3.7854032,0.24159989119981,476.16102,325.6905611,32.179564922476104
CCCc1ccc(C)cc1,"InChI=1S/C10H14/c1-3-4-10-7-5-9(2)6-8-10/h5-8H,3-4H2,1-2H3",combined_esper_subset,rf_esper,esper,3.71196,3.7051751999999976,0.1808919945850561,3.87316,3.8511496000000007,0.04894624383790856,285.65038,285.2121584999997,5.079646064014573
CN(C)CCOCCO,"InChI=1S/C6H15NO2/c1-7(2)3-5-9-6-4-8/h8H,3-6H2,1-2H3",combined_esper_subset,rf_esper,esper,3.4613,3.485033899999998,1.3512622854286245,3.86302,4.003495400000001,0.5356532587251198,273.67447,301.25583429999995,64.57040439979829
CCCCCCCCCCCCCCCCO,"InChI=1S/C16H34O/c1-2-3-4-5-6-7-8-9-10-11-12-13-14-15-16-17/h17H,2-16H2,1H3",combined_esper_subset,rf_esper,esper,6.46632,7.211964299999994,1.6430321731751059,4.01514,3.9606417999999963,0.17151652876839596,274.31616,273.2394697999996,11.809866953172767
FC(F)C(F)(F)C(F)(F)C(F)(F)C(F)(F)C(F)(F)C(F)(F)C(F)(F)F,"InChI=1S/C8HF17/c9-1(10)2(11,12)3(13,14)4(15,16)5(17,18)6(19,20)7(21,22)8(23,24)25/h1H",combined_esper_subset,rf_esper,esper,5.59176,5.471286599999997,0.3913250205244231,3.76477,3.7721175000000007,0.04879978722033526,190.9998,186.90993160000005,11.346992756738208
FS(F)(F)(F)(F)F,"InChI=1S/F6S/c1-7(2,3,4,5)6",combined_esper_subset,rf_esper,esper,2.50486,3.0826235000000013,1.1088629949316324,3.31977,3.6914150000000006,0.26130406304724774,160.81886,191.47146769999992,52.37990572222518
CCCOC(C)(C)C,"InChI=1S/C7H16O/c1-5-6-8-7(2,3)4/h5-6H2,1-4H3",combined_esper_subset,rf_esper,esper,3.68606,3.603071500000001,0.4733891464923438,3.77901,3.8001571999999992,0.1559918629036784,229.97117,231.60457810000025,10.037635310916775
CCCOC(=O)C(=O)OCCC,"InChI=1S/C8H14O4/c1-3-5-11-7(9)8(10)12-6-4-2/h3-6H2,1-2H3",combined_esper_subset,rf_esper,esper,5.75718,5.675989200000001,0.9385725717510397,3.43458,3.4664926000000014,0.211563474983845,244.98941,251.06612620000004,14.643706144676003
CCC(Br)CC,"InChI=1S/C5H11Br/c1-3-5(6)4-2/h5H,3-4H2,1-2H3",combined_esper_subset,rf_esper,esper,2.73778,3.0752119999999987,0.8417512889232779,3.93553,3.7600507000000016,0.1578548384703808,292.48992,284.2089441,18.477182272644175
CCCCCCCCCCCCCC(C)C,"InChI=1S/C16H34/c1-4-5-6-7-8-9-10-11-12-13-14-15-16(2)3/h16H,4-15H2,1-3H3",combined_esper_subset,rf_esper,esper,6.38597,6.7442168,1.034492759530854,3.99475,3.9203503,0.056120173404133396,257.19315,251.37574619999995,4.650283863923962
Cc1ccc(Cl)cc1,"InChI=1S/C7H7Cl/c1-6-2-4-7(8)5-3-6/h2-5H,1H3",combined_esper_subset,rf_esper,esper,2.99979,3.133381199999997,0.3229217827997362,3.79367,3.7356899000000015,0.11006093245557205,310.00326,307.1931494999999,10.783693653908143
CCC(C)Cl,"InChI=1S/C4H9Cl/c1-3-4(2)5/h4H,3H2,1-2H3",combined_esper_subset,rf_esper,esper,2.58818,2.7387207999999985,0.2199463186947215,3.75701,3.714416499999999,0.1503901623469767,260.48671,265.0951323000001,15.064494527192595
CC(C)(c1ccccc1)c1ccc(O)cc1,"InChI=1S/C15H16O/c1-15(2,12-6-4-3-5-7-12)13-8-10-14(16)11-9-13/h3-11,16H,1-2H3",combined_esper_subset,rf_esper,esper,3.29875,5.0927500000000006,0.9806804354763073,4.5,3.964433900000001,0.38238377391017764,361.97711,306.8365417,51.419197559591474
CCCCCCCCCCCCCCCC(=O)OC,"InChI=1S/C17H34O2/c1-3-4-5-6-7-8-9-10-11-12-13-14-15-16-17(18)19-2/h3-16H2,1-2H3",combined_esper_subset,rf_esper,esper,8.09875,7.805170799999996,1.187285876819631,3.78262,3.7178379000000006,0.14612602056646173,250.23475,245.42490109999994,8.282300797576829
C=CC(C)=O,"InChI=1S/C4H6O/c1-3-4(2)5/h3H,1H2,2H3",combined_esper_subset,rf_esper,esper,2.52756,2.773314500000002,0.4801568405477005,3.52403,3.4437669999999994,0.2780393803672422,260.98831,250.09779170000013,16.660782459143928
CC=CC=CC,"InChI=1S/C6H10/c1-3-5-6-4-2/h3-6H,1-2H3",combined_esper_subset,rf_esper,esper,3.02676,2.9927943999999997,0.4960213271852733,3.66496,3.650795899999998,0.1058172698106977,251.30399,241.67791319999992,10.787155507569535
CCCCCCCCc1cc2cc(C)ccc2cc1C,"InChI=1S/C20H28/c1-4-5-6-7-8-9-10-18-15-20-13-16(2)11-12-19(20)14-17(18)3/h11-15H,4-10H2,1-3H3",combined_esper_subset,rf_esper,esper,6.90604,6.629094100000008,0.6413314426380403,3.91531,3.9322244000000013,0.12441800380427269,295.37663,301.7198056000002,25.974136816172443
CC(C)CCCCC(C)C,"InChI=1S/C10H22/c1-9(2)7-5-6-8-10(3)4/h9-10H,5-8H2,1-4H3",combined_esper_subset,rf_esper,esper,4.309,4.187815099999998,0.546655926395196,3.93099,3.930638999999998,0.08931463887291938,245.07869,246.87505139999993,6.697686856849759
CCC1COC(=O)O1,"InChI=1S/C5H8O3/c1-2-4-3-7-5(6)8-4/h4H,2-3H2,1H3",combined_esper_subset,rf_esper,esper,3.33303,3.6658546999999992,0.8781338793344156,3.53941,3.435098799999999,0.2712859415645419,365.23054,317.9870614000002,36.317754443625056
COS(=O)OC,InChI=1S/C2H6O3S/c1-4-6(3)5-2/h1-2H3,combined_esper_subset,rf_esper,esper,3.5552,3.4047428999999987,0.7381064930744002,3.25269,3.3146920000000004,0.37402910755447905,266.57358,267.6193430999999,34.05721824274258
Fc1ccc(F)cc1,InChI=1S/C6H4F2/c7-5-1-2-6(8)4-3-5/h1-4H,combined_esper_subset,rf_esper,esper,2.96517,3.082235800000004,0.4182677993228262,3.5154,3.515306700000002,0.10070931706704205,263.29915,266.50101670000026,30.664332520471277
CCOC(C)(C)C,"InChI=1S/C6H14O/c1-5-7-6(2,3)4/h5H2,1-4H3",combined_esper_subset,rf_esper,esper,3.44898,3.2311632000000015,0.4007564237984963,3.70437,3.782673499999998,0.2172180585143647,223.19069,229.84670270000007,10.248192549871591
CC(C)CC(=O)O,"InChI=1S/C5H10O2/c1-4(2)3-5(6)7/h4H,3H2,1-2H3,(H,6,7)",combined_esper_subset,rf_esper,esper,3.40514,4.6431869,1.1876073495778774,3.57451,3.3744984,0.43084707585573784,269.14134,248.79870469999992,34.27043350510018
CCCCCCCCCCCCCC(C)C(C)C,"InChI=1S/C18H38/c1-5-6-7-8-9-10-11-12-13-14-15-16-18(4)17(2)3/h17-18H,5-16H2,1-4H3",combined_esper_subset,rf_esper,esper,6.39318,6.617820299999995,0.9168170650423726,4.14452,4.1641299,0.08956214537956317,268.71914,271.7875329999999,3.1579058813325958
CCCCCCCCCC(=O)OCCCC,"InChI=1S/C14H28O2/c1-3-5-7-8-9-10-11-12-14(15)16-13-6-4-2/h3-13H2,1-2H3",combined_esper_subset,rf_esper,esper,6.82014,6.775818699999998,0.7887145050075535,3.77288,3.6941817,0.15858980546715473,248.81426,247.23910089999984,15.721190321554232
CC(=O)CC(C)=O,"InChI=1S/C5H8O2/c1-4(6)3-5(2)7/h3H2,1-2H3",combined_esper_subset,rf_esper,esper,2.14449,3.391019299999999,0.764112374021328,4.07412,3.4999499,0.3003064318908105,348.86452,254.7408424,21.39702975455799
CC1CC(C)C(C)C1,"InChI=1S/C8H16/c1-6-4-7(2)8(3)5-6/h6-8H,4-5H2,1-3H3",combined_esper_subset,rf_esper,esper,2.93534,2.9490338999999994,0.368445346101413,4.05617,3.9613518999999995,0.12936800797488543,275.52874,284.4059040999999,14.607475803042503
FC(F)=CCl,InChI=1S/C2HClF2/c3-1-2(4)5/h1H,combined_esper_subset,rf_esper,esper,2.54285,2.5699518,0.37384332061809006,3.27944,3.3066862,0.16797183827522993,202.77134,207.1232409000001,33.80311367546229
FC(F)(F)C(F)(F)C(F)(C(F)(F)F)C(F)(F)F,"InChI=1S/C5F12/c6-1(3(9,10)11,4(12,13)14)2(7,8)5(15,16)17",combined_esper_subset,rf_esper,esper,4.38356,4.303955599999998,0.2668044897797637,3.56051,3.6469176999999986,0.13936566226194314,168.85714,177.55139000000014,11.319961707928613
C[Si](C)(C)O[Si](C)(C)O[Si](C)(C)O[Si](C)(C)O[Si](C)(C)O[Si](C)(C)O[Si](C)(C)O[Si](C)(C)C,"InChI=1S/C18H54O7Si8/c1-26(2,3)19-28(7,8)21-30(11,12)23-32(15,16)25-33(17,18)24-31(13,14)22-29(9,10)20-27(4,5)6/h1-18H3",combined_esper_subset,rf_esper,esper,12.24174,13.249976300000004,2.969385820739588,4.16199,4.074514600000003,0.2018472598398105,196.32126,201.08946409999996,44.229961662001955
C=C(F)F,InChI=1S/C2H2F2/c1-2(3)4/h1H2,combined_esper_subset,rf_esper,esper,2.0273,2.2580890999999994,0.43759234832454486,3.28538,3.180450200000001,0.27460977940335635,164.01206,171.3243397999999,35.15445578313025
C=CCCC(C)=O,"InChI=1S/C6H10O/c1-3-4-5-6(2)7/h3H,1,4-5H2,2H3",combined_esper_subset,rf_esper,esper,3.79292,3.3365655000000003,0.5280780256844154,3.44147,3.5743054000000005,0.20971834803574047,253.38943,249.37080159999994,15.641042560180804
CC1CCC(=O)C1,"InChI=1S/C6H10O/c1-5-2-3-6(7)4-5/h5H,2-4H2,1H3",combined_esper_subset,rf_esper,esper,3.16271,3.1802419999999993,0.8120589925196321,3.6008,3.6473960000000005,0.17288971872844258,282.17998,301.6953226,22.39365976233856
FC(F)(Br)C(F)(F)Br,"InChI=1S/C2Br2F4/c3-1(5,6)2(4,7)8",combined_esper_subset,rf_esper,esper,2.72195,2.8487989,0.4017614779988122,3.79323,3.6989954000000016,0.20082376827666593,238.22957,225.3410664,39.15759902866902
CC=CCC,"InChI=1S/C5H10/c1-3-5-4-2/h3,5H,4H2,1-2H3",combined_esper_subset,rf_esper,esper,2.4197,2.6244553999999995,0.2617819811806,3.81623,3.722842899999999,0.0917966414995124,247.87781,239.13455999999988,8.840004230306565
COc1ccccc1,"InChI=1S/C7H8O/c1-8-7-5-3-2-4-6-7/h2-6H,1H3",combined_esper_subset,rf_esper,esper,3.43219,3.3766909,0.7567795102764014,3.51952,3.5682871999999985,0.24557870164197865,286.44042,299.1175615,28.432245422349958
c1ccc(Oc2ccccc2)cc1,InChI=1S/C12H10O/c1-3-7-11(8-4-1)13-12-9-5-2-6-10-12/h1-10H,combined_esper_subset,rf_esper,esper,4.07429,4.2899879,0.808789033274184,3.80837,3.6643717999999996,0.2669986006456962,320.66953,319.42905030000003,43.3743546311837
c1ccc(C[Hg]Cc2ccccc2)cc1,"InChI=1S/2C7H7.Hg/c2*1-7-5-3-2-4-6-7;/h2*2-6H,1H2;",combined_mlsaft_only,rf_esper,mlsaft_only,5.711544602813593,5.8635874999999995,1.996538180302283,4.5378362762833095,3.8154223000000003,0.31725602181473245,312.1249036697176,282.6873027,55.325727940794636
CC(C)=CCC/C(C)=C/CO,"InChI=1S/C10H18O/c1-9(2)5-4-6-10(3)7-8-11/h5,7,11H,4,6,8H2,1-3H3/b10-7+",combined_mlsaft_only,rf_esper,mlsaft_only,7.600208640901249,3.6156017000000005,1.2278344145014461,3.14035169645584,4.295980400000003,0.3163993943259688,224.1667344897469,305.8676297999998,56.22868678356986
C=C/C=C\C=C,"InChI=1S/C6H8/c1-3-5-6-4-2/h3-6H,1-2H2/b6-5-",combined_mlsaft_only,rf_esper,mlsaft_only,2.6581189692369485,2.7539796,0.40109997576394846,3.708964791824698,3.694837499999999,0.07991343940007836,273.12403441578147,243.82578239999995,16.3725865026887
CC(=O)C(F)(C(F)(F)F)C(F)(F)F,"InChI=1S/C5H3F7O/c1-2(13)3(6,4(7,8)9)5(10,11)12/h1H3",combined_mlsaft_only,rf_esper,mlsaft_only,4.0168594439315815,4.314011499999995,0.5797252799600425,3.537931615724819,3.5493873999999965,0.22159472997172103,194.37119893978564,188.22346789999986,19.195188263934806
Cc1cccc(C#N)c1,"InChI=1S/C8H7N/c1-7-3-2-4-8(5-7)6-9/h2-5H,1H3",combined_mlsaft_only,rf_esper,mlsaft_only,1.4764552341144903,3.462487300000002,0.32900669637518015,4.940706897345999,3.6536853,0.17511825352289798,523.4448824269582,301.46285859999983,26.448269282138536
CC(C)(Cl)Cl,"InChI=1S/C3H6Cl2/c1-3(2,4)5/h1-2H3",combined_mlsaft_only,rf_esper,mlsaft_only,2.6563162368545985,2.6101253000000004,0.4130889934105121,3.688452863100903,3.7679741999999994,0.17987567543823152,263.04266468862863,266.93902649999995,16.753049215602417
CCCC(C)Cl,"InChI=1S/C5H11Cl/c1-3-4-5(2)6/h5H,3-4H2,1-2H3",combined_mlsaft_only,rf_esper,mlsaft_only,1.4483950217285928,2.9479038999999987,0.32195308636475284,4.881876507783337,3.7382362000000007,0.1497306116916645,400.5006571048146,269.04553770000007,20.656549322546677
CCC(C)Br,"InChI=1S/C4H9Br/c1-3-4(2)5/h4H,3H2,1-2H3",combined_mlsaft_only,rf_esper,mlsaft_only,1.2274288671114402,2.8641796999999984,0.4906087092693219,4.98607085937079,3.754773400000001,0.16903645931703615,439.53660006458387,280.14577070000007,11.730979582892152
CC12CCC(C1)C(C)(C)C2=O,"InChI=1S/C10H16O/c1-9(2)7-4-5-10(3,6-7)8(9)11/h7H,4-6H2,1-3H3",combined_mlsaft_only,rf_esper,mlsaft_only,3.730093899013095,3.7707121999999997,0.660773003014772,3.91097889441932,3.806304800000001,0.2969679229663702,290.2719114281936,299.68320040000003,30.875301784193493
CC(C)COC(C)OCC(C)C,"InChI=1S/C10H22O2/c1-8(2)6-11-10(5)12-7-9(3)4/h8-10H,6-7H2,1-5H3",combined_mlsaft_only,rf_esper,mlsaft_only,3.097413273737514,4.895814400000001,0.8354841043985456,4.550731423347151,3.883592300000002,0.30661688785797486,295.98159936785817,241.72076400000006,17.60230399757316
CCC/C=C/C=O,"InChI=1S/C6H10O/c1-2-3-4-5-6-7/h4-6H,2-3H2,1H3/b5-4+",combined_mlsaft_only,rf_esper,mlsaft_only,2.7968583180437774,3.5628986999999994,0.5449812921425008,3.850995199276661,3.5101798000000017,0.27134890312650983,311.2455221912347,250.01725490000007,24.435175567265585
OCC1CC1,"InChI=1S/C4H8O/c5-3-4-1-2-4/h4-5H,1-3H2",combined_mlsaft_only,rf_esper,mlsaft_only,1.0000000001378162,2.7806633,0.7632815675686859,4.89250794209315,3.5184154000000003,0.42279400243480275,561.6800405265167,308.42836139999986,57.50896233828799
CCCCCCCCOCCCCCCCC,"InChI=1S/C16H34O/c1-3-5-7-9-11-13-15-17-16-14-12-10-8-6-4-2/h3-16H2,1-2H3",combined_mlsaft_only,rf_esper,mlsaft_only,9.999999998054497,6.976587799999994,1.3594115403074818,3.4703632514555416,3.8147272000000005,0.26183069390382796,214.13941170722285,250.2356674,20.244983378639297
COC(N)=O,"InChI=1S/C2H5NO2/c1-5-2(3)4/h1H3,(H2,3,4)",combined_mlsaft_only,rf_esper,mlsaft_only,2.6698391027975825,2.8597203,1.2375055596727274,3.263667769746431,3.132709699999999,0.3674401127842604,372.9239714664705,241.1591356999999,46.767922100292026
CCCCC(=O)OCCC,"InChI=1S/C8H16O2/c1-3-5-6-8(9)10-7-4-2/h3-7H2,1-2H3",combined_mlsaft_only,rf_esper,mlsaft_only,1.896073915256344,4.8285446,0.8509217647814867,4.999999998724261,3.6502702000000022,0.14979862544082306,393.7418942336227,242.5536823,14.765194496502222
FC1CCCC1,"InChI=1S/C5H9F/c6-5-3-1-2-4-5/h5H,1-4H2",combined_mlsaft_only,rf_esper,mlsaft_only,2.4012,2.6696339,0.29911946154302627,3.3678,3.591607899999999,0.19996822102171635,238.92,288.3760487,34.10706302816416
Cc1ccccc1Cc1ccccc1C,"InChI=1S/C15H16/c1-12-7-3-5-9-14(12)11-15-10-6-4-8-13(15)2/h3-10H,11H2,1-2H3",combined_mlsaft_only,rf_esper,mlsaft_only,3.9149802501757094,5.059473399999999,0.6113344409670046,4.198204214391396,3.794124200000001,0.16390100120609394,342.7584183876447,281.5303967999999,27.85835765829457
CCSC#N,"InChI=1S/C3H5NS/c1-2-5-3-4/h2H2,1H3",combined_mlsaft_only,rf_esper,mlsaft_only,2.6295720548263417,2.7950055000000003,0.690472743351068,3.579631618355732,3.5697141000000006,0.3659162574390348,324.79692414967747,300.21445030000007,60.17226907511212
CCCCCCCC/C=C\CCCCCCCC(=O)OC,"InChI=1S/C19H36O2/c1-3-4-5-6-7-8-9-10-11-12-13-14-15-16-17-18-19(20)21-2/h10-11H,3-9,12-18H2,1-2H3/b11-10-",combined_mlsaft_only,rf_esper,mlsaft_only,8.144423900554072,8.926926199999984,1.861709264462516,3.888224920407723,3.8192862999999972,0.1702038784731709,259.42368798257496,252.0668393000002,14.851744658673892
CC(C)CCBr,"InChI=1S/C5H11Br/c1-5(2)3-4-6/h5H,3-4H2,1-2H3",combined_mlsaft_only,rf_esper,mlsaft_only,1.407562454233682,2.8754087999999984,0.4315833480112041,4.99999999841278,3.7873107000000017,0.18480146371852685,433.9909271279687,280.9422589999997,13.814320113547787
SS,InChI=1S/H2S2/c1-2/h1-2H,combined_mlsaft_only,rf_esper,mlsaft_only,2.755198522936561,1.7499615000000004,0.35755176988619414,2.897301506667024,3.403391999999998,0.4204674571093464,257.7278604613456,351.0892059999999,96.31638196769738
CCCCCCCF,"InChI=1S/C7H15F/c1-2-3-4-5-6-7-8/h2-7H2,1H3",combined_mlsaft_only,rf_esper,mlsaft_only,2.274735368515095,3.8179464999999992,0.5595881046455062,4.446165893793053,3.7153291999999993,0.2753783025319169,319.6807770863178,248.16295670000002,27.1961461251353
C/C=C\C,"InChI=1S/C4H8/c1-3-4-2/h3-4H,1-2H3/b4-3-",combined_mlsaft_only,rf_esper,mlsaft_only,2.384309536190128,2.318222099999998,0.1287814869559674,3.5595589147423343,3.619627400000001,0.05337008978107494,226.21516804498944,238.40309919999967,44.43495913262863
CCCCCOC(=O)CCCC,"InChI=1S/C10H20O2/c1-3-5-7-9-12-10(11)8-6-4-2/h3-9H2,1-2H3",combined_mlsaft_only,rf_esper,mlsaft_only,3.726893516785762,5.4757613,0.6781123720338023,4.214068874331672,3.676385600000003,0.09133053708721962,292.0880026989663,248.77934720000005,8.370800944271226
BrC1CCCC1,"InChI=1S/C5H9Br/c6-5-3-1-2-4-5/h5H,1-4H2",combined_mlsaft_only,rf_esper,mlsaft_only,2.984638011132281,2.6310906999999997,0.3282612361131146,3.656050884625981,3.837455000000002,0.21570141615436847,297.6106816037891,328.0933026999999,24.239468818942203
CC(C)OC=O,"InChI=1S/C4H8O2/c1-4(2)6-3-5/h3-4H,1-2H3",combined_mlsaft_only,rf_esper,mlsaft_only,2.75098021644262,3.4074872000000016,0.4917715013135265,3.614453416118076,3.3606366999999993,0.11872246208746685,256.9701185144143,232.64419029999982,8.683963541388051
FCF,InChI=1S/CH2F2/c2-1-3/h1H2,fluorinated_external,rf_esper,fluorinated,1.5066,2.420638699999996,0.18690230443552577,2.9308,2.8790423000000036,0.13679493742719429,206.04,164.31227299999983,48.94643464598731
FCC(F)(F)F,"InChI=1S/C2H2F4/c3-1-2(4,5)6/h1H2",fluorinated_external,rf_esper,fluorinated,2.0538,3.0672656000000025,0.33133365601858195,3.1747,3.0634952999999996,0.11247134362543203,174.89,170.6772701000001,11.047181965901116
FC(F)C(F)(F)F,"InChI=1S/C2HF5/c3-1(4)2(5,6)7/h1H",fluorinated_external,rf_esper,fluorinated,2.2377,3.1045025000000006,0.20497084046456446,3.2046,3.1839257999999977,0.1419096384124772,157.45,160.7619632000001,11.822148036614141
CC(F)(F)F,"InChI=1S/C2H3F3/c1-2(3,4)5/h1H3",fluorinated_external,rf_esper,fluorinated,1.9138,2.585840699999996,0.5096950322285967,3.1305,3.2508019000000026,0.16761963455213127,175.93,165.4197984999999,17.858656731346134
CC(F)F,"InChI=1S/C2H4F2/c1-2(3)4/h2H,1H3",fluorinated_external,rf_esper,fluorinated,1.9344,2.5668595000000005,0.2335018316089832,3.1745,3.1417043000000024,0.15792381653351087,198.79,180.93135639999988,20.689995708043224
FC(F)C(F)(F)C(F)(F)F,"InChI=1S/C3HF7/c4-1(5)2(6,7)3(8,9)10/h1H",fluorinated_external,rf_esper,fluorinated,2.6843,3.5314428000000033,0.29957319457882065,3.3286,3.317150199999999,0.1077077559043916,160.28,168.7760282,13.110983700464537
FC(F)F,InChI=1S/CHF3/c2-1(3)4/h1H,fluorinated_external,rf_esper,fluorinated,1.3978,2.518298500000002,0.3660630484093552,2.8673,2.8987939000000034,0.1964301949186784,177.23,149.2460409999998,44.99970622226059
C=C(F)C(F)(F)F,"InChI=1S/C3H2F4/c1-2(4)3(5,6)7/h1H2",fluorinated_external,rf_esper,fluorinated,2.1578,2.9505282999999998,0.25031962392930757,3.2335,3.3001022999999994,0.11810329220521333,166.82,173.3275406,8.40541172593857
F/C=C/C(F)(F)F,"InChI=1S/C3H2F4/c4-2-1-3(5,6)7/h1-2H/b2-1+",fluorinated_external,rf_esper,fluorinated,2.2831,3.1261787000000014,0.23108230814000003,3.2742,3.211099499999997,0.08662673188312017,171.35,176.13036040000014,7.900901448262205
F/C(=C\C(F)(F)F)C(F)(F)F,"InChI=1S/C4HF7/c5-2(4(9,10)11)1-3(6,7)8/h1H/b2-1-",fluorinated_external,rf_esper,fluorinated,2.7894,4.011547799999999,0.5411156683474985,3.4521,3.2609803999999984,0.1287666905524872,178.44,175.55552770000003,12.641643579576659
CF,InChI=1S/CH3F/c1-2/h1H3,fluorinated_external,rf_esper,fluorinated,1.4823,2.0942296000000002,0.2552110840732431,2.8314,2.9169315999999994,0.1738111678731837,212.75,159.53065079999985,17.927228589494632
CCF,"InChI=1S/C2H5F/c1-2-3/h2H2,1H3",fluorinated_external,rf_esper,fluorinated,1.7189,2.2476105000000017,0.20563494833989185,3.1965,3.217128899999998,0.12851205892751857,207.88,197.53962140000013,16.745112793400587
FC(F)CC(F)(F)F,"InChI=1S/C3H3F5/c4-2(5)1-3(6,7)8/h2H,1H2",fluorinated_external,rf_esper,fluorinated,2.5234,3.5252774999999974,0.36100641296069813,3.2876,3.1821552999999967,0.14355136793116943,173.21,181.86602210000004,4.905178034389634
CC(F)C(F)C(F)(F)F,"InChI=1S/C4H5F5/c1-2(5)3(6)4(7,8)9/h2-3H,1H3",fluorinated_external,rf_esper,fluorinated,2.7823,3.681172499999998,0.39314255448723673,3.4123,3.299106599999999,0.11083690987410286,181.56,186.8416163999999,9.595362198433211
FC(F)Cl,InChI=1S/CHClF2/c2-1(3)4/h1H,fluorinated_external,rf_esper,fluorinated,1.5738,2.359052700000002,0.2686586887776198,3.1446,3.2029770999999987,0.14527025002590857,197.56,191.48991010000006,20.999819798780628
FC(F)C(F)(F)C(F)(F)C(F)(F)C(F)(F)C(F)(F)C(F)(F)C(F)(F)F,"InChI=1S/C8HF17/c9-1(10)2(11,12)3(13,14)4(15,16)5(17,18)6(19,20)7(21,22)8(23,24)25/h1H",esper_benchmark,rf_combined,esper,5.59176,5.408699688326325,0.4087410446350163,3.76477,3.783768082844655,0.07418019448456882,190.9998,189.15374509833796,12.11004515947396
CCCCO[Si](OCCCC)(OCCCC)OCCCC,"InChI=1S/C16H36O4Si/c1-5-9-13-17-21(18-14-10-6-2,19-15-11-7-3)20-16-12-8-4/h5-16H2,1-4H3",esper_benchmark,rf_combined,esper,8.72335,9.254652415017855,3.2814635211396372,3.83155,3.926639355182017,0.3145122963792558,219.75001,239.90144094260998,41.084618475580015
Cc1ccc([N+](=O)[O-])cc1[N+](=O)[O-],"InChI=1S/C7H6N2O4/c1-5-2-3-6(8(10)11)4-7(5)9(12)13/h2-4H,1H3",esper_benchmark,rf_combined,esper,3.90231,3.988342011853577,0.8036074575765514,3.69636,3.6296530468490737,0.32087217564197973,361.72261,316.28950165897015,61.5492471451168
O=CC(Cl)(Cl)Cl,"InChI=1S/C2HCl3O/c3-2(4,5)1-6/h1H",esper_benchmark,rf_combined,esper,3.4748,2.7628326502717835,0.5928988888488353,3.31851,3.626284280856911,0.35261787328428634,245.55778,271.6097939292469,33.44244423515574
CCCCCCC(=O)O,"InChI=1S/C7H14O2/c1-2-3-4-5-6-7(8)9/h2-6H2,1H3,(H,8,9)",esper_benchmark,rf_combined,esper,5.92099,4.284288142693099,0.772805701309057,3.23324,3.6439482397429845,0.2443447866195416,248.24152,272.8620592331267,32.95260110002384
c1ccc2c(c1)CCCO2,"InChI=1S/C9H10O/c1-2-6-9-8(4-1)5-3-7-10-9/h1-2,4,6H,3,5,7H2",esper_benchmark,rf_combined,esper,3.45697,3.696754460266717,0.8378007255334379,3.72517,3.778665018584428,0.3568092890564305,325.75851,305.9278883269307,44.016650327093565
C1=CCC=CC1,"InChI=1S/C6H8/c1-2-4-6-5-3-1/h1-2,5-6H,3-4H2",esper_benchmark,rf_combined,esper,2.591,2.7127227452411735,0.23906770677232725,3.63991,3.7418785069814096,0.1857152934999413,285.76392,286.3083568248814,28.416793887910398
CCn1cc[n+](C)c1.O=S(=O)([N-]S(=O)(=O)C(F)(F)F)C(F)(F)F,"InChI=1S/C6H11N2.C2F6NO4S2/c1-3-8-5-4-7(2)6-8;3-1(4,5)14(10,11)9-15(12,13)2(6,7)8/h4-6H,3H2,1-2H3;/q+1;-1",esper_benchmark,rf_combined,esper,4.48934,6.721831658564064,2.2777274933326446,4.5,3.7729135839420906,0.47414553529478615,550.0,212.443332438432,42.003350122433154
Cc1ccccc1C,"InChI=1S/C8H10/c1-7-5-3-4-6-8(7)2/h3-6H,1-2H3",esper_benchmark,rf_combined,esper,3.09708,3.1409246008939062,0.2192629737660685,3.76975,3.759676075053853,0.11153187959457936,293.05747,290.01848805101616,13.053241217687004
CCCOC(C)(C)C,"InChI=1S/C7H16O/c1-5-6-8-7(2,3)4/h5-6H2,1-4H3",esper_benchmark,rf_combined,esper,3.68606,3.64193065473579,0.4094338964589695,3.77901,3.8151249246277463,0.171045558275916,229.97117,233.39217092626512,10.377404822127309
CCCOc1ccccc1,"InChI=1S/C9H12O/c1-2-8-10-9-6-4-3-5-7-9/h3-7H,2,8H2,1H3",esper_benchmark,rf_combined,esper,3.56248,4.788273750990536,1.313424636218776,3.82761,3.6598399756570847,0.3260628398044391,298.90725,278.6570670541041,16.56455450997619
CCCCCCCCC1CC2CC(C)CCC2CC1C,"InChI=1S/C20H38/c1-4-5-6-7-8-9-10-18-15-20-13-16(2)11-12-19(20)14-17(18)3/h16-20H,4-15H2,1-3H3",esper_benchmark,rf_combined,esper,6.2911,6.897268615675931,1.668646078960266,4.17871,4.093613471518991,0.11458431791227788,291.22064,288.3385553150431,20.335601602945086
BrP(Br)Br,InChI=1S/Br3P/c1-4(2)3,esper_benchmark,rf_combined,esper,1.60557,2.2391470883781195,0.5880680835716213,4.38212,3.7131370909293264,0.3637127563261721,475.67749,337.0241403145101,37.709997116947065
OCCCO,"InChI=1S/C3H8O2/c4-2-1-3-5/h4-5H,1-3H2",esper_benchmark,rf_combined,esper,1.27353,2.666232707056697,1.0869927470858085,4.5,3.655566836165587,0.5786453742987531,425.83652,275.43855772653865,84.38857003176827
Cc1cscc1C,"InChI=1S/C6H8S/c1-5-3-7-4-6(5)2/h3-4H,1-2H3",esper_benchmark,rf_combined,esper,3.02632,2.9926821007436617,0.5033113170475728,3.69913,3.74311226332079,0.44389207439691414,302.17656,288.2689473061943,57.80216204759444
Nc1ccccc1,"InChI=1S/C6H7N/c7-6-4-2-1-3-5-6/h1-5H,7H2",esper_benchmark,rf_combined,esper,3.03895,2.9787047,0.6055166266626458,3.51123,3.4522680628703535,0.2297108094638007,327.09609,302.73702099999986,28.540702933853733
COS(=O)OC,InChI=1S/C2H6O3S/c1-4-6(3)5-2/h1-2H3,esper_benchmark,rf_combined,esper,3.5552,3.3198708535418824,0.6448854686208474,3.25269,3.255524916160145,0.2840300065314606,266.57358,288.64518158068535,42.28106421466938
CCCCCCCCCCCCCCCCO,"InChI=1S/C16H34O/c1-2-3-4-5-6-7-8-9-10-11-12-13-14-15-16-17/h17H,2-16H2,1H3",esper_benchmark,rf_combined,esper,6.46632,6.754776599692504,0.9543410945299532,4.01514,3.9987263999999954,0.12015803837879516,274.31616,270.05577649999964,7.6347060204588555
CCC(Br)CC,"InChI=1S/C5H11Br/c1-3-5(6)4-2/h5H,3-4H2,1-2H3",esper_benchmark,rf_combined,esper,2.73778,2.6429812136884077,0.5718898127455715,3.93553,3.9153651260674365,0.31492216490434805,292.48992,297.6779783813247,35.787706836575246
CCCCCCCCOC(C)=O,"InChI=1S/C10H20O2/c1-3-4-5-6-7-8-9-12-10(2)11/h3-9H2,1-2H3",esper_benchmark,rf_combined,esper,5.69964,5.574520863068374,0.8117844557347726,3.61086,3.5900913999999995,0.12566480250268977,241.21798,238.2561617318587,10.586884894959399
CC(C)COCC(C)C,"InChI=1S/C8H18O/c1-7(2)5-9-6-8(3)4/h7-8H,5-6H2,1-4H3",esper_benchmark,rf_combined,esper,3.9573,3.8443758531889904,0.8668626351295646,3.85099,3.874237015334635,0.2199564746757699,235.00384,238.41684183559732,12.037906047742108
CCOc1ccccc1,"InChI=1S/C8H10O/c1-2-9-8-6-4-3-5-7-8/h3-7H,2H2,1H3",esper_benchmark,rf_combined,esper,3.82096,3.975374100491332,0.8577209209584041,3.57923,3.5423426250096113,0.18094922832462895,277.62899,282.1037121950035,25.440358037017948
[Cl-].[Cl-].[Cl-].[Ga+3],InChI=1S/3ClH.Ga/h3*1H;/q;;;+3/p-3,esper_benchmark,rf_combined,esper,3.18028,2.997060124099521,0.8156971184817043,3.32436,3.581998886290898,0.4774922665532971,274.301,284.94816330000003,68.31112008580283
CCCCCCCCC(CCCCCCCC)CCc1ccccc1,"InChI=1S/C25H44/c1-3-5-7-9-11-14-18-24(19-15-12-10-8-6-4-2)22-23-25-20-16-13-17-21-25/h13,16-17,20-21,24H,3-12,14-15,18-19,22-23H2,1-2H3",esper_benchmark,rf_combined,esper,8.85479,10.15645848485819,1.0824085344062853,4.02601,3.9588391642316174,0.1596820814044626,267.74729,269.5348701327075,19.940341048168165
CCCCCCCCC(C)CC(C)CC(C)C,"InChI=1S/C17H36/c1-6-7-8-9-10-11-12-16(4)14-17(5)13-15(2)3/h15-17H,6-14H2,1-5H3",esper_benchmark,rf_combined,esper,9.2682,7.957134599999989,1.2261347237864357,3.54405,3.7282582999999936,0.10148333156784914,211.93319,226.94276800000017,7.550065011576662
CC(O)CN(C)C,"InChI=1S/C5H13NO/c1-5(7)4-6(2)3/h5,7H,4H2,1-3H3",esper_benchmark,rf_combined,esper,3.44703,2.943864140072642,1.2822092046400284,3.62024,3.7868882206747774,0.516765485867284,262.8723,294.632284141476,55.07229096977047
CCCCOC(=O)CCC(C)=O,"InChI=1S/C9H16O3/c1-3-4-7-12-9(11)6-5-8(2)10/h3-7H2,1-2H3",esper_benchmark,rf_combined,esper,6.2412,5.87281718869422,1.1916210462537742,3.38379,3.563819138239805,0.2489122235814278,244.56369,265.0498766642026,33.9256222890916
Cc1ccc(O)c(C)c1,"InChI=1S/C8H10O/c1-6-3-4-8(9)7(2)5-6/h3-5,9H,1-2H3",esper_benchmark,rf_combined,esper,2.35891,2.91373258958228,0.8503196544942623,4.22855,3.9321842668390246,0.34756406271754353,380.08854,263.14666225491527,54.63704905639721
CCCc1ccc(C)cc1,"InChI=1S/C10H14/c1-3-4-10-7-5-9(2)6-8-10/h5-8H,3-4H2,1-2H3",esper_benchmark,rf_combined,esper,3.71196,3.7224753999999978,0.19466535843040994,3.87316,3.8585493038586725,0.05654321682042491,285.65038,285.2623912999999,7.1949319300286225
C=Cc1cccc(C)c1,"InChI=1S/C9H10/c1-3-9-6-4-5-8(2)7-9/h3-7H,1H2,2H3",esper_benchmark,rf_combined,esper,3.54515,3.4185245589537683,0.2632901601326727,3.69698,3.808724899958035,0.17053498619640153,288.84016,303.65793667522775,17.718508893111053
CCCCCCCCCCl,"InChI=1S/C9H19Cl/c1-2-3-4-5-6-7-8-9-10/h2-9H2,1H3",esper_benchmark,rf_combined,esper,4.72337,4.8555550000000025,0.39302682591777355,3.77936,3.7819459,0.06876466383390525,261.49566,264.96354900134645,16.358317981100637
CCCCC=O,"InChI=1S/C5H10O/c1-2-3-4-5-6/h5H,2-4H2,1H3",esper_benchmark,rf_combined,esper,3.19277,3.1933755747266472,0.49840284624217346,3.54508,3.5114389243344424,0.23100019503190836,254.58394,250.5394118358584,28.107373835974595
ClSSCl,InChI=1S/Cl2S2/c1-3-4-2,esper_benchmark,rf_combined,esper,1.41717,2.235450616305528,0.4391937959862211,4.33486,3.733538070297925,0.27712856167800437,476.16102,321.7444095972168,41.189025982200704
C=C(C)CCC,"InChI=1S/C6H12/c1-4-5-6(2)3/h2,4-5H2,1,3H3",esper_benchmark,rf_combined,esper,2.91935,2.8947711583451636,0.27019459473115004,3.77441,3.7614833608315625,0.09980364366232075,239.2978,240.32402967742098,8.614666820549935
CC(C)(C)N,"InChI=1S/C4H11N/c1-4(2,3)5/h5H2,1-3H3",esper_benchmark,rf_combined,esper,2.30326,2.8574433621532167,0.7659863472588039,3.91087,3.790112822530007,0.49688677429821876,241.99467,233.48034299371326,25.242445179335775
CCCCC(C)C(C)C,"InChI=1S/C9H20/c1-5-6-7-9(4)8(2)3/h8-9H,5-7H2,1-4H3",esper_benchmark,rf_combined,esper,3.81174,4.014919097913685,0.8863726854835576,3.94908,4.005250300000001,0.0880495635929559,250.6705,259.2146509999999,13.736559063535632
CC1CCc2ccccc21,"InChI=1S/C10H12/c1-8-6-7-9-4-2-3-5-10(8)9/h2-5,8H,6-7H2,1H3",esper_benchmark,rf_combined,esper,3.02652,3.374250290452829,0.4606420225819362,4.02584,3.8964031191513526,0.1335782219439669,327.72511,291.24374190825586,26.960407158197928
C=C(C)CC(C)C,"InChI=1S/C7H14/c1-6(2)5-7(3)4/h7H,1,5H2,2-4H3",esper_benchmark,rf_combined,esper,3.07038,2.9353569625745366,0.39143294506333426,3.89844,3.8899761688275727,0.2593517357413946,243.85321,240.36444845637317,10.89364956710127
CCCCCS,"InChI=1S/C5H12S/c1-2-3-4-5-6/h6H,2-5H2,1H3",esper_benchmark,rf_combined,esper,2.92309,3.0737155237042884,0.3648989131808205,3.87121,3.835340761324035,0.2723380182749748,284.25802,288.91965076610444,26.605221561853664
C=CCOC(C)=O,"InChI=1S/C5H8O2/c1-3-4-7-5(2)6/h3H,1,4H2,2H3",esper_benchmark,rf_combined,esper,3.69342,3.9768862932247204,0.9040016391148866,3.37024,3.2721093918264326,0.16592497091672653,242.14638,239.64094564882794,21.394929758845038
CC(C)OC(=O)C(=O)OC(C)C,"InChI=1S/C8H14O4/c1-5(2)11-7(9)8(10)12-6(3)4/h5-6H,1-4H3",esper_benchmark,rf_combined,esper,5.99399,5.30469365761572,1.5979591625453207,3.39553,3.6260396117292744,0.31857905042834034,228.57798,256.51019780141075,41.19987055237255
CCCCCCC(C)=O,"InChI=1S/C8H16O/c1-3-4-5-6-7-8(2)9/h3-7H2,1-2H3",esper_benchmark,rf_combined,esper,4.48576,4.397414041285358,0.5968354397770211,3.62189,3.604660159139801,0.1761102032859596,251.31303,249.61870244275252,10.457779167570166
CCC(C)OC(C)CC,"InChI=1S/C8H18O/c1-5-7(3)9-8(4)6-2/h7-8H,5-6H2,1-4H3",esper_benchmark,rf_combined,esper,3.88483,3.9522502546651865,0.767679245518273,3.85808,3.8688399775931015,0.24628471313684708,237.08157,249.6101691862449,29.467722771958634
Cc1ccc(C)o1,"InChI=1S/C6H8O/c1-5-3-4-6(2)7-5/h3-4H,1-2H3",esper_benchmark,rf_combined,esper,3.56512,3.1346382229922694,0.6931523260107365,3.39067,3.511644720098542,0.2174518450633135,239.39843,267.51098628765436,33.4649478989345
CCOC(=O)Cl,"InChI=1S/C3H5ClO2/c1-2-6-3(4)5/h2H2,1H3",esper_benchmark,rf_combined,esper,3.07101,3.1063451067710726,0.9204551000745528,3.44727,3.361462813887875,0.35680240791995116,254.37154,276.9632883581386,59.463809785008614
O=C1CCCCCC1,InChI=1S/C7H12O/c8-7-5-3-1-2-4-6-7/h1-6H2,esper_benchmark,rf_combined,esper,3.0363,3.2354947956190045,0.5919898777162708,3.7919,3.616187625641791,0.2808733193822696,324.72609,310.18769090503133,40.58613627781288
CCCCCCCCCC(=O)OC,"InChI=1S/C11H22O2/c1-3-4-5-6-7-8-9-10-11(12)13-2/h3-10H2,1-2H3",esper_benchmark,rf_combined,esper,5.79931,6.114150799999999,0.6670433380533531,3.69896,3.667004250512292,0.11732710562996373,249.01319,247.49522180087652,10.392254004055935
COC(=O)CCCCCCC(=O)OC,"InChI=1S/C10H18O4/c1-13-9(11)7-5-3-4-6-8-10(12)14-2/h3-8H2,1-2H3",esper_benchmark,rf_combined,esper,5.83395,6.729039027642703,0.9014784349696894,3.61675,3.449480674717569,0.2310556384736965,264.63153,238.12013139517296,18.095396583175
CC(C)=CC(C)(C)C,"InChI=1S/C8H16/c1-7(2)6-8(3,4)5/h6H,1-5H3",esper_benchmark,rf_combined,esper,3.44236,3.264978390788339,0.34263027315458405,3.88527,3.9611933682857563,0.14119654025865805,243.22029,256.5527025563725,33.19755700236928
CC(=O)CCC(=O)O,"InChI=1S/C5H8O3/c1-4(6)2-3-5(7)8/h2-3H2,1H3,(H,7,8)",esper_benchmark,rf_combined,esper,1.6668,3.9373496271519666,1.2746716418101338,4.5,3.393876937751084,0.5671031725518131,365.82606,259.40656818068624,63.61009107341931
O=[N+]([O-])c1ccc(Cl)c(Cl)c1,InChI=1S/C6H3Cl2NO2/c7-5-2-1-4(9(10)11)3-6(5)8/h1-3H,esper_benchmark,rf_combined,esper,4.23373,3.693968746955843,0.6965274977454439,3.49076,3.78299024991296,0.3710456894493774,320.0502,351.63898384913546,43.660014105087136
Cc1ccc(Cl)cc1,"InChI=1S/C7H7Cl/c1-6-2-4-7(8)5-3-6/h2-5H,1H3",esper_benchmark,rf_combined,esper,2.99979,3.1664186999999995,0.31688890772210687,3.79367,3.764043959471681,0.12773422651255545,310.00326,308.27850947931086,11.897824116521637
C[Si]1(C)O[Si](C)(C)O[Si](C)(C)O[Si](C)(C)O[Si](C)(C)O1,"InChI=1S/C10H30O5Si5/c1-16(2)11-17(3,4)13-19(7,8)15-20(9,10)14-18(5,6)12-16/h1-10H3",esper_benchmark,rf_combined,esper,6.96787,7.783705090332962,2.5909687532956154,4.17068,4.108395830143766,0.17902270073051516,207.83461,217.37544109033274,41.45145750297195
CC=C(C)CC,"InChI=1S/C6H12/c1-4-6(3)5-2/h4H,5H2,1-3H3",esper_benchmark,rf_combined,esper,3.14153,2.984537729714102,0.10632632447457115,3.65787,3.731508032539568,0.03942318628967735,235.53289,242.47887651500557,3.9428289590263286
CC(=O)OC1CCCC1,"InChI=1S/C7H12O2/c1-6(8)9-7-4-2-3-5-7/h7H,2-5H2,1H3",esper_benchmark,rf_combined,esper,4.11073,3.9481050950812397,0.6173824065202438,3.50532,3.557334855935706,0.19887009407545594,255.94038,281.2989299333559,34.115113229818284
C=CC(=O)OC(C)CC,"InChI=1S/C7H12O2/c1-4-6(3)9-7(8)5-2/h5-6H,2,4H2,1,3H3",esper_benchmark,rf_combined,esper,2.67638,3.962281753126815,0.7134405852713942,4.17861,3.617722841013785,0.3158798622758294,310.42335,258.66946113046373,45.92039834287009
COc1ccccc1,"InChI=1S/C7H8O/c1-8-7-5-3-2-4-6-7/h2-6H,1H3",esper_benchmark,rf_combined,esper,3.43219,3.425474677508372,0.763356087208159,3.51952,3.5241657006514204,0.2994809283956914,286.44042,296.1203979239276,41.566016659864516
CCC(=O)CC,"InChI=1S/C5H10O/c1-3-5(6)4-2/h3-4H2,1-2H3",esper_benchmark,rf_combined,esper,3.30248,3.239403070659366,0.4764989921527673,3.48706,3.469249509762919,0.17803731027032219,248.98034,246.05633376080573,17.31757255019807
Fc1c(F)c(F)c(Cl)c(F)c1F,InChI=1S/C6ClF5/c7-1-2(8)4(10)6(12)5(11)3(1)9,esper_benchmark,rf_combined,esper,3.75124,3.9818629743953426,0.6246414154266813,3.54168,3.5981315104328986,0.35913679724092695,245.77185,258.36398930324094,44.487205855900136
ClCCC[Si](Cl)(Cl)Cl,"InChI=1S/C3H6Cl4Si/c4-2-1-3-8(5,6)7/h1-3H2",esper_benchmark,rf_combined,esper,4.1018,3.8123839457368613,1.3466093400363108,3.72301,3.6061395744272087,0.5966420571598543,270.88173,257.3217391868627,40.78108446962298
CC(C)C(=O)O,"InChI=1S/C4H8O2/c1-3(2)4(5)6/h3H,1-2H3,(H,5,6)",esper_benchmark,rf_combined,esper,4.65594,3.846970241554172,0.7760255862941994,3.01643,3.381632853159813,0.5192681156720186,244.64733,258.826611442607,45.498223196607924
C#CCC,"InChI=1S/C4H6/c1-3-4-2/h1H,4H2,2H3",esper_benchmark,rf_combined,esper,2.73542,2.3351425385882125,0.45455411458834055,3.3065,3.495703743410475,0.2997585382562771,214.25785,244.4459964015944,52.40432632683262
CC(C)C(C)(C)O,"InChI=1S/C6H14O/c1-5(2)6(3,4)7/h5,7H,1-4H3",esper_benchmark,rf_combined,esper,2.81532,3.2693845911557395,0.9034488887058172,3.94841,3.849262523710449,0.4243236691537343,275.35173,258.60880109500505,40.83775645068864
O=C(O)C(Cl)(Cl)Cl,"InChI=1S/C2HCl3O2/c3-2(4,5)1(6)7/h(H,6,7)",esper_benchmark,rf_combined,esper,4.85809,2.8790372699523434,1.1574944966012526,3.04254,3.677174946745115,0.5325121114119237,260.56444,289.0664088339895,68.45069805360633
CCCCCCCCCCCCCCCCCCCC(=O)OC,"InChI=1S/C21H42O2/c1-3-4-5-6-7-8-9-10-11-12-13-14-15-16-17-18-19-20-21(22)23-2/h3-20H2,1-2H3",esper_benchmark,rf_combined,esper,11.74916,10.460589500000001,3.46841034886888,3.53438,3.702791800000002,0.18144792050271602,225.69967,241.9167239999997,10.823058848961141
c1c[nH]cn1,"InChI=1S/C3H4N2/c1-2-5-3-4-1/h1-3H,(H,4,5)",esper_benchmark,rf_combined,esper,4.14062,2.8385414440228307,0.7100348028179364,2.75025,3.2110153954486838,0.2612164547428269,237.38272,280.6428754463202,48.61819747936751
[Al].[CH2]C.[CH2]C.[CH2]C,"InChI=1S/3C2H5.Al/c3*1-2;/h3*1H2,2H3;",esper_benchmark,rf_combined,esper,11.86856,3.466539246957601,0.6580733089188956,2.43218,3.7070921738311062,0.28262447994029755,175.96161,267.5560318382975,26.63774501401662
CCCCCCCCCCCCCC(C)C,"InChI=1S/C16H34/c1-4-5-6-7-8-9-10-11-12-13-14-15-16(2)3/h16H,4-15H2,1-3H3",esper_benchmark,rf_combined,esper,6.38597,6.542525878982215,0.6960080526036199,3.99475,3.9043832000000025,0.07729330648743134,257.19315,249.59827969999992,8.039829748290998
C=C(F)F,InChI=1S/C2H2F2/c1-2(3)4/h1H2,esper_benchmark,rf_combined,esper,2.0273,2.338450830277825,0.32280191766874555,3.28538,3.1934679908973793,0.2449035923249604,164.01206,210.2724759472203,61.73268203270693
C=CCCC(C)=O,"InChI=1S/C6H10O/c1-3-4-5-6(2)7/h3H,1,4-5H2,2H3",esper_benchmark,rf_combined,esper,3.79292,3.209878521258407,0.5596291855313209,3.44147,3.544411074311035,0.20803863445013943,253.38943,251.2431342060557,29.64461489356132
CC(C)OC(C)(C)C,"InChI=1S/C7H16O/c1-6(2)8-7(3,4)5/h6H,1-5H3",esper_benchmark,rf_combined,esper,3.52018,3.565965829380758,0.6530707019841914,3.84456,3.874592060799082,0.2652603024056067,228.32192,235.28095992896226,15.32504335138383
FC(F)(F)C(F)(F)C(F)(F)C(F)(F)C(F)(F)C(F)(F)C(F)(F)F,"InChI=1S/C7F16/c8-1(9,2(10,11)4(14,15)6(18,19)20)3(12,13)5(16,17)7(21,22)23",esper_benchmark,rf_combined,esper,5.11596,5.201532756061107,0.4969697622625877,3.75187,3.7763314011614875,0.07430252219987242,180.92292,182.37582573443538,7.176924825454955
C1CO1,InChI=1S/C2H4O/c1-2-3-1/h1-2H2,esper_benchmark,rf_combined,esper,2.1985,2.2154706339855257,0.38566012005519124,3.06558,3.1895332607792595,0.19609172834373595,241.37299,258.14011369950725,34.96866338699445
NCCNCCN,"InChI=1S/C4H13N3/c5-1-3-7-4-2-6/h7H,1-6H2",esper_benchmark,rf_combined,esper,3.74055,2.6159043118385337,0.9411293746258321,3.48881,3.9528392478191203,0.5296459135048612,295.03128,206.41054999061257,125.47650917457655
NCCN,InChI=1S/C2H8N2/c3-1-2-4/h1-4H2,esper_benchmark,rf_combined,esper,3.97041,1.9100678579917751,1.1642584213453229,2.82526,3.63302720350493,0.5867984961852246,251.77698,236.7889672657184,118.0045530390395
COC(C)C,"InChI=1S/C4H10O/c1-4(2)5-3/h4H,1-3H3",esper_benchmark,rf_combined,esper,2.825,2.9909165978124377,0.45805023006561296,3.54669,3.425306816200027,0.1986334480046547,223.17478,230.43054797897042,10.981583012727917
COC(=O)CCl,"InChI=1S/C3H5ClO2/c1-6-3(5)2-4/h2H2,1H3",esper_benchmark,rf_combined,esper,4.02247,3.455101818478005,0.688863893324677,3.0774,3.1568246508791664,0.29282763001197004,252.89659,278.6835594653539,58.86757440378943
Ic1ccccc1,InChI=1S/C6H5I/c7-6-4-2-1-3-5-6/h1-5H,esper_benchmark,rf_combined,esper,2.74283,2.848008956411322,0.4528538738005927,3.87096,3.685736357591302,0.12766161674102794,350.99533,326.05309541076736,17.99580973502505
FC(F)=C(F)C(F)(F)F,"InChI=1S/C3F6/c4-1(2(5)6)3(7,8)9",esper_benchmark,rf_combined,esper,3.40869,3.6027496282792053,0.6293796495984221,3.22719,3.2817895989459784,0.12998062440308988,159.26613,167.8865071849167,11.401083178355371
CCCCOCCOC(C)=O,"InChI=1S/C8H16O3/c1-3-4-5-10-6-7-11-8(2)9/h3-7H2,1-2H3",esper_benchmark,rf_combined,esper,5.49081,4.843537640311089,0.8510261469320758,3.47348,3.5819240327571817,0.2621964527651069,238.23978,253.0047096300078,24.746718191536996
O=C1CCCCC1C1CCCCC1,"InChI=1S/C12H20O/c13-12-9-5-4-8-11(12)10-6-2-1-3-7-10/h10-11H,1-9H2",esper_benchmark,rf_combined,esper,4.87135,4.286211289318969,0.7710324526419334,3.7745,3.873701940293917,0.3219012092561772,292.9591,304.9129603767678,30.237410963440603
CC(C)C(C)C(C)C,"InChI=1S/C8H18/c1-6(2)8(5)7(3)4/h6-8H,1-5H3",esper_benchmark,rf_combined,esper,3.17623,3.3235243537153583,0.42739044236479495,4.03277,4.041629586071343,0.1168167183574419,259.56788,254.95028526745722,15.365256852571635
CCOC(=O)CCC(=O)OCC,"InChI=1S/C8H14O4/c1-3-11-7(9)5-6-8(10)12-4-2/h3-6H2,1-2H3",esper_benchmark,rf_combined,esper,5.73177,5.729830579519047,1.1262922274720262,3.42322,3.4738102663841546,0.11012446339781704,247.11955,251.43451148043906,14.903430773177783
CC(=O)C(C)O,"InChI=1S/C4H8O2/c1-3(5)4(2)6/h3,5H,1-2H3",esper_benchmark,rf_combined,esper,1.86561,3.0914738179039074,0.9565289971481765,4.12089,3.672078145756855,0.5373452418735946,389.8993,267.9541522644346,70.55740980974946
CCSSC(C)(C)C,"InChI=1S/C6H14S2/c1-5-7-8-6(2,3)4/h5H2,1-4H3",esper_benchmark,rf_combined,esper,3.74374,3.6340886618727257,0.5112467926074611,3.87157,3.951155997824571,0.23519824640772055,278.55735,287.44847319124597,24.23829006839445
CC(Cl)CCl,"InChI=1S/C3H6Cl2/c1-3(5)2-4/h3H,2H2,1H3",esper_benchmark,rf_combined,esper,2.52453,2.891011205423268,0.4147921995601005,3.73052,3.7038870669841684,0.272588515499726,291.64502,329.5622067725066,105.14069539835293
CCc1cccc(O)c1,"InChI=1S/C8H10O/c1-2-7-4-3-5-8(9)6-7/h3-6,9H,2H2,1H3",esper_benchmark,rf_combined,esper,3.98587,3.7368568878584436,1.051028496782708,3.51879,3.6837635526978274,0.4016778368043552,293.91226,294.9527805250554,41.040708083591824
Cc1ccc2ccccc2n1,"InChI=1S/C10H9N/c1-8-6-7-9-4-2-3-5-10(9)11-8/h2-7H,1H3",esper_benchmark,rf_combined,esper,3.57024,3.5874865,0.2963168080766766,3.79149,3.7409544251272084,0.13662607113810815,340.15723,336.649460419732,18.700281834127765
OCC(F)(F)C(F)(F)F,"InChI=1S/C3H3F5O/c4-2(5,1-9)3(6,7)8/h9H,1H2",esper_benchmark,rf_combined,esper,1.55253,3.360745747351448,0.9882381412243859,4.5,3.2024916889634403,0.3870680401810439,318.71048,184.26569658372978,22.434500638789924
c1ccc2c(c1)COC2,"InChI=1S/C8H8O/c1-2-4-8-6-9-5-7(8)3-1/h1-4H,5-6H2",esper_benchmark,rf_combined,esper,3.43276,3.5772511072736655,0.7130493282460014,3.5659,3.6627345319082765,0.2704942709492979,314.19826,293.47007633445355,38.81168752985109
Sc1ccccc1,"InChI=1S/C6H6S/c7-6-4-2-1-3-5-6/h1-5,7H",esper_benchmark,rf_combined,esper,2.48712,2.8146723756019214,0.33414656880941074,3.90272,3.6659831985586955,0.13887122186646156,347.6038,313.7670522000001,20.87888122297776
CC1CC(C)C(C)C1,"InChI=1S/C8H16/c1-6-4-7(2)8(3)5-6/h6-8H,4-5H2,1-3H3",esper_benchmark,rf_combined,esper,2.93534,3.0395429118599395,0.49992243073113585,4.05617,3.968475270058077,0.13519305466514234,275.52874,278.154850712868,19.99052100236062
[Cl-].[Cl-].[Cl-].[Cl-].[Ti+4],InChI=1S/4ClH.Ti/h4*1H;/q;;;;+4/p-4,esper_benchmark,rf_combined,esper,2.29333,2.218864661743758,0.7197891460907347,4.04045,3.9166868862909,0.5370952253579888,344.74829,333.5584556622434,94.05631339288217
C1CCC(NC2CCCCC2)CC1,"InChI=1S/C12H23N/c1-3-7-11(8-4-1)13-12-9-5-2-6-10-12/h11-13H,1-10H2",esper_benchmark,rf_combined,esper,4.24675,4.2936776640895955,0.6524968612193385,4.0479,4.11557428921882,0.30236228518707425,305.06556,322.24367840149466,49.54717597724538
CCCOC(=O)OCCC,"InChI=1S/C7H14O3/c1-3-5-9-7(8)10-6-4-2/h3-6H2,1-2H3",esper_benchmark,rf_combined,esper,4.9132,4.224228640036457,0.9559571534967557,3.48018,3.6332546667984356,0.30950616163020167,238.18706,242.5068401542263,14.050108998292469
CN(C)N,"InChI=1S/C2H8N2/c1-4(2)3/h3H2,1-2H3",esper_benchmark,rf_combined,esper,5.129,2.685559399019208,0.7567961086534211,2.56074,3.338112670211052,0.514674754307322,130.85909,255.785964359597,69.51714671703208
C1CCOCC1,InChI=1S/C5H10O/c1-2-4-6-5-3-1/h1-5H2,esper_benchmark,rf_combined,esper,2.5957,2.7587916034115465,0.4819551664480913,3.6803,3.6703052835102095,0.24667493010301075,281.77454,283.01497669357536,27.122285695808863
FC(F)=CCl,InChI=1S/C2HClF2/c3-1-2(4)5/h1H,esper_benchmark,rf_combined,esper,2.54285,2.563024075768482,0.3212214440528145,3.27944,3.324953561262957,0.25373134235420625,202.77134,228.46309810659227,37.51227788469363
C[Si](C)(C)O[Si](C)(C)O[Si](C)(C)O[Si](C)(C)O[Si](C)(C)O[Si](C)(C)O[Si](C)(C)C,"InChI=1S/C16H48O6Si7/c1-23(2,3)17-25(7,8)19-27(11,12)21-29(15,16)22-28(13,14)20-26(9,10)18-24(4,5)6/h1-16H3",esper_benchmark,rf_combined,esper,11.28969,10.217004710168139,3.4484177210594735,4.09893,4.246099634291785,0.30037750819451264,194.90517,212.4111629740681,28.28423843660362
CCC,"InChI=1S/C3H8/c1-3-2/h3H2,1-2H3",esper_benchmark,rf_combined,esper,1.98602,2.178790856476188,0.36255917874995747,3.6244,3.5670377828762247,0.16746596300507038,209.08586,211.42400535438637,23.192413740034944
CC1(C)CO1,"InChI=1S/C4H8O/c1-4(2)3-5-4/h3H2,1-2H3",esper_benchmark,rf_combined,esper,2.93339,2.643868215287343,0.3838804696648923,3.36355,3.5469918646291543,0.2779177077475983,238.26391,253.94126399831333,23.10769124391629
CCCCCCCCCCCCCCCC(=O)O,"InChI=1S/C16H32O2/c1-2-3-4-5-6-7-8-9-10-11-12-13-14-15-16(17)18/h2-15H2,1H3,(H,17,18)",esper_benchmark,rf_combined,esper,5.64924,7.056296899999996,0.7946517689890269,4.24137,3.929622846255859,0.07005439176337515,295.39763,272.8008736999998,7.201754538683143
Cc1ccc(C)c(C)c1C,"InChI=1S/C10H14/c1-7-5-6-8(2)10(4)9(7)3/h5-6H,1-4H3",esper_benchmark,rf_combined,esper,3.67876,3.7104455825724285,0.5718632998821052,3.83744,3.803545416094491,0.19785901154600502,302.84898,281.19104960000004,30.735888650295205
CCO[N+](=O)[O-],"InChI=1S/C2H5NO3/c1-2-6-3(4)5/h2H2,1H3",esper_benchmark,rf_combined,esper,2.94548,3.3136702990628084,1.1281373139531203,3.32975,3.2787397013263546,0.27403467039608276,267.70696,262.17126003343833,52.70769490541394
Fc1ccc(F)cc1,InChI=1S/C6H4F2/c7-5-1-2-6(8)4-3-5/h1-4H,esper_benchmark,rf_combined,esper,2.96517,2.988071671586363,0.3740193505169638,3.5154,3.4867091260633316,0.16219380441155365,263.29915,268.18459646149154,33.718750575667066
C=CCCCCCCCCCC,"InChI=1S/C12H24/c1-3-5-7-9-11-12-10-8-6-4-2/h3H,1,4-12H2,2H3",esper_benchmark,rf_combined,esper,5.4321,6.0891464000000015,1.60554335288557,3.81379,3.8665450000000003,0.09955183715532326,245.17208,250.19544399999978,9.674258690707743
S=P(Cl)(Cl)c1ccccc1,"InChI=1S/C6H5Cl2PS/c7-9(8,10)6-4-2-1-3-5-6/h1-5H",esper_benchmark,rf_combined,esper,9.36117,3.836578459241822,0.9487920215355884,2.78198,3.8071251838279183,0.19121880577760755,214.32883,322.8895722000001,49.89597257252913
CCCOC(=O)C(=O)OCCC,"InChI=1S/C8H14O4/c1-3-5-11-7(9)8(10)12-6-4-2/h3-6H2,1-2H3",esper_benchmark,rf_combined,esper,5.75718,5.721995669859791,1.4415077324388044,3.43458,3.4921756290585404,0.32954626676943655,244.98941,256.340974686083,27.658389587035153
C#C,InChI=1S/C2H2/c1-2/h1-2H,esper_benchmark,rf_combined,esper,2.22087,1.855424256733079,0.6164845141748165,2.87502,2.9855697747625474,0.5173472023314662,166.03384,171.79574789999998,57.01044131420452
OCC(F)(F)C(F)F,"InChI=1S/C3H4F4O/c4-2(5)3(6,7)1-8/h2,8H,1H2",esper_benchmark,rf_combined,esper,4.89974,3.265832969922327,1.0650066339694912,2.86594,3.1739701296762757,0.39623547188774677,215.41158,201.56100732378331,29.00483375204087
CCC(C)(C)CO,"InChI=1S/C6H14O/c1-4-6(2,3)5-7/h7H,4-5H2,1-3H3",esper_benchmark,rf_combined,esper,2.22256,3.0178130086556134,0.79770526227724,4.29006,3.98041056665302,0.3915781131359614,287.6308,248.6228324656113,34.202339502921156
C=CCC=C,"InChI=1S/C5H8/c1-3-5-4-2/h3-4H,1-2,5H2",esper_benchmark,rf_combined,esper,2.54223,2.524190781715144,0.31823603429019043,3.68026,3.7094658871032493,0.14883387526250444,233.50921,231.07710723611257,28.493264910839095
CS(=O)(=O)O,"InChI=1S/CH4O3S/c1-5(2,3)4/h1H3,(H,2,3,4)",esper_benchmark,rf_combined,esper,1.93225,3.682226300000002,1.1044968079416573,3.76364,3.482734544021678,0.38010703961381215,550.0,285.1925495709558,42.7371109146384
ClC=CCCl,"InChI=1S/C3H4Cl2/c4-2-1-3-5/h1-2H,3H2",esper_benchmark,rf_combined,esper,2.78101,2.72119220141222,0.3641350322145017,3.52289,3.5426261153618674,0.15012957332534754,284.90215,282.8266637686259,19.133212878104377
CCCC(CC)CC,"InChI=1S/C8H18/c1-4-7-8(5-2)6-3/h8H,4-7H2,1-3H3",esper_benchmark,rf_combined,esper,3.53517,3.446933593081983,0.39972734227557244,3.90208,3.9539209379422346,0.16344330671969912,248.39319,250.15530589213515,23.08942146892364
CCC(C)(C)CC(C)C,"InChI=1S/C9H20/c1-6-9(4,5)7-8(2)3/h8H,6-7H2,1-5H3",esper_benchmark,rf_combined,esper,3.44197,3.6460890528621173,0.48000606221189657,4.08813,4.033995372066911,0.10758944784554066,257.53965,250.79881153442494,12.999197788936055
CCCCCCCCCC(C)C,"InChI=1S/C12H26/c1-4-5-6-7-8-9-10-11-12(2)3/h12H,4-11H2,1-3H3",esper_benchmark,rf_combined,esper,4.81946,5.3312949000000005,0.38266084749421386,4.01748,3.918093400000003,0.05027006103477491,257.96331,249.20599600000006,5.335331545558725
CSSC,InChI=1S/C2H6S2/c1-3-4-2/h1-2H3,esper_benchmark,rf_combined,esper,2.51276,2.5964006343129515,0.45833081770354267,3.63388,3.6301467484501364,0.37274377503447176,305.80846,290.176039780915,32.86524468159454
CCCOC(=O)CCCCC(=O)OCCC,"InChI=1S/C12H22O4/c1-3-9-15-11(13)7-5-6-8-12(14)16-10-4-2/h3-10H2,1-2H3",esper_benchmark,rf_combined,esper,6.74965,6.688158721805642,0.6607003307871381,3.65092,3.607699847798919,0.26134131680959644,254.92813,244.28650585729991,13.656178541229373
CCCCC(C)=O,"InChI=1S/C6H12O/c1-3-4-5-6(2)7/h3-5H2,1-2H3",esper_benchmark,rf_combined,esper,3.63118,3.1196106503548515,0.5787620354027684,3.56677,3.61722926983717,0.25018648501789137,252.94354,248.10655251648288,13.850747673993235
NCCCCCCN,InChI=1S/C6H16N2/c7-5-3-1-2-4-6-8/h1-8H2,esper_benchmark,rf_combined,esper,5.09154,3.1016305156468347,0.814237588386842,3.32619,3.942704180749842,0.5116408128128083,253.18039,167.93680696632666,102.82829684641433
CCCCCCBr,"InChI=1S/C6H13Br/c1-2-3-4-5-6-7/h2-6H2,1H3",esper_benchmark,rf_combined,esper,3.78552,3.5492779566852874,0.48127326259405645,3.68502,3.84226769740268,0.16427194529349695,266.43784,285.10157777417544,21.849496278434742
COC(=O)CCCC(=O)OC,"InChI=1S/C7H12O4/c1-10-6(8)4-3-5-7(9)11-2/h3-5H2,1-2H3",esper_benchmark,rf_combined,esper,5.65796,5.039507221223092,1.124555180715209,3.28952,3.3894185887727817,0.17625452861936644,248.24325,246.447089413525,15.677547490524814
C=C(C)C(=O)OCC,"InChI=1S/C6H10O2/c1-4-8-6(7)5(2)3/h2,4H2,1,3H3",esper_benchmark,rf_combined,esper,2.8576,3.9952998421144925,0.7473312215295894,3.89269,3.449886251744699,0.2996217627691056,283.49464,244.16376869000322,21.67695308583533
CCOC(=O)C(C)C(=O)OCC,"InChI=1S/C8H14O4/c1-4-11-7(9)6(3)8(10)12-5-2/h6H,4-5H2,1-3H3",esper_benchmark,rf_combined,esper,5.90828,5.415235057841034,1.6219253654536754,3.38548,3.439926359655546,0.2757111282332362,233.42432,237.94419312140394,32.431434535155624
CCCCCC(C)O,"InChI=1S/C7H16O/c1-3-4-5-6-7(2)8/h7-8H,3-6H2,1-2H3",esper_benchmark,rf_combined,esper,2.88461,3.751941484040637,0.9348994480048846,4.13203,3.7151655708930944,0.278299638648801,283.81619,253.95654501410365,33.400955312954046
CCc1ccc2ccccc2c1,"InChI=1S/C12H12/c1-2-10-7-8-11-5-3-4-6-12(11)9-10/h3-9H,2H2,1H3",esper_benchmark,rf_combined,esper,3.69338,3.8849691129902144,0.35008658950437505,3.94125,3.892657899999998,0.06666581284729071,336.7933,327.15774681973204,16.187007083573256
CCCCCCCCCCCCCC(C)C(C)C,"InChI=1S/C18H38/c1-5-6-7-8-9-10-11-12-13-14-15-16-18(4)17(2)3/h17-18H,5-16H2,1-4H3",esper_benchmark,rf_combined,esper,6.39318,7.320641499999996,1.5678991628573409,4.14452,4.160543899999997,0.10865733923573688,268.71914,270.94763050000006,8.803578872913604
CCCCCCCCCCCCCC(C)CC(C)CC(C)C,"InChI=1S/C22H46/c1-6-7-8-9-10-11-12-13-14-15-16-17-21(4)19-22(5)18-20(2)3/h20-22H,6-19H2,1-5H3",esper_benchmark,rf_combined,esper,11.37815,11.300336599999996,1.6944246629249817,3.60381,3.6014545000000004,0.14381796607778188,220.06921,218.46023139999994,5.651913391713466
CCCOC(=O)CC,"InChI=1S/C6H12O2/c1-3-5-8-6(7)4-2/h3-5H2,1-2H3",esper_benchmark,rf_combined,esper,4.10988,3.996825025329707,0.3450838214159096,3.48087,3.519481881579164,0.17330861044863444,235.72041,237.47459959999998,6.092729017218789
OCc1ccco1,"InChI=1S/C5H6O2/c6-4-5-2-1-3-7-5/h1-3,6H,4H2",esper_benchmark,rf_combined,esper,4.69111,3.2276472902258386,1.1062935354523604,2.91043,3.546722559722182,0.5175772070854238,199.02602,322.2032660294626,80.08027017060098
FC(F)(F)C(F)(F)C(F)(C(F)(F)F)C(F)(F)F,"InChI=1S/C5F12/c6-1(3(9,10)11,4(12,13)14)2(7,8)5(15,16)17",esper_benchmark,rf_combined,esper,4.38356,4.4074614999999975,0.3414816964593416,3.56051,3.6580214011614847,0.16723212115527814,168.85714,175.87684967439708,9.015523740532684
Clc1ccc(Cl)c(Cl)c1,InChI=1S/C6H3Cl3/c7-4-1-2-5(8)6(9)3-4/h1-3H,esper_benchmark,rf_combined,esper,3.2833,3.278756437111233,0.7719873572560696,3.77251,3.8193802856613526,0.36734981125541694,333.7118,354.9571426498928,54.08820858738961
CCCCCOC(=O)CC,"InChI=1S/C8H16O2/c1-3-5-6-7-10-8(9)4-2/h3-7H2,1-2H3",esper_benchmark,rf_combined,esper,5.0311,4.7567859,0.5727061981471737,3.53421,3.6375736907809455,0.17254686850529163,234.61142,243.93005080000015,8.725317920685601
COC(F)(F)C(F)(F)C(F)(F)F,"InChI=1S/C4H3F7O/c1-12-4(10,11)2(5,6)3(7,8)9/h1H3",esper_benchmark,rf_combined,esper,3.83547,4.389056308983463,0.7933344814169705,3.52157,3.3393574311234295,0.14109249037460164,186.33573,175.9909169494535,15.358554937606668
CCCCCCCCCCCCCc1ccccc1,"InChI=1S/C19H32/c1-2-3-4-5-6-7-8-9-10-11-13-16-19-17-14-12-15-18-19/h12,14-15,17-18H,2-11,13,16H2,1H3",esper_benchmark,rf_combined,esper,7.27148,7.108454736246675,0.9447924745008273,3.90939,3.9131778000000015,0.0790726171007385,269.37727,269.5206220831772,14.811808078299816
[O-][n+]1ccccc1,InChI=1S/C5H5NO/c7-6-4-2-1-3-5-6/h1-5H,esper_benchmark,rf_combined,esper,4.08022,3.1851677718547378,0.679280829106374,3.04575,3.3943025716771222,0.41245461278166673,347.44756,299.5776088090681,54.071442108796234
CCCCc1ccccc1,"InChI=1S/C10H14/c1-2-3-7-10-8-5-4-6-9-10/h4-6,8-9H,2-3,7H2,1H3",esper_benchmark,rf_combined,esper,3.6872,3.9886235059354807,0.7072015850140669,3.88563,3.8657703633303515,0.12760261102487389,286.52262,284.8416478000001,7.4461225299153675
CC(=O)CCCC(C)CCCC(C)CCCC(C)C,"InChI=1S/C18H36O/c1-15(2)9-6-10-16(3)11-7-12-17(4)13-8-14-18(5)19/h15-17H,6-14H2,1-5H3",esper_benchmark,rf_combined,esper,5.0591,6.358441843888625,2.0387107394802753,4.5,4.3156496924291075,0.5297739647744053,306.00675,299.2462921619656,60.96715526445662
CC(C)CS,"InChI=1S/C4H10S/c1-4(2)3-5/h4-5H,3H2,1-2H3",esper_benchmark,rf_combined,esper,2.62846,2.6210440884450787,0.2833030219793611,3.7927,3.8261536726347942,0.27575412949549905,277.90311,283.84482643649613,26.721598005516082
CS(=O)(=O)Cl,"InChI=1S/CH3ClO2S/c1-5(2,3)4/h1H3",esper_benchmark,rf_combined,esper,2.96998,2.944840309597485,0.6027620092448557,3.32335,3.5265076265824176,0.21039939122488513,308.65059,286.49104786443365,31.9484748901858
CC=C(C)C,"InChI=1S/C5H10/c1-4-5(2)3/h4H,1-3H3",esper_benchmark,rf_combined,esper,2.62219,2.662801101025496,0.22258250150308764,3.69452,3.690498233993862,0.07074060161715265,238.72745,239.65422309480945,9.74334359934607
CCCCCCCCCCCCC=O,"InChI=1S/C13H26O/c1-2-3-4-5-6-7-8-9-10-11-12-13-14/h13H,2-12H2,1H3",esper_benchmark,rf_combined,esper,11.20352,5.988098263068374,0.8846082175848773,2.95402,3.816130326280726,0.2700835745194342,197.98235,250.90670244540806,16.179222197575058
FC(F)C(F)F,InChI=1S/C2H2F4/c3-1(4)2(5)6/h1-2H,esper_benchmark,rf_combined,esper,3.01931,2.9403737110444554,0.37298511663032796,3.05779,3.1768035930637484,0.15881630498273921,178.66968,167.34182259606806,27.320674094227943
Cc1ccc[n+]([O-])c1,"InChI=1S/C6H7NO/c1-6-3-2-4-7(8)5-6/h2-5H,1H3",esper_benchmark,rf_combined,esper,1.86628,3.389867073788878,0.8437933691451504,4.27713,3.536732180002466,0.3656096709095941,550.0,307.19259257797364,46.26443291787291
CC(C)(C)OC(C)(C)C,"InChI=1S/C8H18O/c1-7(2,3)9-8(4,5)6/h1-6H3",esper_benchmark,rf_combined,esper,3.58624,3.696254149155331,0.6159245420212656,3.95209,3.999537062901876,0.31596537192078783,237.30769,238.6770005072732,21.20591610725211
CC(C)=CC(C)C,"InChI=1S/C7H14/c1-6(2)5-7(3)4/h5-6H,1-4H3",esper_benchmark,rf_combined,esper,3.1563,3.06939363355807,0.4486805564985977,3.86085,3.849629835080722,0.21983862159024542,241.4735,243.94958171792024,15.586233579844167
FS(F)(F)(F)(F)F,"InChI=1S/F6S/c1-7(2,3,4,5)6",esper_benchmark,rf_combined,esper,2.50486,3.2176859283225845,1.0455049410564325,3.31977,3.6234623758877387,0.3135823341265525,160.81886,187.11879865535948,51.819309456403744
c1ccc(Oc2ccccc2)cc1,InChI=1S/C12H10O/c1-3-7-11(8-4-1)13-12-9-5-2-6-10-12/h1-10H,esper_benchmark,rf_combined,esper,4.07429,4.10379606379371,1.6457684443482503,3.80837,3.757313286415135,0.3537264323493754,320.66953,317.2723524395976,43.29492089205573
CCSCC,"InChI=1S/C4H10S/c1-3-5-4-2/h3-4H2,1-2H3",esper_benchmark,rf_combined,esper,3.03562,2.844392932509915,0.26732880412650295,3.59981,3.7161535269050887,0.1629111339680487,258.53433,267.4073841000002,10.224944761445325
CCOC(=O)C1(C(=O)OCC)CCC1,"InChI=1S/C10H16O4/c1-3-13-8(11)10(6-5-7-10)9(12)14-4-2/h3-7H2,1-2H3",esper_benchmark,rf_combined,esper,5.93279,5.381601886751934,1.3773494620607687,3.5315,3.691070279316545,0.3526241401407942,245.22991,278.3460125209039,45.96960371391168
OCC(F)(F)C(F)(F)C(F)(F)C(F)(F)C(F)(F)C(F)(F)C(F)(F)C(F)(F)C(F)(F)C(F)F,"InChI=1S/C11H4F20O/c12-2(13)4(16,17)6(20,21)8(24,25)10(28,29)11(30,31)9(26,27)7(22,23)5(18,19)3(14,15)1-32/h2,32H,1H2",esper_benchmark,rf_combined,esper,6.5728,6.323305409610759,1.2031526151471288,3.90905,4.134974278054025,0.32314383418882975,226.28682,235.87763765868397,26.066034539586582
CCCCCCCCC1CCCCC1,"InChI=1S/C14H28/c1-2-3-4-5-6-8-11-14-12-9-7-10-13-14/h14H,2-13H2,1H3",esper_benchmark,rf_combined,esper,5.14602,5.263813222754517,0.7885133782908387,4.03342,3.9799107999999968,0.04941901772961501,277.80431,273.909336,9.02460927029376
CC(C)CC(C)CC(C)c1ccc(O)cc1,"InChI=1S/C15H24O/c1-11(2)9-12(3)10-13(4)14-5-7-15(16)8-6-14/h5-8,11-13,16H,9-10H2,1-4H3",esper_benchmark,rf_combined,esper,4.39731,5.033943105632116,1.1270088133670928,4.24914,4.201121398774789,0.49755656171789037,334.03606,346.35645030781643,91.56110789948502
CC1CCC(=O)C1,"InChI=1S/C6H10O/c1-5-2-3-6(7)4-5/h5H,2-4H2,1H3",esper_benchmark,rf_combined,esper,3.16271,2.9112945886934125,0.5344947708641292,3.6008,3.694418655704358,0.2663627166144734,282.17998,306.5842776357474,14.82550763565467
C1=CCCC=C1,"InChI=1S/C6H8/c1-2-4-6-5-3-1/h1-4H,5-6H2",esper_benchmark,rf_combined,esper,2.42601,2.7879501754186475,0.5632384836431563,3.74483,3.7323001360556445,0.16697393963932033,288.24559,289.9825331903875,26.92957217425502
C1CC2C3CCC(C3)C2C1,"InChI=1S/C10H16/c1-2-9-7-4-5-8(6-7)10(9)3-1/h7-10H,1-6H2",esper_benchmark,rf_combined,esper,3.72024,3.3324498977115145,0.679385782349182,3.78104,4.0698934873473664,0.21678344556609314,287.94753,306.8203566796535,31.57912550915344
CC(C)=CCCC(C)=CC=O,"InChI=1S/C10H16O/c1-9(2)5-4-6-10(3)7-8-11/h5,7-8H,4,6H2,1-3H3",esper_benchmark,rf_combined,esper,5.65245,4.272385833919087,1.1294231144048354,3.47273,3.8349976865238564,0.3772919035377562,254.08179,263.9000457834099,40.12262726904165
FN(F)F,InChI=1S/F3N/c1-4(2)3,esper_benchmark,rf_combined,esper,1.80616,2.3431499255247106,0.36243363188600924,3.17207,3.085901345777737,0.2963251803676479,138.36014,157.15946219999987,58.19917096343239
CC(=O)C(F)(F)C(F)(F)C(F)(F)C(F)(F)F,"InChI=1S/C6H3F9O/c1-2(16)3(7,8)4(9,10)5(11,12)6(13,14)15/h1H3",esper_benchmark,rf_combined,esper,4.65057,4.430837561588518,0.570431135389943,3.57439,3.638046159290559,0.1965908171547895,196.04455,192.34994774109887,17.181020481538656
FC(F)(F)C(F)(F)C(F)(F)C(F)(F)F,"InChI=1S/C4F10/c5-1(6,3(9,10)11)2(7,8)4(12,13)14",esper_benchmark,rf_combined,esper,3.75759,4.225604588326321,0.39778068770003544,3.56412,3.4193435436619324,0.2961921982401953,163.97853,173.59788596859934,15.4285200006216
CN1CCOCC1,"InChI=1S/C5H11NO/c1-6-2-4-7-5-3-6/h2-5H2,1H3",esper_benchmark,rf_combined,esper,3.08358,2.6240488056863547,0.7235991086954002,3.63158,3.8224050882215947,0.4304936640915882,274.0252,284.1819820210885,38.50110483431704
CCCCCCCCCCC(C)CC,"InChI=1S/C14H30/c1-4-6-7-8-9-10-11-12-13-14(3)5-2/h14H,4-13H2,1-3H3",esper_benchmark,rf_combined,esper,5.51058,5.675836800000003,0.4025546928651557,4.02287,3.9773892999999934,0.052555348391101014,260.30624,256.58823729999983,4.122210533470085
C=CC(C)=O,"InChI=1S/C4H6O/c1-3-4(2)5/h3H,1H2,2H3",esper_benchmark,rf_combined,esper,2.52756,2.729708541492124,0.41574764283311855,3.52403,3.433471141431207,0.23270893567398115,260.98831,250.51772654632114,30.368556130308132
CC(C)CCCCC(C)C,"InChI=1S/C10H22/c1-9(2)7-5-6-8-10(3)4/h9-10H,5-8H2,1-4H3",esper_benchmark,rf_combined,esper,4.309,4.326210986909474,0.5470448755058568,3.93099,3.9372107145520645,0.12772093835929837,245.07869,246.47098619999997,9.36748714007794
CCCOC(=O)CCC,"InChI=1S/C7H14O2/c1-3-5-7(8)9-6-4-2/h3-6H2,1-2H3",esper_benchmark,rf_combined,esper,4.27121,4.403341484381925,0.32113964132060585,3.59938,3.5998615364556525,0.23813422896935177,241.48775,242.04517714220066,14.374392448439608
CCCCCCCCCCCCCCCC(=O)OC,"InChI=1S/C17H34O2/c1-3-4-5-6-7-8-9-10-11-12-13-14-15-16-17(18)19-2/h3-16H2,1-2H3",esper_benchmark,rf_combined,esper,8.09875,7.719608585194497,1.7622303996146809,3.78262,3.748925226280724,0.11190915524496753,250.23475,247.35868038488488,6.127102041483103
CC(=O)C=CC=C(C)CCC=C(C)C,"InChI=1S/C13H20O/c1-11(2)7-5-8-12(3)9-6-10-13(4)14/h6-7,9-10H,5,8H2,1-4H3",esper_benchmark,rf_combined,esper,6.95909,6.317476753284876,1.9701587764443436,3.49415,3.951933957412062,0.5134730264651927,248.1318,283.4299834377951,52.15262005621686
FC(F)(Br)C(F)(F)Br,"InChI=1S/C2Br2F4/c3-1(5,6)2(4,7)8",esper_benchmark,rf_combined,esper,2.72195,3.135512720614887,0.7533887507872108,3.79323,3.7030813981849495,0.2621270473202498,238.22957,222.52763011669623,43.46908431792931
CCCCCCCCc1cc2cc(C)ccc2cc1C,"InChI=1S/C20H28/c1-4-5-6-7-8-9-10-18-15-20-13-16(2)11-12-19(20)14-17(18)3/h11-15H,4-10H2,1-3H3",esper_benchmark,rf_combined,esper,6.90604,6.591584425387778,0.5393988564510416,3.91531,3.944958819468011,0.1347381594846528,295.37663,295.9724696000001,26.264295422585004
CCCCCCCCCCN,"InChI=1S/C10H23N/c1-2-3-4-5-6-7-8-9-10-11/h2-11H2,1H3",esper_benchmark,rf_combined,esper,3.6327,4.335744951629047,0.7709394497737819,4.28387,4.076228972976617,0.2999125910437985,298.56771,246.8152593161059,48.75332803570105
C[Si]1(C)O[Si](C)(C)O[Si](C)(C)O1,"InChI=1S/C6H18O3Si3/c1-10(2)7-11(3,4)9-12(5,6)8-10/h1-6H3",esper_benchmark,rf_combined,esper,4.60025,5.31954787685521,1.614808021071189,4.02943,4.0914658435967075,0.28771425409151624,219.40006,240.0864776756058,58.27651649853262
O=[N+]([O-])c1ccc(F)cc1,InChI=1S/C6H4FNO2/c7-5-1-3-6(4-2-5)8(9)10/h1-4H,esper_benchmark,rf_combined,esper,3.28078,3.419942170205569,0.2674219576144834,3.59254,3.5510298871218424,0.1207086504910987,326.55734,303.1600971760145,41.11822248967938
NC1CC1,"InChI=1S/C3H7N/c4-3-1-2-3/h3H,1-2,4H2",esper_benchmark,rf_combined,esper,3.24835,2.070227979206021,0.6227416509341486,2.8357,3.3750238,0.37779380373897087,117.74637,301.9467911969909,48.2989975236057
CC1OCCO1,"InChI=1S/C4H8O2/c1-4-5-2-3-6-4/h4H,2-3H2,1H3",esper_benchmark,rf_combined,esper,3.69001,2.8056397219362172,0.5284997866589208,3.15282,3.441670660740777,0.22236777247410208,230.33569,261.6276095874131,36.32732601034694
FC(F)C(F)(F)C(F)(F)C(F)(F)C(F)(F)C(F)(F)C(F)(F)F,"InChI=1S/C7HF15/c8-1(9)2(10,11)3(12,13)4(14,15)5(16,17)6(18,19)7(20,21)22/h1H",esper_benchmark,rf_combined,esper,5.38359,5.094780589928501,0.48142299431217944,3.65413,3.7679013840061426,0.14626459957496987,184.32924,186.9279790678029,13.567423209990203
CC(C)CCOC(=O)C(C)O,"InChI=1S/C8H16O3/c1-6(2)4-5-11-8(10)7(3)9/h6-7,9H,4-5H2,1-3H3",esper_benchmark,rf_combined,esper,2.84264,3.981073163616075,1.1460163094298381,4.38338,3.9046591901053644,0.46187728378982984,332.43574,293.1965445587368,61.87728845279697
ClC(Cl)=C(Cl)Cl,InChI=1S/C2Cl4/c3-1(4)2(5)6,esper_benchmark,rf_combined,esper,2.69164,2.8397891678605016,0.8698441894374135,3.71137,3.7544086177426936,0.3116960217636773,303.51594,285.2349565745064,34.182789282978455
CCCCCC(=O)O,"InChI=1S/C6H12O2/c1-2-3-4-5-6(7)8/h2-5H2,1H3,(H,7,8)",esper_benchmark,rf_combined,esper,5.20044,4.034924359395046,0.7900300043948725,3.23829,3.5922478207468056,0.31055255088969985,251.70798,273.6959759948821,30.22314420337346
FC(F)(F)C(F)(F)C(F)(F)C(F)(F)C(F)(F)C(F)(F)C(F)(F)C(F)(F)Br,"InChI=1S/C8BrF17/c9-7(22,23)5(18,19)3(14,15)1(10,11)2(12,13)4(16,17)6(20,21)8(24,25)26",esper_benchmark,rf_combined,esper,5.67735,6.295890609992134,0.8253197875907583,3.87503,3.801477501061498,0.16589566878319237,201.04478,200.19119926552355,22.97518828756888
Cc1ccc(N=C=O)cc1N=C=O,"InChI=1S/C9H6N2O2/c1-7-2-3-8(10-5-12)4-9(7)11-6-13/h2-4H,1H3",esper_benchmark,rf_combined,esper,4.67476,3.888854566296822,1.2295889432968305,3.51365,3.8201168998042276,0.461125196733782,296.56618,311.4126047997613,65.03355144115709
OC(C(F)(F)F)C(F)(F)F,"InChI=1S/C3H2F6O/c4-2(5,6)1(10)3(7,8)9/h1,10H",esper_benchmark,rf_combined,esper,4.40925,3.3898826138859874,0.8212871638180956,3.09084,3.2967516891230626,0.4461907324399941,186.33207,171.25529350044707,22.5092515315196
C=C1C=CC(C(C)C)CC1,"InChI=1S/C10H16/c1-8(2)10-6-4-9(3)5-7-10/h4,6,8,10H,3,5,7H2,1-2H3",esper_benchmark,rf_combined,esper,3.61236,3.5165840084335804,0.5034641701901782,3.94385,4.0051004263922705,0.19141773483555474,284.33361,294.6592731683798,42.95735537612913
CCC(C)Cl,"InChI=1S/C4H9Cl/c1-3-4(2)5/h4H,3H2,1-2H3",esper_benchmark,rf_combined,esper,2.58818,2.648347728724898,0.3851418077799333,3.75701,3.8214776864035995,0.3955317632938375,260.48671,276.8374169167122,47.59633885970557
Fc1c(F)c(F)c(F)c(F)c1F,InChI=1S/C6F6/c7-1-2(8)4(10)6(12)5(11)3(1)9,esper_benchmark,rf_combined,esper,3.78235,3.892153336013319,0.621244507700767,3.39118,3.412394697443544,0.3167824017113106,221.62509,233.6850548808178,17.27200821140274
CCc1cccc(C)c1,"InChI=1S/C9H12/c1-3-9-6-4-5-8(2)7-9/h4-7H,3H2,1-2H3",esper_benchmark,rf_combined,esper,3.34355,4.04843132947688,1.495183653982981,3.85007,3.8221251556130103,0.18054536987859493,290.05898,285.8036952,14.461831352384838
CCC(C)C1CCCCC1,"InChI=1S/C10H20/c1-3-9(2)10-7-5-4-6-8-10/h9-10H,3-8H2,1-2H3",esper_benchmark,rf_combined,esper,3.56409,3.8346608117480514,0.8618795186187402,4.0508,4.046797750476826,0.08507458862996956,286.46953,282.7145136452607,11.067256580595442
FC(F)(F)C(F)(F)C(F)(F)N(C(F)(F)C(F)(F)C(F)(F)F)C(F)(F)C(F)(F)C(F)(F)F,"InChI=1S/C9F21N/c10-1(11,4(16,17)18)7(25,26)31(8(27,28)2(12,13)5(19,20)21)9(29,30)3(14,15)6(22,23)24",esper_benchmark,rf_combined,esper,6.20798,6.358646078100328,0.6111855399189614,3.82976,3.819338934087436,0.08407089660460024,185.60985,185.4244253999999,5.201085715451803
COC(=O)c1ccc(C(=O)OC)cc1,"InChI=1S/C10H10O4/c1-13-9(11)7-3-5-8(6-4-7)10(12)14-2/h3-6H,1-2H3",esper_benchmark,rf_combined,esper,4.80257,5.248929752214008,0.6478861051190732,3.6395,3.582461286336097,0.2539825243159756,308.88309,310.4090692458452,36.9828899545139
O=CC=Cc1ccccc1,InChI=1S/C9H8O/c10-8-4-7-9-5-2-1-3-6-9/h1-8H,esper_benchmark,rf_combined,esper,4.56164,4.222840006021667,1.4663736704420247,3.33575,3.7258025076599073,0.45792935100135745,304.2789,329.0881837883237,61.74110314244788
OCCOCCOCCO,"InChI=1S/C6H14O4/c7-1-3-9-5-6-10-4-2-8/h7-8H,1-6H2",esper_benchmark,rf_combined,esper,2.30566,5.557219704694315,1.3273131640790254,4.5,3.772686759604673,0.6097771425698982,387.95704,246.59466251880963,62.09486118879057
CC(=O)CC(C)=O,"InChI=1S/C5H8O2/c1-4(6)3-5(2)7/h3H2,1-2H3",esper_benchmark,rf_combined,esper,2.14449,3.5573250561804195,0.9567976345811913,4.07412,3.5287088617824414,0.3405663665307456,348.86452,252.05256883527548,26.475048631386596
OCCC(F)(F)C(F)(F)C(F)(F)C(F)(F)C(F)(F)C(F)(F)F,"InChI=1S/C8H5F13O/c9-3(10,1-2-22)4(11,12)5(13,14)6(15,16)7(17,18)8(19,20)21/h22H,1-2H2",esper_benchmark,rf_combined,esper,3.3264,4.58676921322116,0.7489098751878384,4.5,4.010924743293247,0.3618554404353615,259.40111,207.37633826358126,21.043547213038114
CCCCCCCCCCCCCCN,"InChI=1S/C14H31N/c1-2-3-4-5-6-7-8-9-10-11-12-13-14-15/h2-15H2,1H3",esper_benchmark,rf_combined,esper,6.21996,5.815789046836532,0.7188499682938987,3.91016,4.0236537383457485,0.21319445254073693,266.61283,238.78431511610597,43.59745649880012
CC(C)(c1ccccc1)c1ccc(O)cc1,"InChI=1S/C15H16O/c1-15(2,12-6-4-3-5-7-12)13-8-10-14(16)11-9-13/h3-11,16H,1-2H3",esper_benchmark,rf_combined,esper,3.29875,5.2121219609315075,0.9785323279425128,4.5,4.198945352435173,0.469520840127837,361.97711,331.6276315565511,71.02792354412341
C=CCSCC=C,"InChI=1S/C6H10S/c1-3-5-7-6-4-2/h3-4H,1-2,5-6H2",esper_benchmark,rf_combined,esper,2.70319,3.39180477417324,0.5369379691089352,4.02518,3.7011748820039054,0.2508580813814014,310.67398,276.53501675443937,35.51691054722909
O=Cc1ccco1,InChI=1S/C5H4O2/c6-4-5-2-1-3-7-5/h1-4H,esper_benchmark,rf_combined,esper,3.53014,3.1946517484838277,0.5295333722030262,3.19693,3.3407337323150945,0.19141002326254172,278.39147,306.8643461263625,34.674268028499704
[O-2].[O-2].[O-2].[O-2].[Os+8],InChI=1S/4O.Os/q4*-2;+8,esper_benchmark,rf_combined,esper,2.1234,2.9070357000000007,1.8070503560776914,3.38476,3.593298628339935,0.49942061467263066,378.59057,261.14929616224344,61.64411870084687
CCC=O,"InChI=1S/C3H6O/c1-2-3-4/h3H,2H2,1H3",esper_benchmark,rf_combined,esper,2.56038,2.538086809139188,0.42298076714112526,3.31135,3.348123760779257,0.24381304338849027,242.9782,239.9162586023239,30.779992757973908
CCC(C)OC(C)=O,"InChI=1S/C6H12O2/c1-4-5(2)8-6(3)7/h5H,4H2,1-3H3",esper_benchmark,rf_combined,esper,4.16414,3.9445982542170945,0.5011690487116257,3.46392,3.4881289487979874,0.1285735804007709,226.81852,244.11298827053403,34.81976699862024
CCCCCCCCCCCCC,"InChI=1S/C13H28/c1-3-5-7-9-11-13-12-10-8-6-4-2/h3-13H2,1-2H3",esper_benchmark,rf_combined,esper,5.6357,5.460257600000002,0.512982886827855,3.82246,3.839701500000005,0.03958650750887223,252.01401,250.75972149999998,6.544560701787304
CCCCCCCCCCCCCCCl,"InChI=1S/C14H29Cl/c1-2-3-4-5-6-7-8-9-10-11-12-13-14-15/h2-14H2,1H3",esper_benchmark,rf_combined,esper,6.402,6.511749655777253,0.9528930091416093,3.88956,3.8802441999999995,0.141815386479606,265.17609,264.92141178651764,32.61752610803822
CCCCCCCCCCOC,"InChI=1S/C11H24O/c1-3-4-5-6-7-8-9-10-11-12-2/h3-11H2,1-2H3",esper_benchmark,rf_combined,esper,5.45343,5.08210697841024,0.8946739407677627,3.77925,3.831527201049316,0.28297562585819636,246.99503,243.44626764540806,23.459489481718325
C[Si](C)(C)C,"InChI=1S/C4H12Si/c1-5(2,3)4/h1-4H3",esper_benchmark,rf_combined,esper,2.6885,2.6885470418827975,0.40152483671520217,3.95084,3.9777469179417055,0.31329023215788593,220.42758,240.51272149239,46.231655549813325
CCCCCCCCCCCCCCCCCCCC,"InChI=1S/C20H42/c1-3-5-7-9-11-13-15-17-19-20-18-16-14-12-10-8-6-4-2/h3-20H2,1-2H3",esper_benchmark,rf_combined,esper,8.46943,8.457935700000004,0.6287837325889646,3.9001,3.8840605999999998,0.039537718771320104,250.82494,248.31033919999993,3.4567989664308474
Cn1ccnc1,"InChI=1S/C4H6N2/c1-6-3-2-5-4-6/h2-4H,1H3",esper_benchmark,rf_combined,esper,2.89794,3.01627435901232,0.6072027979125614,3.40116,3.3146933000000014,0.219773029546644,363.10222,273.4151598766224,40.85066930600669
CCCC(C)CC=O,"InChI=1S/C7H14O/c1-3-4-7(2)5-6-8/h6-7H,3-5H2,1-2H3",esper_benchmark,rf_combined,esper,3.80538,3.5161550330892366,0.47292603972350394,3.66713,3.7602462692814522,0.2357857514819278,258.96667,255.78050641069132,22.385080062174815
CCc1ccccc1C,"InChI=1S/C9H12/c1-3-9-7-5-4-6-8(9)2/h4-7H,3H2,1-2H3",esper_benchmark,rf_combined,esper,3.25838,3.3937376294768824,0.2732162095474778,3.86527,3.833090764080556,0.1279332218496294,297.33274,289.0846077467642,13.04874376439495
CCOC(C)(C)C,"InChI=1S/C6H14O/c1-5-7-6(2,3)4/h5H2,1-4H3",esper_benchmark,rf_combined,esper,3.44898,3.381378999725139,0.9084755232607978,3.70437,3.8399857599937985,0.3129101903613074,223.19069,231.25556352783616,9.390363456807234
Clc1cc(Cl)cc(Cl)c1,InChI=1S/C6H3Cl3/c7-4-1-5(8)3-6(9)2-4/h1-3H,esper_benchmark,rf_combined,esper,3.34345,3.302602869559841,0.6960377393929352,3.75742,3.795847561788981,0.2764972028060668,326.53359,349.9044010515443,47.407188889238306
C=C(Cl)CCl,InChI=1S/C3H4Cl2/c1-3(5)2-4/h1-2H2,esper_benchmark,rf_combined,esper,3.05822,2.6591440301172002,0.39672978743570253,3.38941,3.54499121536202,0.16494180647395665,262.25539,279.44676021604056,25.140432996818582
Clc1cccs1,InChI=1S/C4H3ClS/c5-4-2-1-3-6-4/h1-3H,esper_benchmark,rf_combined,esper,2.10544,2.7018465065930912,0.35901808734975965,3.93294,3.7148563371842056,0.2777278022617769,360.09788,339.1340534992955,43.41340705690047
FC=C(F)C(F)(F)F,"InChI=1S/C3HF5/c4-1-2(5)3(6,7)8/h1H",esper_benchmark,rf_combined,esper,3.30351,3.263338710719878,0.707085697480318,3.22025,3.271693115412358,0.11012388660892576,170.31726,174.99331443149978,9.996358596408157
NCCCO,"InChI=1S/C3H9NO/c4-2-1-3-5/h5H,1-4H2",esper_benchmark,rf_combined,esper,2.75491,2.358627843980562,1.1194278046507833,3.21909,3.8867258829280114,0.6286481503798121,79.86866,338.79577041613686,89.12490868028497
C1CCC(CCCC(CCCC2CCCC2)CCCC2CCCC2)C1,"InChI=1S/C25H46/c1-2-11-22(10-1)16-7-19-25(20-8-17-23-12-3-4-13-23)21-9-18-24-14-5-6-15-24/h22-25H,1-21H2",esper_benchmark,rf_combined,esper,7.84833,10.236617599999995,2.1132488273987606,4.16454,3.9725757000000033,0.20436114832450422,290.38467,293.96391384936294,36.778540748950796
c1ccc(COCc2ccccc2)cc1,"InChI=1S/C14H14O/c1-3-7-13(8-4-1)11-15-12-14-9-5-2-6-10-14/h1-10H,11-12H2",esper_benchmark,rf_combined,esper,6.10509,5.461609342050593,0.7607643351840273,3.54342,3.763549803750753,0.28711812124760877,278.94912,299.2193049953117,28.32044413056721
C1=CCCCC1,"InChI=1S/C6H10/c1-2-4-6-5-3-1/h1-2H,3-6H2",esper_benchmark,rf_combined,esper,2.25901,2.624624903675247,0.5052372909540815,3.90709,3.8342517456718537,0.23436409639266761,301.81613,291.2406515801732,31.727281736398613
O=CN1CCOCC1,"InChI=1S/C5H9NO2/c7-5-6-1-3-8-4-2-6/h5H,1-4H2",esper_benchmark,rf_combined,esper,3.60347,3.469253505991382,0.9638506115129629,3.42605,3.5364192381643527,0.3520638469814386,336.6143,314.86858791014174,61.3024940924096
ClCCCCCCl,InChI=1S/C5H10Cl2/c6-4-2-1-3-5-7/h1-5H2,esper_benchmark,rf_combined,esper,3.91414,3.6086306441691574,0.7482657299463148,3.55572,3.654815976127628,0.19615802359882173,280.84797,288.36790867062314,31.747936842874005
C[Si](C)(Cl)Cl,"InChI=1S/C2H6Cl2Si/c1-5(2,3)4/h1-2H3",esper_benchmark,rf_combined,esper,2.95264,2.6291998796291898,0.3222815770264439,3.75222,3.831436670914738,0.1796656982299293,242.40029,253.18435706488123,18.393031681411703
O=COC1CCCCC1,"InChI=1S/C7H12O2/c8-6-9-7-4-2-1-3-5-7/h6-7H,1-5H2",esper_benchmark,rf_combined,esper,3.54693,3.7728650195131443,0.7483443074657293,3.67959,3.646158219850359,0.2762295249038124,283.4585,292.3765621016981,43.17385808626685
OCCO,"InChI=1S/C2H6O2/c3-1-2-4/h3-4H,1-2H2",esper_benchmark,rf_combined,esper,1.71084,2.031412499999999,1.0942804853568164,3.73481,3.6165760747585587,0.6613674677795343,354.18312,266.22871843492567,102.98181198198725
FC(F)(F)C(F)(F)N(C(F)(F)C(F)(F)F)C(F)(F)C(F)(F)F,"InChI=1S/C6F15N/c7-1(8,9)4(16,17)22(5(18,19)2(10,11)12)6(20,21)3(13,14)15",esper_benchmark,rf_combined,esper,4.9909,5.173723268183323,2.146571935180012,3.69676,3.7420642114983957,0.1815340161518721,177.52418,179.812302443862,11.787760959046341
Nc1ccc([N+](=O)[O-])cc1,"InChI=1S/C6H6N2O2/c7-5-1-3-6(4-2-5)8(9)10/h1-4H,7H2",esper_benchmark,rf_combined,esper,11.0606,3.3188288880513768,0.5540324274438733,2.17166,3.5921310999999974,0.19010849033588692,144.01604,292.4519627482412,36.83581254021456
CC1CCC(C(C)C)C(=O)C1,"InChI=1S/C10H18O/c1-7(2)9-5-4-8(3)6-10(9)11/h7-9H,4-6H2,1-3H3",esper_benchmark,rf_combined,esper,3.96459,3.7261521617783364,0.4448116528554589,3.9266,4.0131836202060445,0.16174933421996832,289.85394,303.62552798284656,14.856167410318076
C=CCCCCCCCCCCCCCCC,"InChI=1S/C17H34/c1-3-5-7-9-11-13-15-17-16-14-12-10-8-6-4-2/h3H,1,4-17H2,2H3",esper_benchmark,rf_combined,esper,7.12672,7.28196934242909,0.969677127804933,3.89934,3.855125305485144,0.1650942170221854,252.3126,248.24883639999967,9.030008501213105
Clc1ccc(Cl)cc1,InChI=1S/C6H4Cl2/c7-5-1-2-6(8)4-3-5/h1-4H,esper_benchmark,rf_combined,esper,2.97762,2.875844981131378,0.3478382765956023,3.77419,3.8462320362750275,0.16831630129555064,324.26409,334.1932257407854,17.910316010924266
c1cnccn1,InChI=1S/C4H4N2/c1-2-6-4-3-5-1/h1-4H,esper_benchmark,rf_combined,esper,2.82189,2.837622333124423,0.4337694988337534,3.31028,3.3597774874840236,0.23499209978560837,239.79933,277.4616059714653,31.667371862169833
C[Si](C)(C)O[Si](C)(C)O[Si](C)(C)O[Si](C)(C)O[Si](C)(C)O[Si](C)(C)O[Si](C)(C)O[Si](C)(C)C,"InChI=1S/C18H54O7Si8/c1-26(2,3)19-28(7,8)21-30(11,12)23-32(15,16)25-33(17,18)24-31(13,14)22-29(9,10)20-27(4,5)6/h1-18H3",esper_benchmark,rf_combined,esper,12.24174,13.430383443288692,3.487492490330934,4.16199,4.106071267145893,0.26566562824801354,196.32126,200.28088423949455,26.252487563767765
CCCCCCCCCCCCCCCCC(C)C,"InChI=1S/C19H40/c1-4-5-6-7-8-9-10-11-12-13-14-15-16-17-18-19(2)3/h19H,4-18H2,1-3H3",esper_benchmark,rf_combined,esper,7.73766,8.213796469072577,1.1475930061074047,3.95566,3.843159899999999,0.07991127483021403,252.55501,244.7586028999998,5.47457564251592
Cc1ccc(C)c(C)c1,"InChI=1S/C9H12/c1-7-4-5-8(2)9(3)6-7/h4-6H,1-3H3",esper_benchmark,rf_combined,esper,3.38569,3.414996304559616,0.3345940873544015,3.83005,3.820999268145282,0.17050761620852614,293.80602,280.81173445466914,27.81148791166796
CC1CC=CCC1,"InChI=1S/C7H12/c1-7-5-3-2-4-6-7/h2-3,7H,4-6H2,1H3",esper_benchmark,rf_combined,esper,1.98782,2.6092381483220817,0.5259451579751904,4.3506,4.006736137652035,0.33012985280319973,338.26484,282.30440624467144,28.294969254358236
C=CC(C)(C)O,"InChI=1S/C5H10O/c1-4-5(2,3)6/h4,6H,1H2,2-3H3",esper_benchmark,rf_combined,esper,2.9728,3.021082882600547,0.81705127083581,3.63219,3.674326333904202,0.41537737752754117,241.67593,271.89387867764106,57.92827255002248
CCCCCCc1cc2c(cc1CCCC)CCCC2,"InChI=1S/C20H32/c1-3-5-7-8-12-18-16-20-14-10-9-13-19(20)15-17(18)11-6-4-2/h15-16H,3-14H2,1-2H3",esper_benchmark,rf_combined,esper,6.62524,6.7202064330005475,1.077461752149725,4.02038,3.998626723239339,0.2064610561975709,288.72756,282.51413884039675,31.751994102005256
C=CC(=C)CCC=C(C)C,"InChI=1S/C10H16/c1-5-10(4)8-6-7-9(2)3/h5,7H,1,4,6,8H2,2-3H3",esper_benchmark,rf_combined,esper,4.24638,3.9988200474271296,0.6880956459029413,3.80054,3.8301817476037145,0.19923140601149417,256.83703,250.63398370990177,21.352320735747305
CCCCCCC=C(C=O)CCCCC,"InChI=1S/C14H26O/c1-3-5-7-8-10-12-14(13-15)11-9-6-4-2/h12-13H,3-11H2,1-2H3",esper_benchmark,rf_combined,esper,6.10799,6.326920456333024,1.0454046260950125,3.84204,3.909944061025903,0.2535194909646166,264.85777,258.5604764581486,25.25898590586436
FC(F)(F)c1ccc(Cl)cc1,"InChI=1S/C7H4ClF3/c8-6-3-1-5(2-4-6)7(9,10)11/h1-4H",esper_benchmark,rf_combined,esper,3.66254,3.8222951636818827,0.7413998984104757,3.67718,3.720106798164206,0.31388126696555385,260.99311,260.8613847580362,54.924868858303164
c1cncnc1,InChI=1S/C4H4N2/c1-2-5-4-6-3-1/h1-4H,esper_benchmark,rf_combined,esper,3.43346,2.7683454336620263,0.4009777503805938,3.09619,3.3550496596074244,0.23249381064367608,268.54116,285.94340892851056,38.16013921539687
Cl[Si](Cl)(Cl)[Si](Cl)(Cl)Cl,"InChI=1S/Cl6Si2/c1-7(2,3)8(4,5)6",esper_benchmark,rf_combined,esper,3.54771,4.013847443447658,1.3271046154696242,4.02088,3.7681392750155807,0.33745522374458753,266.48721,285.36217806950305,46.538953725484255
CCCC(=O)CCC,"InChI=1S/C7H14O/c1-3-5-7(8)6-4-2/h3-6H2,1-2H3",esper_benchmark,rf_combined,esper,3.94757,3.8829272496301286,0.4701094363256524,3.62582,3.6132191440025174,0.17416269188355707,251.77395,251.78810043892008,19.780460870060086
c1ccc2c(c1)CCS2,"InChI=1S/C8H8S/c1-2-4-8-7(3-1)5-6-9-8/h1-4H,5-6H2",esper_benchmark,rf_combined,esper,3.1083,3.3902309340514263,0.6388003645455846,3.81988,3.7783301490122687,0.26685185282158363,361.88651,318.8886301091228,39.700758695907524
CC(C)CC(C)(C)C,"InChI=1S/C8H18/c1-7(2)6-8(3,4)5/h7H,6H2,1-5H3",esper_benchmark,rf_combined,esper,3.13984,3.2506035999999994,0.3371537164603707,4.08786,4.027255000000001,0.09789663129546394,249.78239,246.66890890940573,10.868748604459112
CC(C)COC(=O)c1ccccc1C(=O)OCC(C)C,"InChI=1S/C16H22O4/c1-11(2)9-19-15(17)13-7-5-6-8-14(13)16(18)20-10-12(3)4/h5-8,11-12H,9-10H2,1-4H3",esper_benchmark,rf_combined,esper,7.45512,6.977751882507459,1.267254729867254,3.69998,3.7318102896029712,0.33568469873717754,262.59779,290.824627872038,70.67133375851475
CC1C=Cc2ccccc21,"InChI=1S/C10H10/c1-8-6-7-9-4-2-3-5-10(8)9/h2-8H,1H3",esper_benchmark,rf_combined,esper,4.74445,3.382230367551392,0.5311753327109693,3.3795,3.845128509663143,0.13855093821174985,258.82554,307.26090317608646,32.79730409864604
CCC(=O)N(C)C,"InChI=1S/C5H11NO/c1-4-5(7)6(2)3/h4H2,1-3H3",esper_benchmark,rf_combined,esper,4.15632,3.472917853253429,0.3743980102470745,3.30827,3.4233595100078564,0.12212358325081767,273.01954,268.3391252419996,50.5193148006501
C=C(CC)c1ccccc1,"InChI=1S/C10H12/c1-3-9(2)10-7-5-4-6-8-10/h4-8H,2-3H2,1H3",esper_benchmark,rf_combined,esper,4.42067,3.415914204915049,0.3823482422309208,3.56046,3.8482981943421364,0.15551496302461779,260.31433,299.9367573467365,19.378204523751652
c1ccc2nc3ccccc3cc2c1,InChI=1S/C13H9N/c1-3-7-12-10(5-1)9-11-6-2-4-8-13(11)14-12/h1-9H,esper_benchmark,rf_combined,esper,3.71205,3.7502191129902185,1.0655379831435705,3.96411,3.8623159180859217,0.20712215843467796,395.67771,372.56166802260685,36.736360538464155
CCCCCCOC(C)=O,"InChI=1S/C8H16O2/c1-3-4-5-6-7-10-8(2)9/h3-7H2,1-2H3",esper_benchmark,rf_combined,esper,4.9882,4.773458682557177,0.3037255679793844,3.54206,3.5754234000000027,0.10014927081332145,237.57314,240.4915407000001,10.189950234463977
CC(O)CCO,"InChI=1S/C4H10O2/c1-4(6)2-3-5/h4-6H,2-3H2,1H3",esper_benchmark,rf_combined,esper,3.16848,3.003141279344949,1.111515003288376,3.48257,3.550439907723295,0.5082416269846242,278.45358,266.2160988833791,49.23154476781763
CC=CCCCC,"InChI=1S/C7H14/c1-3-5-7-6-4-2/h3,5H,4,6-7H2,1-2H3",esper_benchmark,rf_combined,esper,2.85867,3.3415546881945564,0.3632997503062083,3.99816,3.8036116329582925,0.15750592987912476,267.15696,245.78411919575979,14.103950067720858
CNCCCN,"InChI=1S/C4H12N2/c1-6-4-2-3-5/h6H,2-5H2,1H3",esper_benchmark,rf_combined,esper,2.26839,2.6628553530507664,0.9726177345073636,4.05107,3.7343643071245167,0.566032136163949,340.08937,267.2130606228148,95.47945872056782
CCCCCCCCCCC(C)CC(C)C,"InChI=1S/C16H34/c1-5-6-7-8-9-10-11-12-13-16(4)14-15(2)3/h15-16H,5-14H2,1-4H3",esper_benchmark,rf_combined,esper,6.90581,6.823883500000002,1.1711281264297044,3.87092,3.7477410999999954,0.11627457384050048,239.81844,227.60662940000012,11.083881560706413
COCCO,"InChI=1S/C3H8O2/c1-5-3-2-4/h4H,2-3H2,1H3",esper_benchmark,rf_combined,esper,3.44528,3.1015340090305985,0.9550225277095002,3.15264,3.450795599999999,0.5813685791721461,230.74612,264.7301448537913,70.79630561239237
Cc1ccc(C(C)C)cc1,"InChI=1S/C10H14/c1-8(2)10-6-4-9(3)5-7-10/h4-8H,1-3H3",esper_benchmark,rf_combined,esper,3.69217,3.6285102763287598,0.1938871164396002,3.89617,3.873004399999999,0.09584888612101866,281.4887,311.2279337046467,65.89243289527316
CCC=CC(C)(C)C,"InChI=1S/C8H16/c1-5-6-7-8(2,3)4/h6-7H,5H2,1-4H3",esper_benchmark,rf_combined,esper,3.62903,3.3655276481976144,0.36218662160549386,3.84198,3.9597750596745227,0.1387420852188477,233.29859,253.7685127389716,12.873575195859512
CCN,"InChI=1S/C2H7N/c1-2-3/h2-3H2,1H3",esper_benchmark,rf_combined,esper,2.79195,2.2588244690032395,0.5841874440950436,3.08254,3.3692254908973642,0.4027979368568683,217.92545,220.79332397345996,43.78470660524477
OCC(Cl)CCl,"InChI=1S/C3H6Cl2O/c4-1-3(5)2-6/h3,6H,1-2H2",esper_benchmark,rf_combined,esper,1.57007,2.6448441350322867,1.220141347543969,4.5,3.7247998663992474,0.5890434981004548,446.70373,323.07379224289866,88.89290096347565
CCCCCCCCSCCCCCCCC,"InChI=1S/C16H34S/c1-3-5-7-9-11-13-15-17-16-14-12-10-8-6-4-2/h3-16H2,1-2H3",esper_benchmark,rf_combined,esper,5.87615,7.654524169072572,1.1932685896320796,4.20886,3.892745320078797,0.2071071760385462,291.2055,255.71616295388128,26.048176938882033
SCc1ccccc1,"InChI=1S/C7H8S/c8-6-7-4-2-1-3-5-7/h1-5,8H,6H2",esper_benchmark,rf_combined,esper,3.63644,3.269784230497318,0.5257774831741252,3.53107,3.715640041180924,0.23606603361382766,223.56689,311.35385215155225,25.31026777604719
CO,"InChI=1S/CH4O/c1-2/h2H,1H3",esper_benchmark,rf_combined,esper,2.25965,2.382638014730012,0.5154529980376021,2.83016,2.943028190897365,0.3510161783837371,183.58634,202.69833520135683,69.49407249900496
CC(C)CNCC(C)C,"InChI=1S/C8H19N/c1-7(2)5-9-6-8(3)4/h7-9H,5-6H2,1-4H3",esper_benchmark,rf_combined,esper,2.47901,3.7645914591731495,1.9447206376727781,4.5,4.094648832844369,0.32400637815093863,200.12754,265.5114955675531,45.66816725386735
OCC(F)(F)C(F)(F)C(F)(F)C(F)(F)C(F)(F)C(F)(F)F,"InChI=1S/C7H3F13O/c8-2(9,1-21)3(10,11)4(12,13)5(14,15)6(16,17)7(18,19)20/h21H,1H2",esper_benchmark,rf_combined,esper,5.68148,4.370930178200128,0.46729582135888287,3.60554,4.040036175039936,0.3554989753413833,197.10418,217.08122181429476,20.810764633359607
CC#N,InChI=1S/C2H3N/c1-2-3/h1H3,esper_benchmark,rf_combined,esper,2.32567,2.29823328073561,0.5037923382700453,3.16425,3.2012053862908982,0.24954548291359938,207.70403,225.35143939999992,71.5334053536656
CCCCC(C)O,"InChI=1S/C6H14O/c1-3-4-5-6(2)7/h6-7H,3-5H2,1-2H3",esper_benchmark,rf_combined,esper,3.29456,3.705815109116535,1.0201093968999002,3.76233,3.7722325211896357,0.3255983868375356,257.5694,256.13277536145847,36.65485896522132
CCC1COC(=O)O1,"InChI=1S/C5H8O3/c1-2-4-3-7-5(6)8-4/h4H,2-3H2,1H3",esper_benchmark,rf_combined,esper,3.33303,4.054645800729617,1.3276179259347527,3.53941,3.551783873045555,0.4395158047094432,365.23054,314.6201448318449,40.144577624125176
CCCCCC1CCCCC1,"InChI=1S/C11H22/c1-2-3-5-8-11-9-6-4-7-10-11/h11H,2-10H2,1H3",esper_benchmark,rf_combined,esper,4.06101,4.080431187472225,0.4601588425808881,4.02502,3.9976973999999985,0.0366324335697207,280.19763,278.5719434999997,8.227085567441902
C=CC(C)CCC,"InChI=1S/C7H14/c1-4-6-7(3)5-2/h5,7H,2,4,6H2,1,3H3",esper_benchmark,rf_combined,esper,2.84142,3.094685624731936,0.42129491459650853,4.01501,3.929856018000335,0.2277119421884341,256.744,245.07134392724393,21.082068838727853
CCCCCc1ccccc1,"InChI=1S/C11H16/c1-2-3-5-8-11-9-6-4-7-10-11/h4,6-7,9-10H,2-3,5,8H2,1H3",esper_benchmark,rf_combined,esper,4.12735,4.16740527363082,0.7294697869041935,3.86451,3.8653264077173417,0.13458398358727808,280.97538,283.068429360314,7.804038281364588
CC=CCC,"InChI=1S/C5H10/c1-3-5-4-2/h3,5H,4H2,1-2H3",esper_benchmark,rf_combined,esper,2.4197,2.7556864389588513,0.21846934205634094,3.81623,3.6430054871296225,0.05717559920216928,247.87781,230.81218733379137,8.947948048187651
C1C2C1C1CC21,"InChI=1S/C6H8/c1-3-4(1)6-2-5(3)6/h3-6H,1-2H2",esper_benchmark,rf_combined,esper,1.93836,2.5504054803805944,0.5143789633995738,3.99922,3.9375722832818947,0.3508954654050732,320.54326,291.16672256304645,30.009514075756346
CC=CC=CC,"InChI=1S/C6H10/c1-3-5-6-4-2/h3-6H,1-2H3",esper_benchmark,rf_combined,esper,3.02676,2.941477551986785,0.3668515725749856,3.66496,3.704462742569648,0.05875962865632285,251.30399,253.3599177120994,8.949088510640216
CC1=CCCCC1,"InChI=1S/C7H12/c1-7-5-3-2-4-6-7/h5H,2-4,6H2,1H3",esper_benchmark,rf_combined,esper,2.62859,2.7214453261586913,0.6107343076155929,3.92804,3.960451171764619,0.30100494838881375,294.2903,298.73236313968704,40.65732130054813
CO[Si](CCCCl)(OC)OC,"InChI=1S/C6H15ClO3Si/c1-8-11(9-2,10-3)6-4-5-7/h4-6H2,1-3H3",esper_benchmark,rf_combined,esper,5.06562,3.9894425939505855,1.750878482881187,3.66481,3.8155866273517285,0.5124356477063874,249.80363,282.4911592800287,69.75778659414179
CCCCC(C)CC,"InChI=1S/C8H18/c1-4-6-7-8(3)5-2/h8H,4-7H2,1-3H3",esper_benchmark,rf_combined,esper,3.61455,3.5414116810366654,0.4567482252207298,3.88542,3.890112200547922,0.13541437754905358,245.59768,248.581047213571,8.216817503880455
OCCN1CCOCC1,"InChI=1S/C6H13NO2/c8-4-1-7-2-5-9-6-3-7/h8H,1-6H2",esper_benchmark,rf_combined,esper,2.27045,3.337364433977569,1.049374761142416,4.34494,3.8525663604444444,0.4709634499490692,415.12607,321.48425912652914,64.66307240213828
CCCCCCCCCCCCCCC(C)C,"InChI=1S/C17H36/c1-4-5-6-7-8-9-10-11-12-13-14-15-16-17(2)3/h17H,4-16H2,1-3H3",esper_benchmark,rf_combined,esper,6.9092,6.9731514999999975,0.7811653927157488,3.96715,3.8802437000000025,0.08446416463394395,253.9506,247.19538159999982,6.596049207527602
CCCCCCCC1CCCCC1,"InChI=1S/C13H26/c1-2-3-4-5-7-10-13-11-8-6-9-12-13/h13H,2-12H2,1H3",esper_benchmark,rf_combined,esper,4.95524,4.794278872973283,0.6419514188841067,3.986,3.9915425999999967,0.045914811610633904,273.21075,276.5968390999998,7.620777454228162
CCCCCCCCC=O,"InChI=1S/C9H18O/c1-2-3-4-5-6-7-8-9-10/h9H,2-8H2,1H3",esper_benchmark,rf_combined,esper,5.19012,4.918388320282519,0.31671310584971174,3.55228,3.645621272184763,0.18477821537563033,245.15575,249.4307236161061,8.049605080263444
CCN(CC)CC,"InChI=1S/C6H15N/c1-4-7(5-2)6-3/h4-6H2,1-3H3",esper_benchmark,rf_combined,esper,3.29493,3.3408075766533165,0.5676855217018076,3.7908,3.8491041399066264,0.36906862571266175,240.45519,239.24796325824303,28.670079968960998
FC(F)(F)C(Cl)Cl,"InChI=1S/C2HCl2F3/c3-1(4)2(5,6)7/h1H",esper_benchmark,rf_combined,esper,2.93973,2.8614795417111853,0.42760297964145166,3.49608,3.6479050307215273,0.33465207507988903,215.55589,229.83320581824995,33.542701861521074
FC1(F)OC(F)(F)C1(F)F,"InChI=1S/C3F6O/c4-1(5)2(6,7)10-3(1,8)9",esper_benchmark,rf_combined,esper,3.34601,3.3569648257564073,0.4385311637631856,3.30559,3.2996121820060953,0.12099598100658909,160.92272,175.2411671024574,21.51832951607282
Oc1ccc2ccccc2c1,"InChI=1S/C10H8O/c11-10-6-5-8-3-1-2-4-9(8)7-10/h1-7,11H",esper_benchmark,rf_combined,esper,2.98372,3.275702442548574,0.983952668556108,3.9732,3.877664699442672,0.43343799339239397,368.17562,374.6327076442995,66.81874116255129
CCC(=N)O,"InChI=1S/C3H7NO/c1-2-3(4)5/h2H2,1H3,(H2,4,5)",esper_benchmark,rf_combined,esper,1.66325,2.7588649067354454,1.304877378781937,4.09579,3.679447886290899,0.5940099083288776,488.99767,363.76599544950784,133.89852941726235
CN1CCCC1c1cccnc1,"InChI=1S/C10H14N2/c1-12-7-3-5-10(12)9-4-2-6-11-8-9/h2,4,6,8,10H,3,5,7H2,1H3",esper_benchmark,rf_combined,esper,4.23399,4.014703123004386,0.8023650310382222,3.77392,3.808703990333267,0.3516242404667333,304.96567,302.1240935083634,31.717502109001998
CCCCCCCCCC(C)CCC,"InChI=1S/C14H30/c1-4-6-7-8-9-10-11-13-14(3)12-5-2/h14H,4-13H2,1-3H3",esper_benchmark,rf_combined,esper,5.53,5.601771400000002,0.30258818838817897,4.01651,4.0596493,0.09338891499803395,258.37183,258.56051859999997,7.4689058838082865
Cc1ccnc(C)c1,"InChI=1S/C7H9N/c1-6-3-4-8-7(2)5-6/h3-5H,1-2H3",esper_benchmark,rf_combined,esper,3.3186,3.3171260392349744,0.24429750483124477,3.62841,3.6374720000000007,0.15167506752924165,294.02923,289.0761855920955,15.04875400383357
CC(C)CC(=O)O,"InChI=1S/C5H10O2/c1-4(2)3-5(6)7/h4H,3H2,1-2H3,(H,6,7)",esper_benchmark,rf_combined,esper,3.40514,3.8718686172716006,0.9471228585520653,3.57451,3.456059532724061,0.36473561453727266,269.14134,269.81754378658934,50.55197102150587
C=CCCC=C,"InChI=1S/C6H10/c1-3-5-6-4-2/h3-4H,1-2,5-6H2",esper_benchmark,rf_combined,esper,2.70851,2.9756648480319434,0.3362643957545349,3.82118,3.7340679307584628,0.13869901713613794,248.0981,231.7011251423944,27.749661549763868
CCCCCCc1cccc2ccc(CCCC)cc12,"InChI=1S/C20H28/c1-3-5-7-8-11-18-12-9-13-19-15-14-17(10-6-4-2)16-20(18)19/h9,12-16H,3-8,10-11H2,1-2H3",esper_benchmark,rf_combined,esper,6.59189,6.5399496925618745,0.6956961546441554,3.98367,3.951764374505562,0.18857829921714744,293.53713,296.6697095564209,24.64791347430745
C#CCCCC,"InChI=1S/C6H10/c1-3-5-6-4-2/h1H,4-6H2,2H3",esper_benchmark,rf_combined,esper,3.19065,3.0496275029524598,0.454311684914896,3.57921,3.6740671415220065,0.15324680112259995,236.30656,246.59197888881533,24.878524981237607
CCCCCCC1CCCc2ccc(CCCC)cc21,"InChI=1S/C20H32/c1-3-5-7-8-11-18-12-9-13-19-15-14-17(10-6-4-2)16-20(18)19/h14-16,18H,3-13H2,1-2H3",esper_benchmark,rf_combined,esper,6.85127,7.069183242569014,2.1572883435170978,3.97592,4.017309250850723,0.20671754710305457,281.09717,276.58306360353674,32.879649964395284
COCCOCCOCCOCCOCCOC,"InChI=1S/C12H26O6/c1-13-3-5-15-7-9-17-11-12-18-10-8-16-6-4-14-2/h3-12H2,1-2H3",esper_benchmark,rf_combined,esper,4.49672,6.379690916066943,1.496901024072476,4.39623,3.7275478704512874,0.4372049758278219,342.24329,248.37058404241813,30.07681773199258
CCCCCC(C)C,"InChI=1S/C8H18/c1-4-5-6-7-8(2)3/h8H,4-7H2,1-3H3",esper_benchmark,rf_combined,esper,3.67088,3.555204605657473,0.3429362938821824,3.88394,3.8748920000000004,0.05382789304812138,242.29289,243.12617721357103,4.3872121782371405
OCC1CCC(CO)CC1,"InChI=1S/C8H16O2/c9-5-7-1-2-8(6-10)4-3-7/h7-10H,1-6H2",esper_benchmark,rf_combined,esper,3.33179,3.621054625621704,1.2727193835548511,3.98245,3.916425519729874,0.4802672814654957,330.70168,329.9511655759541,65.1055623007958
C=Cc1ccccc1C,"InChI=1S/C9H10/c1-3-9-7-5-4-6-8(9)2/h3-7H,1H2,2H3",esper_benchmark,rf_combined,esper,3.57059,3.3708661799364474,0.3008150787548251,3.68275,3.8507339321889655,0.24228343565769608,287.4741,314.24910479412074,23.613484536963114
CCOC(=O)CC(C)C,"InChI=1S/C7H14O2/c1-4-9-7(8)5-6(2)3/h6H,4-5H2,1-3H3",esper_benchmark,rf_combined,esper,4.38421,4.326880920431763,0.3897399744272303,3.56216,3.569414492411003,0.15016645328174302,232.56613,236.08365135485943,4.761336077448757
CC(=O)OC(C)OC(C)=O,"InChI=1S/C6H10O4/c1-4(7)9-6(3)10-5(2)8/h6H,1-3H3",esper_benchmark,rf_combined,esper,5.39448,4.707549249912694,0.7330067887032197,3.23042,3.3236344638092743,0.21349450583464136,232.28333,247.41257739167742,45.3263464455142
FC1(F)C(F)(F)C(F)(F)C1(F)F,"InChI=1S/C4F8/c5-1(6)2(7,8)4(11,12)3(1,9)10",esper_benchmark,rf_combined,esper,3.62556,3.9505854832873184,0.9265102669432297,3.40444,3.522892060228644,0.28151259398764317,167.17625,193.7447484085903,32.90699677315236
ClC1CCCC1,"InChI=1S/C5H9Cl/c6-5-3-1-2-4-5/h5H,1-4H2",esper_benchmark,rf_combined,esper,2.88777,2.511297298368319,0.49380451796271746,3.63855,3.8176784718470573,0.3222079815318291,284.97726,299.3781646145444,32.3812519813398
COCCOCCO,"InChI=1S/C5H12O3/c1-7-4-5-8-3-2-6/h6H,2-5H2,1H3",esper_benchmark,rf_combined,esper,2.18534,3.569570186895017,1.33526379103499,4.30808,3.9161691718204854,0.6039557542672807,342.56292,275.447862887431,60.54273106526747
Cc1cc(C(C)(C)C)c(O)c(C(C)(C)C)c1,"InChI=1S/C15H24O/c1-10-8-11(14(2,3)4)13(16)12(9-10)15(5,6)7/h8-9,16H,1-7H3",esper_benchmark,rf_combined,esper,3.76611,5.238222955760923,0.957670050179228,4.5,4.130132943136713,0.3841273642723348,316.13126,300.09398512037706,73.26008694472578
COB(OC)OC,InChI=1S/C3H9BO3/c1-5-4(6-2)7-3/h1-3H3,esper_benchmark,rf_combined,esper,4.54615,3.1188127783512876,0.9918581457683353,3.15341,3.499872617217991,0.4684285629075246,194.5729,253.83836620617734,32.33795690604503
CCC(C)C(C)=O,"InChI=1S/C6H12O/c1-4-5(2)6(3)7/h5H,4H2,1-3H3",esper_benchmark,rf_combined,esper,3.3527,3.1773397498236,0.5805660911846193,3.65503,3.616129226457015,0.2539477127436801,261.31187,250.44659783966887,17.413660253334253
CCCCCCCBr,"InChI=1S/C7H15Br/c1-2-3-4-5-6-7-8/h2-7H2,1H3",esper_benchmark,rf_combined,esper,4.06873,3.90372065542063,0.42076027830397084,3.7463,3.7736161224316795,0.17909899765846818,268.74094,279.13641598922726,21.58164367711046
OCCCCCO,"InChI=1S/C5H12O2/c6-4-2-1-3-5-7/h6-7H,1-5H2",esper_benchmark,rf_combined,esper,2.02917,3.37474320504815,1.2312419361598748,4.1024,3.827190020902327,0.4993278064804104,94.05423,302.7653621637144,52.22645898724
C=C,InChI=1S/C2H4/c1-2/h1-2H2,esper_benchmark,rf_combined,esper,1.59196,1.967519265386462,2.1561498928407543,3.40769,3.1114572468188055,0.41685777895894455,177.32571,192.14062257909637,52.51763216056673
CCc1ccccn1,"InChI=1S/C7H9N/c1-2-7-5-3-4-6-8-7/h3-6H,2H2,1H3",esper_benchmark,rf_combined,esper,3.44995,3.3254309934824344,0.3303906309007085,3.56645,3.6645176907902517,0.09408051816946549,280.89108,289.5804848844744,13.890585258155612
CCCCSCCCC,"InChI=1S/C8H18S/c1-3-5-7-9-8-6-4-2/h3-8H2,1-2H3",esper_benchmark,rf_combined,esper,3.53849,4.03366268746392,0.6223818892580898,4.08612,3.802851612731581,0.20776155752904577,293.65259,263.87633920000013,13.910834641532245
CC(=O)OC(C)=O,InChI=1S/C4H6O3/c1-3(5)7-4(2)6/h1-2H3,esper_benchmark,rf_combined,esper,4.12031,3.6263420663753196,0.8117575306366074,3.13815,3.150013892036174,0.21690301980068363,247.8918,247.61716010261725,36.76430451495596
CCCC1CCC(=O)O1,"InChI=1S/C7H12O2/c1-2-3-6-4-5-7(8)9-6/h6H,2-5H2,1H3",esper_benchmark,rf_combined,esper,3.74354,4.0017025947872815,0.6211295486823732,3.67007,3.586093192881884,0.2365584636516805,328.12524,310.9065721697792,32.22769812413705
Oc1c(Cl)cc(Cl)cc1Cl,"InChI=1S/C6H3Cl3O/c7-3-1-4(8)6(10)5(9)2-3/h1-2,10H",esper_benchmark,rf_combined,esper,4.92858,3.3574434067007615,1.255990906360803,3.22041,4.052317603125006,0.46824879428008326,190.47134,382.3886627250073,75.45896955096565
CCOC(=O)C=CC(=O)OCC,"InChI=1S/C8H12O4/c1-3-11-7(9)5-6-8(10)12-4-2/h5-6H,3-4H2,1-2H3",esper_benchmark,rf_combined,esper,6.06371,4.140235401294766,1.5743171061071477,3.36365,4.047979917417019,0.6539461090072015,242.80051,330.665800567775,77.16614094717988
CN(C)CCOCCO,"InChI=1S/C6H15NO2/c1-7(2)3-5-9-6-4-8/h8H,3-6H2,1-2H3",esper_benchmark,rf_combined,esper,3.4613,3.785058210976606,1.522294590331537,3.86302,3.8314511868856975,0.592933075776457,273.67447,279.37946247926106,54.561765593292165
COC(=O)C1CCC1,"InChI=1S/C6H10O2/c1-8-6(7)5-3-2-4-5/h5H,2-4H2,1H3",esper_benchmark,rf_combined,esper,3.81207,3.6591148498408814,0.6083479535722857,3.43969,3.60874164449688,0.31063498372408216,256.7895,309.8349611477825,48.05398930122954
CCc1ccc(C(C)(C)C)cc1,"InChI=1S/C12H18/c1-5-10-6-8-11(9-7-10)12(2,3)4/h6-9H,5H2,1-4H3",esper_benchmark,rf_combined,esper,4.04781,4.199695759236386,0.5617091659206104,4.01048,3.9660221535180393,0.19341652117193722,286.77295,276.8672952030264,12.579584778017688
C[Si](C)(C)O,"InChI=1S/C3H10OSi/c1-5(2,3)4/h4H,1-3H3",esper_benchmark,rf_combined,esper,1.73103,2.959603651215326,0.732297530004928,4.5,3.788696131882148,0.33844668851948023,318.3541,258.7215415202142,48.766792060275364
CCCC(C)CC(C)CC(C)C,"InChI=1S/C12H26/c1-6-7-11(4)9-12(5)8-10(2)3/h10-12H,6-9H2,1-5H3",esper_benchmark,rf_combined,esper,4.84062,4.756815708430637,0.7550262170524906,3.98179,3.9680683000000005,0.12485505215292651,244.12431,244.04612900000006,11.953488393002148
COCCOCCOCCOCCOC,"InChI=1S/C10H22O5/c1-11-3-5-13-7-9-15-10-8-14-6-4-12-2/h3-10H2,1-2H3",esper_benchmark,rf_combined,esper,7.18702,5.200162811222375,1.1284775277481318,3.53037,3.6957398739226557,0.38730853355892625,243.85232,249.3202240833837,23.511813962701368
CC(F)=CC(F)(F)F,"InChI=1S/C4H4F4/c1-3(5)2-4(6,7)8/h2H,1H3",esper_benchmark,rf_combined,esper,3.50151,3.3317568215396793,0.6977939709898745,3.36008,3.309545383789321,0.12084024759950789,186.39573,180.21658951101577,15.004518851142457
CCCCCCCCCC(=O)OCCCC,"InChI=1S/C14H28O2/c1-3-5-7-8-9-10-11-12-14(15)16-13-6-4-2/h3-13H2,1-2H3",esper_benchmark,rf_combined,esper,6.82014,6.859088861547361,0.7130879469081118,3.77288,3.778888339361975,0.1724527930863453,248.81426,255.71238796977028,14.190071039325979
CCC=CCC,"InChI=1S/C6H12/c1-3-5-6-4-2/h5-6H,3-4H2,1-2H3",esper_benchmark,rf_combined,esper,2.73418,3.015099060876287,0.1297792818697178,3.87195,3.7374386614355717,0.08891187746263007,251.93898,237.19746087919128,10.297704049481533
CCCCCCC(C)CC(C)CC(C)C,"InChI=1S/C15H32/c1-6-7-8-9-10-14(4)12-15(5)11-13(2)3/h13-15H,6-12H2,1-5H3",esper_benchmark,rf_combined,esper,6.65371,6.453703083783187,1.0717958769442482,3.82764,3.860676599999997,0.14681637843387907,231.54823,237.5591956,13.53049490766988
CC=Cc1ccc(O)c(OC)c1,"InChI=1S/C10H12O2/c1-3-4-8-5-6-9(11)10(7-8)12-2/h3-7,11H,1-2H3",esper_benchmark,rf_combined,esper,2.50019,3.8537782358371,2.220697230659442,4.5,4.028803006233985,0.5599815728381742,380.25863,344.91999435359236,79.72502615696423
CCC=CCCC,"InChI=1S/C7H14/c1-3-5-7-6-4-2/h5,7H,3-4,6H2,1-2H3",esper_benchmark,rf_combined,esper,3.37267,3.357805305024105,0.3438427173102137,3.78115,3.7863640684331163,0.16104122794219783,241.8643,245.74002069114636,19.03520462158714
COC(C)=O,InChI=1S/C3H6O2/c1-3(4)5-2/h1-2H3,esper_benchmark,rf_combined,esper,3.25306,3.06830238329353,0.8085197451386508,3.14634,3.24292529401367,0.20335058278980314,228.69349,240.00128561980426,19.85341942264793
CCCCCC#N,"InChI=1S/C6H11N/c1-2-3-4-5-6-7/h2-5H2,1H3",esper_benchmark,rf_combined,esper,3.19805,3.2790773429585323,0.47792370485738445,3.74427,3.7094559187077287,0.16724790856357416,291.06524,291.28005714160923,32.644327113912794
C=C(C)C#N,"InChI=1S/C4H5N/c1-4(2)3-5/h1H2,2H3",esper_benchmark,rf_combined,esper,2.67194,2.600954925624585,0.4868532043818938,3.49665,3.4336503807159975,0.25175247218344265,247.41785,265.7705335719956,64.06703060964344
CN(C)B(Cl)Cl,InChI=1S/C2H6BCl2N/c1-6(2)3(4)5/h1-2H3,esper_benchmark,rf_combined,esper,2.53162,2.945940926334265,0.7873235158828642,3.88987,3.6663237114772134,0.38379375912255087,306.44194,283.97755569856,39.992572089509565
Cc1ccccc1O,"InChI=1S/C7H8O/c1-6-4-2-3-5-7(6)8/h2-5,8H,1H3",esper_benchmark,rf_combined,esper,3.77576,3.761615057725448,0.7163999807324354,3.38936,3.4395597126288924,0.25402623692108134,294.84218,301.3814645672615,47.47000496776591
Cc1ccc2c(c1)CCC2,"InChI=1S/C10H12/c1-8-5-6-9-3-2-4-10(9)7-8/h5-7H,2-4H2,1H3",esper_benchmark,rf_combined,esper,2.72989,3.503589767551389,0.42996227395972336,4.1746,3.918135439612801,0.21091313947150406,356.96095,290.93278294148354,28.479692381011482
[O]N=O,InChI=1S/NO2/c2-1-3,esper_benchmark,rf_combined,esper,5.4723,2.3741980053578313,0.8782049227286316,1.9,2.946764095448685,0.3988329428098666,168.28084,210.68158473097364,84.29211795220857
CC1=CCC(C(C)C)C=C1,"InChI=1S/C10H16/c1-8(2)10-6-4-9(3)5-7-10/h4-6,8,10H,7H2,1-3H3",esper_benchmark,rf_combined,esper,3.65094,3.6042110421653843,0.43078824873159655,3.9279,4.002848535716242,0.27704435364241703,281.46315,290.7320708072851,31.81437747432233
CCCCCCO,"InChI=1S/C6H14O/c1-2-3-4-5-6-7/h7H,2-6H2,1H3",esper_benchmark,rf_combined,esper,3.54758,3.481961155563137,0.7912022437830752,3.66507,3.7028766479455806,0.33712862720224196,258.93419,276.760930018908,37.29360344642811
CCCSCC,"InChI=1S/C5H12S/c1-3-5-6-4-2/h3-5H2,1-2H3",esper_benchmark,rf_combined,esper,3.24088,3.2038162823210268,0.43358076112560767,3.70779,3.721803240087178,0.18182935116808094,266.63413,267.3661548513675,23.014098421572804
COC(=O)c1ccncc1,"InChI=1S/C7H7NO2/c1-10-7(9)6-2-4-8-5-3-6/h2-5H,1H3",esper_benchmark,rf_combined,esper,4.16233,3.751837940903861,0.6778762160596016,3.41234,3.5152468869352838,0.27886021948923734,293.20627,311.0153780865836,40.43501922577409
O=C(O)CF,"InChI=1S/C2H3FO2/c3-1-2(4)5/h1H2,(H,4,5)",esper_benchmark,rf_combined,esper,1.0,3.2418932185656333,1.2143764961879349,4.14954,3.0057884133111004,0.29880406036606394,172.60704,263.1321029922072,64.68251060328618
CCCCCC(=O)CCCCC,"InChI=1S/C11H22O/c1-3-5-7-9-11(12)10-8-6-4-2/h3-10H2,1-2H3",esper_benchmark,rf_combined,esper,5.55943,5.71429145051519,0.9804815950934478,3.70343,3.6935642660098114,0.2510448658458933,250.98159,252.29938940200753,13.714405030929138
[Al].[CH2]CC.[CH2]CC.[CH2]CC,"InChI=1S/3C3H7.Al/c3*1-3-2;/h3*1,3H2,2H3;",esper_benchmark,rf_combined,esper,11.42858,3.9709220738372686,1.2445449004162052,2.7397,3.9078283354715104,0.36638866956020594,177.41522,268.0729007022104,33.87863583749952
c1ccc(Cc2ccccc2)cc1,"InChI=1S/C13H12/c1-3-7-12(8-4-1)11-13-9-5-2-6-10-13/h1-10H,11H2",esper_benchmark,rf_combined,esper,4.27215,4.3984679565721585,1.0279061676115504,3.82054,3.804446098032214,0.18295223795474727,314.71829,320.9778550732439,26.147560116410705
CCCCO,"InChI=1S/C4H10O/c1-2-3-4-5/h5H,2-4H2,1H3",esper_benchmark,rf_combined,esper,3.66387,2.7958263999999993,0.6658965506916519,3.24366,3.590626733106472,0.4256991259582157,232.69184,259.9078891324243,52.24240748085253
FI(F)(F)(F)F,"InChI=1S/F5I/c1-6(2,3,4)5",esper_benchmark,rf_combined,esper,4.47908,2.8669036729194532,1.154029251605013,2.71264,3.7867184791149624,0.315790116717181,224.82944,180.8294879437177,61.501349896629456
[H].[H].[H].[Sb],InChI=1S/Sb.3H,esper_benchmark,rf_combined,esper,1.30503,2.0545818353271783,0.9284519089193817,3.84135,3.4825018420004885,0.339705126039343,309.98249,244.89914568375028,48.37370297824836
CCC(C)(C)O,"InChI=1S/C5H12O/c1-4-5(2,3)6/h6H,4H2,1-3H3",esper_benchmark,rf_combined,esper,2.53801,2.806452712323523,0.7510792720540758,3.91423,3.721368000636432,0.4395387917677186,269.677,260.75519479316165,44.81333378308342
C=C(C)C(=O)OC,"InChI=1S/C5H8O2/c1-4(2)5(6)7-3/h1H2,2-3H3",esper_benchmark,rf_combined,esper,3.57924,3.4318432176718807,0.7207294969356451,3.39218,3.421365977650666,0.23048557352954405,242.60295,243.99927608547128,16.08459834074954
FC(F)(Br)C(F)(Cl)Br,"InChI=1S/C2Br2ClF3/c3-1(5,6)2(4,7)8",esper_benchmark,rf_combined,esper,2.80746,3.5072598818759837,0.9729079294074466,3.86073,3.7377816050675734,0.2721609552383591,268.8613,241.7448851719416,30.868517394165444
CC(C)OCCO,"InChI=1S/C5H12O2/c1-5(2)7-4-3-6/h5-6H,3-4H2,1-2H3",esper_benchmark,rf_combined,esper,1.8659,3.340495279376964,1.1375505170004743,4.5,3.791089401089063,0.5462005753868068,345.81026,278.17828273808215,55.56188803475746
CCC(O)CC,"InChI=1S/C5H12O/c1-3-5(6)4-2/h5-6H,3-4H2,1-2H3",esper_benchmark,rf_combined,esper,3.82473,2.8802499204016865,0.726088089023588,3.34379,3.748015268475948,0.3836517258875767,208.16199,265.0229344318576,45.567729763505895
c1ccc(-c2ccc(-c3ccccc3)cc2)cc1,InChI=1S/C18H14/c1-3-7-15(8-4-1)17-11-13-18(14-12-17)16-9-5-2-6-10-16/h1-14H,esper_benchmark,rf_combined,esper,5.79208,5.381701764574328,0.6452256370390439,3.75448,3.867547674506136,0.11161754211540659,329.83425,325.2372901999997,25.021478226090395
N#CCCCCC#N,InChI=1S/C6H8N2/c7-5-3-1-2-4-6-8/h1-4H2,esper_benchmark,rf_combined,esper,3.37751,3.31725146303266,0.5616554316963593,3.67695,3.716242405655196,0.2508010037838627,384.95254,377.90587566183467,38.10218596968212
COC(=O)CCCCCCCC(=O)OC,"InChI=1S/C11H20O4/c1-14-10(12)8-6-4-3-5-7-9-11(13)15-2/h3-9H2,1-2H3",esper_benchmark,rf_combined,esper,7.18912,6.8222930288641805,0.9784548926474149,3.45916,3.5004362582996817,0.2741434173337413,248.23006,240.6596037029606,25.587050048808326
NCCOCCO,"InChI=1S/C4H11NO2/c5-1-3-7-4-2-6/h6H,1-5H2",esper_benchmark,rf_combined,esper,4.85542,2.6761113995886894,1.0933899174776303,3.0962,3.976515968385759,0.6263355625894982,270.97591,298.64654040000016,96.05381572320239
CC(C)COP(=O)(OCC(C)C)OCC(C)C,"InChI=1S/C12H27O4P/c1-10(2)7-14-17(13,15-8-11(3)4)16-9-12(5)6/h10-12H,7-9H2,1-6H3",esper_benchmark,rf_combined,esper,5.9554,6.503764222557325,1.467279137757311,4.00632,3.7738670634517826,0.3295090944669203,261.3928,244.86813760307922,24.33868513838205
CCCCCCCCc1ccccc1,"InChI=1S/C14H22/c1-2-3-4-5-6-8-11-14-12-9-7-10-13-14/h7,9-10,12-13H,2-6,8,11H2,1H3",esper_benchmark,rf_combined,esper,5.04295,5.435389278982213,0.599883647191928,3.96072,3.9015187038586707,0.11110424999788276,283.01384,276.88474866149147,8.992927968956435
C1CCCC1,InChI=1S/C5H10/c1-2-4-5-3-1/h1-5H2,esper_benchmark,rf_combined,esper,2.25774,2.3814307862437896,0.3665505657161883,3.75308,3.7746326540687694,0.24445633464878855,273.50029,275.86015016572213,26.88112204300667
FC=C(F)F,InChI=1S/C2HF3/c3-1-2(4)5/h1H,esper_benchmark,rf_combined,esper,4.32882,2.606529580113048,0.37412854576220345,2.50921,3.1665473000000013,0.24689386030300325,130.0238,178.50952766273465,46.44910684002782
CCCCOC(=O)C(C)O,"InChI=1S/C7H14O3/c1-3-4-5-10-7(9)6(2)8/h6,8H,3-5H2,1-2H3",esper_benchmark,rf_combined,esper,4.72982,3.8365681663546893,1.1947284813810197,3.51655,3.940387289363083,0.5414914695653512,254.63974,286.7299632051652,56.12836154488791
Oc1cccc2ccccc12,"InChI=1S/C10H8O/c11-10-7-3-5-8-4-1-2-6-9(8)10/h1-7,11H",esper_benchmark,rf_combined,esper,4.44105,3.4543703415717344,0.9804021531879706,3.41857,3.8649356297370745,0.4153956651969791,330.16927,380.46864634662086,64.25711202074925
CCCCOCCC(=O)OCCCC,"InChI=1S/C11H22O3/c1-3-5-8-13-10-7-11(12)14-9-6-4-2/h3-10H2,1-2H3",esper_benchmark,rf_combined,esper,7.63407,5.854448776854303,1.1862201447649185,3.39225,3.683930023143176,0.2267707786708345,220.40783,255.13367427059052,26.950254329366842
CCC1=CCCCC1,"InChI=1S/C8H14/c1-2-8-6-4-3-5-7-8/h6H,2-5,7H2,1H3",esper_benchmark,rf_combined,esper,3.47909,3.01162831702564,0.5743911333913067,3.72671,3.993694194521101,0.30491912561536066,267.1758,301.4964364960002,37.809432102085026
OCC=CCO,"InChI=1S/C4H8O2/c5-3-1-2-4-6/h1-2,5-6H,3-4H2",esper_benchmark,rf_combined,esper,9.22413,2.921347529921761,1.0653760347537085,2.04262,3.692197517925045,0.5835797591904816,76.2363,284.7831858800671,85.84219636762487
CCCC1CCCC1,"InChI=1S/C8H16/c1-2-5-8-6-3-4-7-8/h8H,2-7H2,1H3",esper_benchmark,rf_combined,esper,3.27518,3.0515021421492383,0.4817042239579739,3.8972,3.948136575884541,0.11517361826135854,270.00464,277.6904167395586,12.439745164269487
Cc1ccc(C)cc1,"InChI=1S/C8H10/c1-7-3-5-8(2)6-4-7/h3-6H,1-2H3",combined_benchmark,rf_combined,combined,3.12139,3.169354101178402,0.21643460360474653,3.78548,3.7628380599691638,0.0644048881248407,286.60798,286.62967773934827,11.307105042652115
OCCNCCNCCO,"InChI=1S/C6H16N2O2/c9-5-3-7-1-2-8-4-6-10/h7-10H,1-6H2",combined_benchmark,rf_combined,combined,4.38495,4.901555721842873,1.7678984080350104,3.65422,3.602148819243674,0.6130672084224433,316.92695,280.6613111586845,82.37179829228168
c1ccc(C[Hg]Cc2ccccc2)cc1,"InChI=1S/2C7H7.Hg/c2*1-7-5-3-2-4-6-7;/h2*2-6H,1H2;",combined_benchmark,rf_combined,combined,5.711544602813593,6.82502204379673,2.8023463984709136,4.5378362762833095,3.746611415244964,0.37266343461371293,312.1249036697176,312.0941678190253,40.96169012988803
CCCCCC(C)CO,"InChI=1S/C8H18O/c1-3-4-5-6-8(2)7-9/h8-9H,3-7H2,1-2H3",combined_benchmark,rf_combined,combined,2.62364,4.2078818994752645,1.0143657806311852,4.46435,3.7293029470594785,0.2811355528445685,330.61678,164.12767772330557,67.92177867861048
CCOC(=O)CC#N,"InChI=1S/C5H7NO2/c1-2-8-5(7)3-4-6/h2-3H2,1H3",combined_benchmark,rf_combined,combined,4.45764,4.065470617827187,0.9605662903719872,3.22649,3.263245409796224,0.3583775196563258,283.2992,294.37173230261754,76.9238254601182
Cc1c[nH]c(C)c1,"InChI=1S/C6H9N/c1-5-3-6(2)7-4-5/h3-4,7H,1-2H3",combined_benchmark,rf_combined,combined,4.57531,3.871408089778448,0.9799816209879866,3.13061,3.368823061311142,0.3037602643500405,255.59742,273.3177604224881,32.850827212640326
CCCCCCCCCS,"InChI=1S/C9H20S/c1-2-3-4-5-6-7-8-9-10/h10H,2-9H2,1H3",combined_benchmark,rf_combined,combined,2.98269,4.5768166135944375,0.4950284224490695,4.5,4.026537700000003,0.1811100149569593,289.28833,287.4926219000005,8.723540523918802
Cc1ccc(O)cc1C,"InChI=1S/C8H10O/c1-6-3-4-8(9)5-7(6)2/h3-5,9H,1-2H3",combined_benchmark,rf_combined,combined,1.93625,3.06749848958228,0.8712275023990766,4.5,3.8789960668390244,0.3278795087077868,346.22103,285.4483083622452,58.412076271547804
CC1(C)CCCC1,"InChI=1S/C7H14/c1-7(2)5-3-4-6-7/h3-6H2,1-2H3",combined_benchmark,rf_combined,combined,2.86006,2.782746535245437,0.2870986685227182,3.90156,3.9566821876134814,0.10309644933630555,260.39951,270.1930876,14.577226945815182
CCCCCCCCCBr,"InChI=1S/C9H19Br/c1-2-3-4-5-6-7-8-9-10/h2-9H2,1H3",combined_benchmark,rf_combined,combined,5.10036,4.8308365,0.7260933342489447,3.70925,3.705319987182514,0.214241908168279,260.15625,271.62227329744167,17.64312389274931
FI(F)(F)(F)F,"InChI=1S/F5I/c1-6(2,3,4)5",combined_benchmark,rf_combined,combined,4.47908,2.8669036729194532,1.154029251605013,2.71264,3.786718479114963,0.315790116717181,224.82944,180.82948794371765,61.501349896629456
CC(=O)OCC(COC(C)=O)OC(C)=O,"InChI=1S/C9H14O6/c1-6(10)13-4-9(15-8(3)12)5-14-7(2)11/h9H,4-5H2,1-3H3",combined_benchmark,rf_combined,combined,7.8274,6.729162206853115,1.7430931380293468,3.20052,3.628205962182697,0.4957731327712585,234.44781,266.08574732722326,72.51291228429808
C=CCc1ccc(O)c(OC)c1,"InChI=1S/C10H12O2/c1-3-4-8-5-6-9(11)10(7-8)12-2/h3,5-7,11H,1,4H2,2H3",combined_benchmark,rf_combined,combined,2.58307,4.028462958051827,2.1969770336699344,4.47169,4.034819453273945,0.5386726580011252,354.47428,331.53709590522504,80.43463283951871
CC[Si](Cl)(Cl)CC,"InChI=1S/C4H10Cl2Si/c1-3-7(5,6)4-2/h3-4H2,1-2H3",combined_benchmark,rf_combined,combined,3.32894,3.1897989323465015,0.6921393391323699,3.90791,3.906242519153294,0.292330764416503,264.23698,263.22693239721184,32.29772190465662
c1ccc2c(c1)cnc1ccccc12,InChI=1S/C13H9N/c1-2-6-11-10(5-1)9-14-13-8-4-3-7-12(11)13/h1-9H,combined_benchmark,rf_combined,combined,3.81408,4.355653067551395,2.0828157344423404,3.90259,3.8282222866858895,0.32746872126209653,394.6459,388.9321571732439,21.566229177435194
CCCCCCCCCCCCCCN,"InChI=1S/C14H31N/c1-2-3-4-5-6-7-8-9-10-11-12-13-14-15/h2-15H2,1H3",combined_benchmark,rf_combined,combined,6.21996,5.8157890468365325,0.7188499682938987,3.91016,4.023653738345747,0.21319445254073693,266.61283,238.78431511610594,43.59745649880012
C1=CC2C3C=CC(C3)C2C1,"InChI=1S/C10H12/c1-2-9-7-4-5-8(6-7)10(9)3-1/h1-2,4-5,7-10H,3,6H2",combined_benchmark,rf_combined,combined,2.54336,3.409252041746991,0.7447153379444368,4.21529,3.9874577498787067,0.22940281329057724,350.27415,304.1336016454849,37.632989186727926
CC(Br)CBr,"InChI=1S/C3H6Br2/c1-3(5)2-4/h3H,2H2,1H3",combined_benchmark,rf_combined,combined,2.7684,2.781505699356147,0.34442906585034233,3.72247,3.7746558028927812,0.2550146784366158,313.7478,308.0336226059003,21.813550007567603
CO[Si](C)(C)OC,"InChI=1S/C4H12O2Si/c1-5-7(3,4)6-2/h1-4H3",combined_benchmark,rf_combined,combined,3.69521,3.3180996926912343,0.8857889119584622,3.62922,3.896114981812555,0.5423606121906485,221.1442,263.47788829824,47.51623281673925
CC(C)I,"InChI=1S/C3H7I/c1-3(2)4/h3H,1-2H3",combined_benchmark,rf_combined,combined,2.24416,2.3614279048983993,0.20127139946120887,3.91132,3.7470808964377817,0.1762383467500164,304.3131,300.0667965038466,26.156179363541035
OO,InChI=1S/H2O2/c1-2/h1-2H,combined_benchmark,rf_combined,combined,3.12821,2.056464874039848,1.006558070045434,2.17312,2.7402604000010253,0.4440570169621774,159.79095,185.1741058389586,100.09484529920944
CC(C)C1CCCC1,"InChI=1S/C8H16/c1-7(2)8-5-3-4-6-8/h7-8H,3-6H2,1-2H3",combined_benchmark,rf_combined,combined,2.92875,2.9081950448992795,0.347562059411991,4.04986,3.9940083480364468,0.093925771177076,283.74552,280.53696571693285,11.941175090140922
[AsH3],InChI=1S/AsH3/h1H3,combined_benchmark,rf_combined,combined,1.04468,1.475157799999999,0.3282882749797196,3.96443,3.3745158590661135,0.32216629822975873,290.02617,238.92371579999977,41.7306154985545
CC=NO,"InChI=1S/C2H5NO/c1-2-3-4/h2,4H,1H3",combined_benchmark,rf_combined,combined,4.22473,2.682166923698929,0.7975186141938962,2.68578,3.335365825754516,0.43392004216215746,205.65451,278.5706553360218,91.65285677515955
CC(C)(C)C(=O)O,"InChI=1S/C5H10O2/c1-5(2,3)4(6)7/h1-3H3,(H,6,7)",combined_benchmark,rf_combined,combined,5.93129,3.449415357916844,0.9768474604125962,2.92747,3.511467237516847,0.48647648537770366,222.2911,269.0198129386781,46.81288595863736
CCCCCCCCCCC(C)CC(C)C,"InChI=1S/C16H34/c1-5-6-7-8-9-10-11-12-13-16(4)14-15(2)3/h15-16H,5-14H2,1-4H3",combined_benchmark,rf_combined,combined,6.90581,6.823883500000003,1.1711281264297044,3.87092,3.747741099999995,0.11627457384050048,239.81844,227.60662940000012,11.083881560706413
CCn1c2ccccc2c2ccccc21,"InChI=1S/C14H13N/c1-2-15-13-9-5-3-7-11(13)12-8-4-6-10-14(12)15/h3-10H,2H2,1H3",combined_benchmark,rf_combined,combined,4.77542,4.913148750515188,1.0584109504573398,3.78804,3.880307238452007,0.22121531872454234,341.28767,325.02708141714885,51.408693724298956
CCCCCCCCC(C)CC,"InChI=1S/C12H26/c1-4-6-7-8-9-10-11-12(3)5-2/h12H,4-11H2,1-3H3",combined_benchmark,rf_combined,combined,4.59616,5.4170883000000005,0.4653469499224317,4.07712,3.957777899999995,0.11754583625373555,265.03999,251.22434140806305,11.554053927583185
CCCCCS,"InChI=1S/C5H12S/c1-2-3-4-5-6/h6H,2-5H2,1H3",combined_benchmark,rf_combined,combined,2.92309,3.0737155237042875,0.3648989131808205,3.87121,3.835340761324034,0.2723380182749748,284.25802,288.9196507661045,26.605221561853664
O=[N+]([O-])c1ccc(F)cc1,InChI=1S/C6H4FNO2/c7-5-1-3-6(4-2-5)8(9)10/h1-4H,combined_benchmark,rf_combined,combined,3.28078,3.4199421702055686,0.2674219576144834,3.59254,3.551029887121843,0.1207086504910987,326.55734,303.1600971760145,41.11822248967938
CC(CO)CO,"InChI=1S/C4H10O2/c1-4(2-5)3-6/h4-6H,2-3H2,1H3",combined_benchmark,rf_combined,combined,1.53927,2.7866850635023455,1.1340441960051566,4.5,3.7427025576886472,0.5265928431831977,393.91842,286.9960524669948,80.43719536664736
CCN(CC)CC,"InChI=1S/C6H15N/c1-4-7(5-2)6-3/h4-6H2,1-3H3",combined_benchmark,rf_combined,combined,3.29493,3.340807576653316,0.5676855217018076,3.7908,3.8491041399066273,0.36906862571266175,240.45519,239.247963258243,28.670079968960998
CCCCCCCCC1CC2CC(C)CCC2CC1C,"InChI=1S/C20H38/c1-4-5-6-7-8-9-10-18-15-20-13-16(2)11-12-19(20)14-17(18)3/h16-20H,4-15H2,1-3H3",combined_benchmark,rf_combined,combined,6.2911,6.897268615675931,1.668646078960266,4.17871,4.093613471518991,0.11458431791227788,291.22064,288.3385553150431,20.335601602945086
C=CBr,"InChI=1S/C2H3Br/c1-2-3/h2H,1H2",combined_benchmark,rf_combined,combined,1.55373,2.0343038971586505,0.22599503259346057,3.86848,3.5708735318472433,0.15614179992889382,307.67039,282.8365385957631,32.26508855177488
CCCCCCCCCCOC(C)=O,"InChI=1S/C12H24O2/c1-3-4-5-6-7-8-9-10-11-14-12(2)13/h3-11H2,1-2H3",combined_benchmark,rf_combined,combined,6.49423,6.2536703600041355,0.8763822441313674,3.65401,3.638509567361871,0.1779829715851399,242.86719,238.33365303185874,9.699075900711204
O=S(=O)(O)Cl,"InChI=1S/ClHO3S/c1-5(2,3)4/h(H,2,3,4)",combined_benchmark,rf_combined,combined,1.42272,3.1818941284880986,1.1995475963729507,3.92108,3.54223861930068,0.3591668678332486,194.6078,274.2666189936939,56.03678488825633
C1CCCCCCC1,InChI=1S/C8H16/c1-2-4-6-8-7-5-3-1/h1-8H2,combined_benchmark,rf_combined,combined,2.93798,2.931825715629166,0.4195623758290451,3.97827,3.931518500547923,0.3447239425964097,303.94822,298.40319970000013,31.215939815952694
CCC[Ge](CCC)(CCC)CCC,"InChI=1S/C12H28Ge/c1-5-9-13(10-6-2,11-7-3)12-8-4/h5-12H2,1-4H3",combined_benchmark,rf_combined,combined,5.89559,6.658781312629121,1.3846874883246842,3.90291,3.9554161476430947,0.2139875550200765,241.05822,241.64694433217312,36.72275021182402
Cl[Si](Cl)(Cl)Cl,"InChI=1S/Cl4Si/c1-5(2,3)4",combined_benchmark,rf_combined,combined,2.58094,2.4734204037957315,0.7550031828258897,3.8323,3.8228296717478276,0.26476900652955143,254.38238,278.54053644892576,51.44011282169607
CCC=CC(C)(C)C,"InChI=1S/C8H16/c1-5-6-7-8(2,3)4/h6-7H,5H2,1-4H3",combined_benchmark,rf_combined,combined,3.62903,3.3655276481976153,0.36218662160549386,3.84198,3.9597750596745227,0.1387420852188477,233.29859,253.7685127389716,12.873575195859512
COC(=O)CCCCCCCC(=O)OC,"InChI=1S/C11H20O4/c1-14-10(12)8-6-4-3-5-7-9-11(13)15-2/h3-9H2,1-2H3",combined_benchmark,rf_combined,combined,7.18912,6.822293028864181,0.9784548926474149,3.45916,3.500436258299682,0.2741434173337413,248.23006,240.65960370296068,25.587050048808326
CF,InChI=1S/CH3F/c1-2/h1H3,combined_benchmark,rf_combined,combined,2.0437,2.1149306720822256,0.4370909808986697,2.89783,2.914763200000779,0.26875622302583946,152.84981,203.61105746224334,56.024843222471496
FC(F)(F)C(F)(F)C(F)(F)C(F)(F)C(F)(F)C(F)(F)C(F)(F)C(F)(F)C(F)(F)F,"InChI=1S/C9F20/c10-1(11,2(12,13)4(16,17)6(20,21)8(24,25)26)3(14,15)5(18,19)7(22,23)9(27,28)29",combined_benchmark,rf_combined,combined,6.50662,6.209757567331761,0.5838801381056968,3.72925,3.8270291118790136,0.0713459897605509,180.65081,188.48280480000008,7.505758747376371
COP(C)(=O)OC,"InChI=1S/C3H9O3P/c1-5-7(3,4)6-2/h1-3H3",combined_benchmark,rf_combined,combined,3.8572,3.5079730030612946,0.6752663486210656,3.37305,3.6765997503288275,0.37712488610449324,288.31614,256.3890888432277,33.140795469532094
CC(C)=CCC/C(C)=C/CO,"InChI=1S/C10H18O/c1-9(2)5-4-6-10(3)7-8-11/h5,7,11H,4,6,8H2,1-3H3/b10-7+",combined_benchmark,rf_combined,combined,7.600208640901249,3.5949251422285573,1.1922346798143617,3.14035169645584,4.183442248545099,0.39903782139710176,224.1667344897469,310.3194980106048,46.96486679745298
ClSCl,InChI=1S/Cl2S/c1-3-2,combined_benchmark,rf_combined,combined,2.11157,2.0474874,0.3771811133331573,3.40861,3.6018396261353662,0.2855244923027883,305.13997,315.67253247250653,44.60749249321264
CCCCOC(=O)c1ccc(C(=O)OCCCC)cc1,"InChI=1S/C16H22O4/c1-3-5-11-19-15(17)13-7-9-14(10-8-13)16(18)20-12-6-4-2/h7-10H,3-6,11-12H2,1-2H3",combined_benchmark,rf_combined,combined,7.70104,6.975610658047381,1.1104994650071756,3.65909,3.7191062844998664,0.24719183794787494,270.08074,269.3260442831768,17.661779071537808
C1=CCC=CC1,"InChI=1S/C6H8/c1-2-4-6-5-3-1/h1-2,5-6H,3-4H2",combined_benchmark,rf_combined,combined,2.591,2.7127227452411735,0.23906770677232725,3.63991,3.74187850698141,0.1857152934999413,285.76392,286.3083568248816,28.416793887910398
CCCCCCCCC1CCCCC1,"InChI=1S/C14H28/c1-2-3-4-5-6-8-11-14-12-9-7-10-13-14/h14H,2-13H2,1H3",combined_benchmark,rf_combined,combined,5.14602,5.263813222754517,0.7885133782908387,4.03342,3.979910799999997,0.04941901772961501,277.80431,273.90933600000005,9.02460927029376
CC(C)CCOC(=O)CC(C)C,"InChI=1S/C10H20O2/c1-8(2)5-6-12-10(11)7-9(3)4/h8-9H,5-7H2,1-4H3",combined_benchmark,rf_combined,combined,3.84758,5.4547428044567745,1.039010067356859,4.15503,3.7254579371006606,0.2864533429185258,279.37646,238.43314831442456,17.549839037088525
CCC=C(C)C=O,"InChI=1S/C6H10O/c1-3-4-6(2)5-7/h4-5H,3H2,1-2H3",combined_benchmark,rf_combined,combined,17.08586,3.272525368811698,0.636783533536322,1.98844,3.6012217850915054,0.2502662115037834,139.20819,248.68610252863868,26.454026690002514
[N-]=[N+]=O,InChI=1S/N2O/c1-2-3,combined_benchmark,rf_combined,combined,2.14378,2.423707023731085,0.812157261116981,2.76991,2.9338221000000027,0.4546138133587562,168.52257,178.48905566632658,83.79235496351029
O=C1CCC2COC1O2,"InChI=1S/C6H8O3/c7-5-2-1-4-3-8-6(5)9-4/h4,6H,1-3H2",combined_benchmark,rf_combined,combined,3.66204,3.63690299402088,0.9465579563150229,3.42079,3.4674868818217304,0.3417392154143007,329.22522,331.6253556780233,42.36746854698594
CCC1CCC(=O)O1,"InChI=1S/C6H10O2/c1-2-5-3-4-6(7)8-5/h5H,2-4H2,1H3",combined_benchmark,rf_combined,combined,3.06715,4.824555195940599,4.174208390479274,3.74185,3.4891366005916478,0.3247968020876302,358.45463,311.0990223999999,32.974875862253185
CCCCCCCC(C)CC(C)C,"InChI=1S/C13H28/c1-5-6-7-8-9-10-13(4)11-12(2)3/h12-13H,5-11H2,1-4H3",combined_benchmark,rf_combined,combined,5.67293,5.330679493673071,0.6659106014168307,3.87685,3.9761732000000007,0.09444927966776656,241.47393,249.1004625999998,7.049048540632785
C1CSC1,InChI=1S/C3H6S/c1-2-4-3-1/h1-3H2,combined_benchmark,rf_combined,combined,2.15097,2.2671689962559523,0.5689579439343955,3.58444,3.754479993254094,0.3891445553056172,326.05227,300.70808057832335,35.40512896956156
CNN,"InChI=1S/CH6N2/c1-3-2/h3H,2H2,1H3",combined_benchmark,rf_combined,combined,3.78991,2.005365382693232,0.701680688357013,2.62933,3.2865367000005064,0.5333941603085971,241.97325,234.5164929279617,70.88139096355383
[SiH3][SiH3],InChI=1S/H6Si2/c1-2/h1-2H3,combined_benchmark,rf_combined,combined,1.56359,1.9553164649605543,0.47960574907274517,3.97081,3.569391178276314,0.5043551205242707,273.14834,240.89205343755557,43.182988230507036
C=C/C=C\C=C,"InChI=1S/C6H8/c1-3-5-6-4-2/h3-6H,1-2H2/b6-5-",combined_benchmark,rf_combined,combined,2.6581189692369485,2.7897823029276587,0.3184135077197177,3.708964791824698,3.6535562739790413,0.0985856870722595,273.12403441578147,248.0448598336622,19.866896223893956
CC(C)CS,"InChI=1S/C4H10S/c1-4(2)3-5/h4-5H,3H2,1-2H3",combined_benchmark,rf_combined,combined,2.62846,2.6210440884450787,0.2833030219793611,3.7927,3.8261536726347942,0.27575412949549905,277.90311,283.84482643649613,26.721598005516082
CC(=O)C(F)(C(F)(F)F)C(F)(F)F,"InChI=1S/C5H3F7O/c1-2(13)3(6,4(7,8)9)5(10,11)12/h1H3",combined_benchmark,rf_combined,combined,4.0168594439315815,4.4694509493337184,0.6982556017895503,3.537931615724819,3.442053910281968,0.1847308099360648,194.37119893978564,187.21272723682125,15.595147293037865
CCCOCCC,"InChI=1S/C6H14O/c1-3-5-7-6-4-2/h3-6H2,1-2H3",combined_benchmark,rf_combined,combined,3.45243,3.5539058936148287,0.6494941834999545,3.70913,3.7153191232997904,0.27415732997200404,235.33454,240.55121886722102,25.738562511687785
O=C=Nc1ccccc1,InChI=1S/C7H5NO/c9-6-8-7-4-2-1-3-5-7/h1-5H,combined_benchmark,rf_combined,combined,3.04118,3.3204827705512856,0.5385293295448542,3.68196,3.557067573377444,0.19803139217818194,311.53357,311.57390817343844,33.281663223327115
CCC(=O)CC,"InChI=1S/C5H10O/c1-3-5(6)4-2/h3-4H2,1-2H3",combined_benchmark,rf_combined,combined,3.30248,3.239403070659366,0.4764989921527673,3.48706,3.469249509762918,0.17803731027032219,248.98034,246.05633376080553,17.31757255019807
COC1CCCC1,"InChI=1S/C6H12O/c1-7-6-4-2-3-5-6/h6H,2-5H2,1H3",combined_benchmark,rf_combined,combined,3.09647,2.881624339421013,0.5589397630059466,3.68029,3.7083042324489695,0.3732247206005758,265.19482,294.02930279751706,27.54852823362346
CCCCC(CC)COC(=O)CCCCCCCCC(=O)OCC(CC)CCCC,"InChI=1S/C26H50O4/c1-5-9-17-23(7-3)21-29-25(27)19-15-13-11-12-14-16-20-26(28)30-22-24(8-4)18-10-6-2/h23-24H,5-22H2,1-4H3",combined_benchmark,rf_combined,combined,11.85073,12.528804400000006,4.2939694463620315,3.81642,3.8377540968716084,0.40106361256418216,245.22057,245.23972543175128,44.07108094499538
CCCCCCC(C)O,"InChI=1S/C8H18O/c1-3-4-5-6-7-8(2)9/h8-9H,3-7H2,1-2H3",combined_benchmark,rf_combined,combined,3.52503,4.084959509484495,0.8266539105873465,4.002,3.757893013874918,0.2555026829491249,277.11137,253.64225892623872,32.42924866459416
O=CC(Cl)(Cl)Cl,"InChI=1S/C2HCl3O/c3-2(4,5)1-6/h1H",combined_benchmark,rf_combined,combined,3.4748,2.762832650271784,0.5928988888488353,3.31851,3.626284280856911,0.35261787328428634,245.55778,271.60979392924696,33.44244423515574
CCOC(=O)CC,"InChI=1S/C5H10O2/c1-3-5(6)7-4-2/h3-4H2,1-2H3",combined_benchmark,rf_combined,combined,3.90764,3.690373138650131,0.36255189553743256,3.37142,3.4110944320019754,0.1087134372011442,229.26569,234.05056603637374,7.918620686261403
CCCCCCCCCCCCCCCCCCC(C)CC,"InChI=1S/C22H46/c1-4-6-7-8-9-10-11-12-13-14-15-16-17-18-19-20-21-22(3)5-2/h22H,4-21H2,1-3H3",combined_benchmark,rf_combined,combined,9.17236,9.055499699999995,1.0536918619752695,3.90739,3.8768555999999963,0.12710778697876854,249.07771,249.11100290000016,12.791029512923208
CCCOC(=O)CCC,"InChI=1S/C7H14O2/c1-3-5-7(8)9-6-4-2/h3-6H2,1-2H3",combined_benchmark,rf_combined,combined,4.27121,4.403341484381925,0.32113964132060585,3.59938,3.599861536455652,0.23813422896935177,241.48775,242.04517714220063,14.374392448439608
Cc1cccc(C#N)c1,"InChI=1S/C8H7N/c1-7-3-2-4-8(5-7)6-9/h2-5H,1H3",combined_benchmark,rf_combined,combined,1.4764552341144903,3.2167352852287574,0.5895046755576441,4.940706897345999,3.7466732798249462,0.28176780230917053,523.4448824269582,318.95371697934405,37.923139398087784
Oc1ccccc1Cl,"InChI=1S/C6H5ClO/c7-5-3-1-2-4-6(5)8/h1-4,8H",combined_benchmark,rf_combined,combined,3.3498,3.8387439120497624,0.6034042497594776,3.4928,3.4845600598656508,0.37593821915415165,306.49192,321.0229062,48.52624112896564
CC(C)COP(=O)(OCC(C)C)OCC(C)C,"InChI=1S/C12H27O4P/c1-10(2)7-14-17(13,15-8-11(3)4)16-9-12(5)6/h10-12H,7-9H2,1-6H3",combined_benchmark,rf_combined,combined,5.9554,6.503764222557327,1.467279137757311,4.00632,3.7738670634517826,0.3295090944669203,261.3928,244.8681376030793,24.33868513838205
CC1CCCCC1C,"InChI=1S/C8H16/c1-7-5-3-4-6-8(7)2/h7-8H,3-6H2,1-2H3",combined_benchmark,rf_combined,combined,2.70932,2.873560195714075,0.18116745025207462,4.12773,4.073152577215263,0.08036657541107205,299.99157,288.47547462471016,12.15700478466503
FC(F)(Cl)C(F)(F)Cl,"InChI=1S/C2Cl2F4/c3-1(5,6)2(4,7)8",combined_benchmark,rf_combined,combined,2.7784,2.9011792387066198,0.46977622553498066,3.64165,3.573839854965213,0.315772365099713,202.49941,230.30089020000017,48.70110446670843
CCCCCCCCOC=O,"InChI=1S/C9H18O2/c1-2-3-4-5-6-7-8-11-9-10/h9H,2-8H2,1H3",combined_benchmark,rf_combined,combined,5.05811,5.17905075423881,0.9453405292612499,3.64662,3.567904305998722,0.19092760372976392,249.70825,243.41186871610614,13.057890477309574
C#CC,"InChI=1S/C3H4/c1-3-2/h1H,2H3",combined_benchmark,rf_combined,combined,2.39289,2.098888847018406,0.43081603283608105,3.15096,3.3826582000000003,0.20540924982278672,208.71275,205.50533476085482,44.01358466538097
CNc1ccccc1,"InChI=1S/C7H9N/c1-8-7-5-3-2-4-6-7/h2-6,8H,1H3",combined_benchmark,rf_combined,combined,2.72168,3.551076821757567,0.6697913543187952,3.86206,3.637025453400661,0.2794806697088873,302.8269,313.11498382009614,37.2976255407277
CCCCN=C=O,"InChI=1S/C5H9NO/c1-2-3-4-6-5-7/h2-4H2,1H3",combined_benchmark,rf_combined,combined,4.62351,3.295652826360012,0.4819517107871776,3.14392,3.5308068172699048,0.22279675557946563,219.06805,262.006081786182,48.08520143562952
CC(F)F,"InChI=1S/C2H4F2/c1-2(3)4/h2H,1H3",combined_benchmark,rf_combined,combined,2.57721,2.420615970013822,0.2829461984808904,3.15564,3.149012471740928,0.310429215109123,180.47936,212.4021814003134,59.57864001087551
O=C1C=CC(=O)O1,InChI=1S/C4H2O3/c5-3-1-2-4(6)7-3/h1-2H,combined_benchmark,rf_combined,combined,3.00335,3.1898893977626046,1.051253613570531,3.27402,3.1599134316640005,0.30527912011012176,320.56081,310.60496331913146,60.53775397421899
C=Cc1ccccc1C,"InChI=1S/C9H10/c1-3-9-7-5-4-6-8(9)2/h3-7H,1H2,2H3",combined_benchmark,rf_combined,combined,3.57059,3.3708661799364474,0.3008150787548251,3.68275,3.850733932188965,0.24228343565769608,287.4741,314.24910479412074,23.613484536963114
OCCCc1ccccc1,"InChI=1S/C9H12O/c10-8-4-7-9-5-2-1-3-6-9/h1-3,5-6,10H,4,7-8H2",combined_benchmark,rf_combined,combined,4.50376,4.111949921816737,1.3186261847152365,3.52814,3.7517118832856164,0.38327083288088815,292.94532,320.51745852292936,54.129887418803996
CC(C)(Cl)Cl,"InChI=1S/C3H6Cl2/c1-3(2,4)5/h1-2H3",combined_benchmark,rf_combined,combined,2.6563162368545985,2.519665485135744,0.3524720268265651,3.688452863100903,3.7293178269044853,0.1737401182305301,263.04266468862863,268.0860091537692,18.222716073881454
CCCCCCNCCCCCC,"InChI=1S/C12H27N/c1-3-5-7-9-11-13-12-10-8-6-4-2/h13H,3-12H2,1-2H3",combined_benchmark,rf_combined,combined,3.66449,4.996465272973284,0.709607417149305,4.5,4.135302411969853,0.2750917091762022,262.55031,255.02969600021981,31.956629089849173
Cc1ccc(C(C)(C)C)cc1,"InChI=1S/C11H16/c1-9-5-7-10(8-6-9)11(2,3)4/h5-8H,1-4H3",combined_benchmark,rf_combined,combined,3.84456,3.824657204620126,0.4934112842508339,3.95814,3.9554355031683923,0.11373562024151823,283.89577,275.56039953810597,13.659441243881844
CCCCCCS,"InChI=1S/C6H14S/c1-2-3-4-5-6-7/h7H,2-6H2,1H3",combined_benchmark,rf_combined,combined,3.17419,3.35172290491505,0.6128489082182588,3.94841,4.041147156474134,0.33411200155756066,273.50631,288.44901832155523,17.706901649935652
Cc1ccc2c(c1)CCC2,"InChI=1S/C10H12/c1-8-5-6-9-3-2-4-10(9)7-8/h5-7H,2-4H2,1H3",combined_benchmark,rf_combined,combined,2.72989,3.5035897675513894,0.42996227395972336,4.1746,3.918135439612801,0.21091313947150406,356.96095,290.9327829414834,28.479692381011482
C[Si](C)(C)O[Si](C)(C)O[Si](C)(C)C,"InChI=1S/C8H24O2Si3/c1-11(2,3)9-13(7,8)10-12(4,5)6/h1-8H3",combined_benchmark,rf_combined,combined,5.25135,6.131177555501656,2.3084118446002324,4.15321,4.283781440248003,0.33155210581538835,211.29842,231.54661935287237,38.42779976997873
CCOC(=O)CCC(=O)OCC,"InChI=1S/C8H14O4/c1-3-11-7(9)5-6-8(10)12-4-2/h3-6H2,1-2H3",combined_benchmark,rf_combined,combined,5.73177,5.72983057951905,1.1262922274720262,3.42322,3.473810266384155,0.11012446339781704,247.11955,251.43451148043903,14.903430773177783
C=CCCC,"InChI=1S/C5H10/c1-3-5-4-2/h3H,1,4-5H2,2H3",combined_benchmark,rf_combined,combined,2.47815,2.635123877406636,0.3109163413930903,3.80288,3.754052281152164,0.1364779729883637,238.16333,234.215987360262,6.352507599787736
CCCC(C)Cl,"InChI=1S/C5H11Cl/c1-3-4-5(2)6/h5H,3-4H2,1-2H3",combined_benchmark,rf_combined,combined,1.4483950217285928,2.479325581908515,0.6132357303150117,4.881876507783337,4.166266724920112,0.5411072062500362,400.5006571048146,306.36027440049077,59.01896492086384
CCC(C)Br,"InChI=1S/C4H9Br/c1-3-4(2)5/h4H,3H2,1-2H3",combined_benchmark,rf_combined,combined,1.2274288671114402,2.7578731032494024,0.27164980349703466,4.98607085937079,3.8063695399771267,0.2495204804960106,439.53660006458387,291.2279174912474,28.423336440695262
CCCCCCCCN=[N+]=[N-],"InChI=1S/C8H17N3/c1-2-3-4-5-6-7-8-10-11-9/h2-8H2,1H3",combined_benchmark,rf_combined,combined,5.27651,4.9460407754677185,1.854240732365265,3.58766,4.236007322740723,0.5735354205925998,243.84868,279.1683871865205,71.36683521375993
CC12CCC(C1)C(C)(C)C2=O,"InChI=1S/C10H16O/c1-9(2)7-4-5-10(3,6-7)8(9)11/h7H,4-6H2,1-3H3",combined_benchmark,rf_combined,combined,3.730093899013095,3.655770265647728,0.8823406751703263,3.91097889441932,3.9571714282321024,0.2840390148775449,290.2719114281936,301.1285338143262,28.529932756851604
COP(=O)(OC)OC,"InChI=1S/C3H9O4P/c1-5-8(4,6-2)7-3/h1-3H3",combined_benchmark,rf_combined,combined,3.96389,3.7465161638378817,0.7658826739161512,3.43838,3.567557092656122,0.2077982742081152,285.01204,254.65350696785674,32.219650513262664
O=CC=Cc1ccccc1,InChI=1S/C9H8O/c10-8-4-7-9-5-2-1-3-6-9/h1-8H,combined_benchmark,rf_combined,combined,4.56164,4.222840006021666,1.4663736704420247,3.33575,3.725802507659907,0.45792935100135745,304.2789,329.0881837883237,61.74110314244788
ClC1CCCC1,"InChI=1S/C5H9Cl/c6-5-3-1-2-4-5/h5H,1-4H2",combined_benchmark,rf_combined,combined,2.88777,2.511297298368319,0.49380451796271746,3.63855,3.8176784718470564,0.3222079815318291,284.97726,299.37816461454435,32.3812519813398
C=CC(=O)OCC(CC)CCCC,"InChI=1S/C11H20O2/c1-4-7-8-10(5-2)9-13-11(12)6-3/h6,10H,3-5,7-9H2,1-2H3",combined_benchmark,rf_combined,combined,4.56886,5.970521890579842,0.8789466932105826,3.98014,3.801620323434413,0.33036626028663774,272.06264,262.16733204873776,46.237002487659204
ClCCCCCCl,InChI=1S/C5H10Cl2/c6-4-2-1-3-5-7/h1-5H2,combined_benchmark,rf_combined,combined,3.91414,3.6086306441691587,0.7482657299463148,3.55572,3.6548159761276278,0.19615802359882173,280.84797,288.3679086706231,31.747936842874005
CCCCCCCCCCCCCCCCCCCl,"InChI=1S/C18H37Cl/c1-2-3-4-5-6-7-8-9-10-11-12-13-14-15-16-17-18-19/h2-18H2,1H3",combined_benchmark,rf_combined,combined,8.0089,8.142207469072574,1.4691405498292194,3.89362,3.858785999999999,0.14394420557980092,261.44599,263.03494588417925,35.281227498331695
ClC(Cl)(Cl)Br,"InChI=1S/CBrCl3/c2-1(3,4)5",combined_benchmark,rf_combined,combined,2.19573,2.5182385916910865,0.7233334265063365,3.90927,3.7999910330680966,0.29270589677729714,328.03159,319.05498827934395,34.05702241974144
FC(F)(F)C(F)(Cl)Cl,"InChI=1S/C2Cl2F4/c3-1(4,5)2(6,7)8",combined_benchmark,rf_combined,combined,2.68124,2.872295430022038,0.2948821328458971,3.68922,3.608713872713569,0.28003129090862117,206.24136,210.05805179766173,29.926940900507525
C1CCC2CCCC2C1,"InChI=1S/C9H16/c1-2-5-9-7-3-6-8(9)4-1/h8-9H,1-7H2",combined_benchmark,rf_combined,combined,2.9803,3.100460065241455,0.4170464725693131,4.02794,4.050653757594942,0.14736708089598885,313.00964,303.3789448345102,27.114290383762032
C=CCOC(=O)c1ccccc1C(=O)OCC=C,"InChI=1S/C14H14O4/c1-3-9-17-13(15)11-7-5-6-8-12(11)14(16)18-10-4-2/h3-8H,1-2,9-10H2",combined_benchmark,rf_combined,combined,13.65216,6.163669648581247,1.5038615953060146,2.78017,3.731418380011949,0.3566960109841422,199.55529,323.99096041589615,67.84550629989563
CCCC(CC)CC,"InChI=1S/C8H18/c1-4-7-8(5-2)6-3/h8H,4-7H2,1-3H3",combined_benchmark,rf_combined,combined,3.53517,3.446933593081983,0.39972734227557244,3.90208,3.9539209379422333,0.16344330671969912,248.39319,250.15530589213515,23.08942146892364
CC=CC(C)(C)C,"InChI=1S/C7H14/c1-5-6-7(2,3)4/h5-6H,1-4H3",combined_benchmark,rf_combined,combined,2.92104,2.8324118985786275,0.34824367967274333,3.95701,3.9369191838610726,0.11600722865879337,249.92459,249.9441594682404,12.139005599059711
CCCCCC(=O)CC,"InChI=1S/C8H16O/c1-3-5-6-7-8(9)4-2/h3-7H2,1-2H3",combined_benchmark,rf_combined,combined,4.24072,4.303422701149461,0.6619508338956507,3.67612,3.5720423193548516,0.16867802348088104,255.87651,248.17268556667602,14.008907997640407
Cc1ccc(C(C)C)c(O)c1,"InChI=1S/C10H14O/c1-7(2)9-5-4-8(3)6-10(9)11/h4-7,11H,1-3H3",combined_benchmark,rf_combined,combined,2.85441,3.0349811646490474,1.1043532152072018,4.32507,4.193163062640373,0.5542373932254179,360.79953,317.2182767346032,78.17453420976342
NCCCN,InChI=1S/C3H10N2/c4-2-1-3-5/h1-5H2,combined_benchmark,rf_combined,combined,1.92787,2.7589999663499976,1.147017792569466,4.0231,3.575661305346405,0.50229141219264,342.73325,224.34716350548834,105.02520892498953
CCCO,"InChI=1S/C3H8O/c1-2-3-4/h4H,2-3H2,1H3",combined_benchmark,rf_combined,combined,3.64801,2.565328847169358,0.8304006019733663,3.01354,3.4473491986206612,0.46426260233450944,213.86818,270.22060383248754,77.42239217353297
C1=CCCC=CCCC=CCC1,"InChI=1S/C12H18/c1-2-4-6-8-10-12-11-9-7-5-3-1/h1-2,7-10H,3-6,11-12H2",combined_benchmark,rf_combined,combined,2.87939,4.303185383350891,0.9528770738761977,4.5,3.91576287946065,0.1991571379663805,365.86498,300.4819527935898,33.881194925030314
CCCCCCCCC(C)CC(C)CC(C)C,"InChI=1S/C17H36/c1-6-7-8-9-10-11-12-16(4)14-17(5)13-15(2)3/h15-17H,6-14H2,1-5H3",combined_benchmark,rf_combined,combined,9.2682,7.957134599999989,1.2261347237864357,3.54405,3.7282582999999945,0.10148333156784914,211.93319,226.94276800000017,7.550065011576662
CCC(C)C(C)C,"InChI=1S/C7H16/c1-5-7(4)6(2)3/h6-7H,5H2,1-4H3",combined_benchmark,rf_combined,combined,3.01421,3.1609773276274127,0.2700092208353173,3.95476,3.9788325199285532,0.1564841133050511,252.04445,253.07978801610577,13.536494050250852
FC(Cl)C(F)(F)C(F)(F)Cl,"InChI=1S/C3HCl2F5/c4-1(6)2(7,8)3(5,9)10/h1H",combined_benchmark,rf_combined,combined,2.77618,4.446555535960588,1.9492656269432622,3.88512,3.6728695216885665,0.47811205114747113,238.17817,229.18018633864097,39.88446117519016
CC(C)COC(C)OCC(C)C,"InChI=1S/C10H22O2/c1-8(2)6-11-10(5)12-7-9(3)4/h8-10H,6-7H2,1-5H3",combined_benchmark,rf_combined,combined,3.097413273737514,4.966490769601653,0.8984151607436264,4.550731423347151,3.8743307429446325,0.29679475866078986,295.98159936785817,237.29062677322418,13.369157499042382
CCOC(=O)c1ccccc1C(=O)OCC,"InChI=1S/C12H14O4/c1-3-15-11(13)9-7-5-6-8-10(9)12(14)16-4-2/h5-8H,3-4H2,1-2H3",combined_benchmark,rf_combined,combined,6.13936,6.428858015094786,1.2015362024721694,3.58305,3.8142248035846973,0.47533007626277113,277.05822,299.16136005125054,71.47763088475844
CCCOC,"InChI=1S/C4H10O/c1-3-4-5-2/h3-4H2,1-2H3",combined_benchmark,rf_combined,combined,2.84575,2.944803548275906,0.4101850877357482,3.53881,3.4794328277034667,0.181055034722291,228.63459,231.79126833158273,12.32904664700812
CC(O)CCO,"InChI=1S/C4H10O2/c1-4(6)2-3-5/h4-6H,2-3H2,1H3",combined_benchmark,rf_combined,combined,3.16848,3.0031412793449506,1.111515003288376,3.48257,3.550439907723295,0.5082416269846242,278.45358,266.2160988833791,49.23154476781763
CCCCCCCCC=CCCCCCCCC(=O)O,"InChI=1S/C18H34O2/c1-2-3-4-5-6-7-8-9-10-11-12-13-14-15-16-17-18(19)20/h9-10H,2-8,11-17H2,1H3,(H,19,20)",combined_benchmark,rf_combined,combined,12.31107,8.874509653827001,1.3959308644544137,3.29467,3.7664877070593525,0.28844975093716424,227.04936,251.26226916361415,27.218597241950377
CC(C)Br,"InChI=1S/C3H7Br/c1-3(2)4/h3H,1-2H3",combined_benchmark,rf_combined,combined,2.16309,2.392219823421927,0.17780579452909603,3.84311,3.69936188348504,0.21565114420643322,281.23985,284.16439278583874,27.547620112960413
C=Cc1ccccc1,"InChI=1S/C8H8/c1-2-8-6-4-3-5-7-8/h2-7H,1H2",combined_benchmark,rf_combined,combined,3.08735,3.120333430358293,0.32583091806445513,3.71027,3.7534683158993927,0.22518395486364853,295.82828,306.7384201200961,29.243865188166318
CC1CCCCC1,"InChI=1S/C7H14/c1-7-5-3-2-4-6-7/h7H,2-6H2,1H3",combined_benchmark,rf_combined,combined,2.66045,2.654774281048313,0.27726936055633183,3.9956,3.9849704430379815,0.15316683948897736,282.31227,278.6193439277208,14.401900728704424
c1cc2c3c(ccc4c3c1CCC4)CCC2,"InChI=1S/C16H16/c1-3-11-7-9-13-5-2-6-14-10-8-12(4-1)15(11)16(13)14/h7-10H,1-6H2",combined_benchmark,rf_combined,combined,4.09989,4.4496142883263206,0.7225459504978329,4.07796,4.043614937312689,0.18793138806618795,382.73168,343.57240946516924,53.3734366633102
C1=CCCC1,"InChI=1S/C5H8/c1-2-4-5-3-1/h1-2H,3-5H2",combined_benchmark,rf_combined,combined,2.29725,2.4460986920487837,0.3476335405298667,3.66273,3.6207945166268907,0.14443478876884522,267.52314,286.2804227836545,34.407403692064875
C=CCOc1ccccc1,"InChI=1S/C9H10O/c1-2-8-10-9-6-4-3-5-7-9/h2-7H,1,8H2",combined_benchmark,rf_combined,combined,4.14113,4.277423006210701,1.3805723899843982,3.57248,3.5992479121069865,0.4418526039383796,278.08668,302.73167107289174,54.884777829294826
CCCCC#N,"InChI=1S/C5H9N/c1-2-3-4-5-6/h2-4H2,1H3",combined_benchmark,rf_combined,combined,3.06141,2.9366973004453683,0.45108754586722816,3.60744,3.620800449677122,0.17384112478593897,268.05876,284.55853576987585,38.622121892213556
c1ccc(-c2ccc(-c3ccccc3)cc2)cc1,InChI=1S/C18H14/c1-3-7-15(8-4-1)17-11-13-18(14-12-17)16-9-5-2-6-10-16/h1-14H,combined_benchmark,rf_combined,combined,5.79208,5.381701764574328,0.6452256370390439,3.75448,3.8675476745061363,0.11161754211540659,329.83425,325.2372901999997,25.021478226090395
Br,InChI=1S/BrH/h1H,combined_benchmark,rf_combined,combined,1.39367,1.4479722999999995,0.2096408883250354,3.25377,3.3728261503683625,0.3554556329306501,242.22684,265.9588067192326,36.20504851317563
OCCO,"InChI=1S/C2H6O2/c3-1-2-4/h3-4H,1-2H2",combined_benchmark,rf_combined,combined,1.71084,2.0314125,1.0942804853568164,3.73481,3.616576074758558,0.6613674677795343,354.18312,266.22871843492567,102.98181198198725
CCc1cc(C)c(C)cc1C,"InChI=1S/C11H16/c1-5-11-7-9(3)8(2)6-10(11)4/h6-7H,5H2,1-4H3",combined_benchmark,rf_combined,combined,4.34919,4.3436090542176595,1.0000920468077215,3.77356,3.781163099999711,0.1997847201381822,278.84524,277.3839447663537,19.465376355114795
CC(C)(C)c1ccccc1,"InChI=1S/C10H14/c1-10(2,3)9-7-5-4-6-8-9/h4-8H,1-3H3",combined_benchmark,rf_combined,combined,3.54993,3.4659420830115892,0.31408796916829845,3.91102,3.9300679579231246,0.1572899551725244,282.96496,282.8535989088703,13.489403992597198
C=C(CC)C(C)C,"InChI=1S/C7H14/c1-5-7(4)6(2)3/h6H,4-5H2,1-3H3",combined_benchmark,rf_combined,combined,2.99671,2.991058017159164,0.3567391948029296,3.90987,3.85797699999103,0.18943812581479297,251.86707,249.216335078719,24.227420394037498
CC(=O)CCCC(C)CCCC(C)C,"InChI=1S/C13H26O/c1-11(2)7-5-8-12(3)9-6-10-13(4)14/h11-12H,5-10H2,1-4H3",combined_benchmark,rf_combined,combined,6.04072,5.404276436238814,1.3024156695890847,3.79145,4.27242074085659,0.5522274262186937,252.86412,293.6305471489011,55.99248444173749
CCCCCCOC(C)=O,"InChI=1S/C8H16O2/c1-3-4-5-6-7-10-8(2)9/h3-7H2,1-2H3",combined_benchmark,rf_combined,combined,4.9882,4.773458682557175,0.3037255679793844,3.54206,3.5754234000000027,0.10014927081332145,237.57314,240.4915407000001,10.189950234463977
CCCC(=O)OCC(COC(=O)CCC)OC(=O)CCC,"InChI=1S/C15H26O6/c1-4-7-13(16)19-10-12(21-15(18)9-6-3)11-20-14(17)8-5-2/h12H,4-11H2,1-3H3",combined_benchmark,rf_combined,combined,9.53809,8.019259298733349,1.742118897365825,3.47201,3.714211830283,0.3499674311832364,231.64577,260.51606422694226,58.09239499066632
COC(C)OC,"InChI=1S/C4H10O2/c1-4(5-2)6-3/h4H,1-3H3",combined_benchmark,rf_combined,combined,3.27833,3.0727421446309737,0.6799161854905548,3.44454,3.462364975495622,0.30047313658335195,228.67569,243.76599336786575,28.46327588768629
C=CCCCCC=C,"InChI=1S/C8H14/c1-3-5-7-8-6-4-2/h3-4H,1-2,5-8H2",combined_benchmark,rf_combined,combined,3.70129,3.590656547551235,0.4836988310858057,3.77256,3.771635341348093,0.16614135921810275,242.86889,240.57645379790858,21.318779270692705
CC1(O)CCCC1,"InChI=1S/C6H12O/c1-6(7)4-2-3-5-6/h7H,2-5H2,1H3",combined_benchmark,rf_combined,combined,4.47637,2.6719492011399972,0.7332973427734704,3.20867,3.7119058226484425,0.3541294613361549,234.80544,292.580938632894,53.94701274332542
C=CCC#N,"InChI=1S/C4H5N/c1-2-3-4-5/h2H,1,3H2",combined_benchmark,rf_combined,combined,2.76368,2.5902322241721625,0.41610641414069865,3.41921,3.490241459168195,0.31582448647890116,276.23149,272.66857429319964,71.3494166790617
CCC/C=C/C=O,"InChI=1S/C6H10O/c1-2-3-4-5-6-7/h4-6H,2-3H2,1H3/b5-4+",combined_benchmark,rf_combined,combined,2.7968583180437774,3.205683832560099,0.6643367504352273,3.850995199276661,3.6343016922845726,0.34537902235787415,311.2455221912347,284.32789029162285,106.57365104339999
CS(=O)(=O)O,"InChI=1S/CH4O3S/c1-5(2,3)4/h1H3,(H,2,3,4)",combined_benchmark,rf_combined,combined,1.93225,3.6822263000000026,1.1044968079416573,3.76364,3.482734544021678,0.38010703961381215,550.0,285.1925495709558,42.7371109146384
CC1(O)CCCCC1,"InChI=1S/C7H14O/c1-7(8)5-3-2-4-6-7/h8H,2-6H2,1H3",combined_benchmark,rf_combined,combined,3.18643,3.279240276640027,0.9747336841001937,3.78142,3.8073046008597253,0.41570789321606216,316.35192,288.261394352117,45.890624785971625
CO[Si](CCCCl)(OC)OC,"InChI=1S/C6H15ClO3Si/c1-8-11(9-2,10-3)6-4-5-7/h4-6H2,1-3H3",combined_benchmark,rf_combined,combined,5.06562,3.989442593950585,1.750878482881187,3.66481,3.8155866273517267,0.5124356477063874,249.80363,282.49115928002857,69.75778659414179
CCCCCCc1cccc2ccc(CCCC)cc12,"InChI=1S/C20H28/c1-3-5-7-8-11-18-12-9-13-19-15-14-17(10-6-4-2)16-20(18)19/h9,12-16H,3-8,10-11H2,1-2H3",combined_benchmark,rf_combined,combined,6.59189,6.5399496925618745,0.6956961546441554,3.98367,3.9517643745055624,0.18857829921714744,293.53713,296.66970955642086,24.64791347430745
CCCCOCC(C)C,"InChI=1S/C8H18O/c1-4-5-6-9-7-8(2)3/h8H,4-7H2,1-3H3",combined_benchmark,rf_combined,combined,3.78278,3.7266941858791927,0.8882668390586365,3.9131,3.9096076937273216,0.2918088980537455,247.26123,246.93239520938653,20.906137976164857
CC(=O)CCC(C)C,"InChI=1S/C7H14O/c1-6(2)4-5-7(3)8/h6H,4-5H2,1-3H3",combined_benchmark,rf_combined,combined,3.95598,3.7405427140461605,0.561974012112162,3.60384,3.6826669349792236,0.2914713616221793,253.74655,245.81639157620668,13.79281892039219
CCCCCCCCCCCC,"InChI=1S/C12H26/c1-3-5-7-9-11-12-10-8-6-4-2/h3-12H2,1-2H3",combined_benchmark,rf_combined,combined,5.49496,5.273370299999999,0.5539784195552295,3.83291,3.8439553000000024,0.06938244535118372,244.83939,249.63137349999982,6.782189297554642
CC(=O)CC(C)(C)O,"InChI=1S/C6H12O2/c1-5(7)4-6(2,3)8/h8H,4H2,1-3H3",combined_benchmark,rf_combined,combined,3.35724,3.558886615753961,1.0116677305941866,3.67453,3.7022326894698763,0.40366911296613733,208.73059,266.73085032163027,61.94932207238402
c1ccc2c3c(sc2c1)CCCC3,"InChI=1S/C12H12S/c1-3-7-11-9(5-1)10-6-2-4-8-12(10)13-11/h1,3,5,7H,2,4,6,8H2",combined_benchmark,rf_combined,combined,3.79202,6.84726023661844,6.763639767033833,3.99425,3.5926059628526428,0.7840534478539515,373.72292,323.5797110840112,72.83951164456022
CCOCCOCCOCC,"InChI=1S/C8H18O3/c1-3-9-5-7-11-8-6-10-4-2/h3-8H2,1-2H3",combined_benchmark,rf_combined,combined,5.08219,4.600525893539961,0.9627559422870618,3.62404,3.816992005981855,0.509958091755041,244.66882,243.93270563348065,21.190626737043633
O=P(Cl)(Cl)Cl,"InChI=1S/Cl3OP/c1-5(2,3)4",combined_benchmark,rf_combined,combined,2.69215,2.509094944434227,0.5464632567219356,3.58193,3.8091217573933456,0.2896463768186765,287.00284,289.6327918585985,44.508786185946605
FC(F)(F)C(F)(C(F)(F)F)C(F)(C(F)(F)F)C(F)(F)F,"InChI=1S/C6F14/c7-1(3(9,10)11,4(12,13)14)2(8,5(15,16)17)6(18,19)20",combined_benchmark,rf_combined,combined,4.18181,4.672439922193714,0.4312461490838829,3.78861,3.7288811828446535,0.16450288440550534,189.34699,183.96190330500139,14.55809473615219
CCCc1ccccc1,"InChI=1S/C9H12/c1-2-6-9-7-4-3-5-8-9/h3-5,7-8H,2,6H2,1H3",combined_benchmark,rf_combined,combined,3.3635,3.462306604915048,0.3437671229526072,3.84131,3.8148937038586728,0.10131813196119813,287.00112,286.0414622,6.959478475345206
CCCCCCCCCCCC(C)C,"InChI=1S/C14H30/c1-4-5-6-7-8-9-10-11-12-13-14(2)3/h14H,4-13H2,1-3H3",combined_benchmark,rf_combined,combined,5.74411,5.753501300000006,0.4738009814313496,3.97091,3.9404713000000013,0.03748497159275967,254.45835,251.80250199999995,3.791978213491738
CCCC(=O)OCc1ccco1,"InChI=1S/C9H12O3/c1-2-4-9(10)12-7-8-5-3-6-11-8/h3,5-6H,2,4,7H2,1H3",combined_benchmark,rf_combined,combined,5.24124,4.518600628263254,0.9664815786193549,3.47618,3.579802607041791,0.3313903050318229,256.19166,275.8990230072728,39.58686811814206
FC(F)(F)C(F)(F)C(Cl)Cl,"InChI=1S/C3HCl2F5/c4-1(5)2(6,7)3(8,9)10/h1H",combined_benchmark,rf_combined,combined,3.42455,3.733528957807388,0.9247938254380255,3.59595,3.658532289729515,0.3025197537060073,210.6942,234.63277879999995,37.69421085670583
COc1ccccc1OC,"InChI=1S/C8H10O2/c1-9-7-5-3-4-6-8(7)10-2/h3-6H,1-2H3",combined_benchmark,rf_combined,combined,4.29945,4.707338649450805,1.9739487409876295,3.45674,3.561100218596731,0.3805988317921881,284.87164,302.143348326561,50.14689367700417
Cl[SiH](Cl)Cl,InChI=1S/Cl3HSi/c1-4(2)3/h4H,combined_benchmark,rf_combined,combined,2.30746,2.474053897153405,0.47936588544112463,3.78481,3.685589300000004,0.2337943677005714,252.51531,257.38580302681225,30.237244130359095
CC1CCC(=O)O1,"InChI=1S/C5H8O2/c1-4-2-3-5(6)7-4/h4H,2-3H2,1H3",combined_benchmark,rf_combined,combined,3.15191,3.183414702669823,0.456162010451834,3.51901,3.5148654992783896,0.24580885587436133,313.26422,307.89746587931097,24.695375347135595
ClSSCl,InChI=1S/Cl2S2/c1-3-4-2,combined_benchmark,rf_combined,combined,1.41717,2.2354506163055277,0.4391937959862211,4.33486,3.7335380702979246,0.27712856167800437,476.16102,321.7444095972168,41.189025982200704
CN(C)C=O,"InChI=1S/C3H7NO/c1-4(2)3-5/h3H,1-2H3",combined_benchmark,rf_combined,combined,2.92214,2.9187571061885462,0.8077560154787146,3.33745,3.234591416666666,0.18233057222077204,285.39167,254.65365044256203,48.05680544053243
OCC1CC1,"InChI=1S/C4H8O/c5-3-4-1-2-4/h4-5H,1-3H2",combined_benchmark,rf_combined,combined,1.0000000001378162,2.6255702606483027,0.734401055166371,4.89250794209315,3.485447881227897,0.4429430828760091,561.6800405265167,303.20504353896956,61.57859245894188
ClC(Cl)C(Cl)Cl,InChI=1S/C2H2Cl4/c3-1(4)2(5)6/h1-2H,combined_benchmark,rf_combined,combined,3.24445,2.968259033667142,0.756019930748078,3.53114,3.7145892244786842,0.2908139836972935,290.76515,283.88812586535545,28.951842916163308
CCOC(=O)CC(C)=O,"InChI=1S/C6H10O3/c1-3-9-6(8)4-5(2)7/h3-4H2,1-2H3",combined_benchmark,rf_combined,combined,4.43685,4.383982445592124,0.7038587961024259,3.39354,3.3711978281274555,0.18667464924411956,260.76975,258.60538660361914,28.567458853225485
CCC(C)(CC)CC,"InChI=1S/C8H18/c1-5-8(4,6-2)7-3/h5-7H2,1-4H3",combined_benchmark,rf_combined,combined,3.09421,3.296992424281712,0.42349540889636683,4.06572,4.063728872066914,0.09554441405835978,266.92626,263.4725323000003,12.582753358073012
Cc1cccc(C)c1C,"InChI=1S/C9H12/c1-7-5-4-6-8(2)9(7)3/h4-6H,1-3H3",combined_benchmark,rf_combined,combined,3.37257,3.346060714460388,0.44237863354718077,3.80719,3.8194113681452837,0.19476728435617682,299.71414,285.4350873000001,31.500323822261567
CCCC(=O)CC,"InChI=1S/C6H12O/c1-3-5-6(7)4-2/h3-5H2,1-2H3",combined_benchmark,rf_combined,combined,3.6802,3.310847295868202,0.6269598439811037,3.541,3.5725290664346567,0.14425868085455976,252.67369,248.7269641636332,13.195340413254948
CC(C)CC=O,"InChI=1S/C5H10O/c1-5(2)3-4-6/h4-5H,3H2,1-2H3",combined_benchmark,rf_combined,combined,3.18638,3.0937468445416285,0.6221263602281192,3.55785,3.5343598531362432,0.22084811833255644,253.00738,242.029217589193,18.016016746373285
CC(C)(C)Cl,"InChI=1S/C4H9Cl/c1-4(2,3)5/h1-3H3",combined_benchmark,rf_combined,combined,2.31373,2.4803692464329252,0.3750860565719423,3.93067,3.767547196122316,0.29305772712615075,261.04115,263.71666876723776,35.89459132638564
CCCc1ccc(C)cc1,"InChI=1S/C10H14/c1-3-4-10-7-5-9(2)6-8-10/h5-8H,3-4H2,1-2H3",combined_benchmark,rf_combined,combined,3.71196,3.722475399999999,0.19466535843040994,3.87316,3.858549303858673,0.05654321682042491,285.65038,285.2623912999999,7.1949319300286225
CCCCCCCCCC(C)CC(C)CC(C)C,"InChI=1S/C18H38/c1-6-7-8-9-10-11-12-13-17(4)15-18(5)14-16(2)3/h16-18H,6-15H2,1-5H3",combined_benchmark,rf_combined,combined,8.50162,8.548052099999992,1.410128138591168,3.72854,3.7105471999999957,0.10204396289913482,224.77463,225.66226200000025,6.670876416691884
CN(C)CCOCCO,"InChI=1S/C6H15NO2/c1-7(2)3-5-9-6-4-8/h8H,3-6H2,1-2H3",combined_benchmark,rf_combined,combined,3.4613,3.7850582109766053,1.522294590331537,3.86302,3.8314511868856975,0.592933075776457,273.67447,279.379462479261,54.561765593292165
FC(F)(F)C(Cl)Br,"InChI=1S/C2HBrClF3/c3-1(4)2(5,6)7/h1H",combined_benchmark,rf_combined,combined,3.07638,2.823427844032387,0.6910718956329553,3.48889,3.785211340688572,0.2849617965215331,227.52797,238.47972350000006,32.40286894457365
COCCOC,"InChI=1S/C4H10O2/c1-5-3-4-6-2/h3-4H2,1-2H3",combined_benchmark,rf_combined,combined,3.62847,3.1337668650377895,0.53993244823996,3.33187,3.4136374822648508,0.30249481766942105,230.55538,244.933145066916,24.873526242058187
OCCOCCOCCOCCO,"InChI=1S/C8H18O5/c9-1-3-11-5-7-13-8-6-12-4-2-10/h9-10H,1-8H2",combined_benchmark,rf_combined,combined,7.80456,4.9552106645337295,1.3405459230051906,2.94878,3.584081099096538,0.5294872952090439,101.98846,240.83538254615283,59.36163774887537
CCC(C)=NO,"InChI=1S/C4H9NO/c1-3-4(2)5-6/h6H,3H2,1-2H3",combined_benchmark,rf_combined,combined,2.8418,3.3790853926162345,0.44740535544368387,3.54793,3.423508964761946,0.2665091258544432,216.28112,281.4343915555538,51.00406694953431
CCCCCCCCOCCCCCCCC,"InChI=1S/C16H34O/c1-3-5-7-9-11-13-15-17-16-14-12-10-8-6-4-2/h3-16H2,1-2H3",combined_benchmark,rf_combined,combined,9.999999998054497,6.833023826136742,1.2281365553686852,3.4703632514555416,4.032064999362465,0.3405743386616393,214.13941170722285,254.20750624389126,24.40714114311482
CCCCCCCCCCCCCCCCO,"InChI=1S/C16H34O/c1-2-3-4-5-6-7-8-9-10-11-12-13-14-15-16-17/h17H,2-16H2,1H3",combined_benchmark,rf_combined,combined,6.46632,6.754776599692504,0.9543410945299532,4.01514,3.9987263999999954,0.12015803837879516,274.31616,270.0557764999996,7.6347060204588555
O=[N+]([O-])c1ccc(Cl)cc1,InChI=1S/C6H4ClNO2/c7-5-1-3-6(4-2-5)8(9)10/h1-4H,combined_benchmark,rf_combined,combined,3.31906,3.4853768053083507,0.34726296456884864,3.68458,3.64625891019867,0.17408665379264202,349.13793,326.81407910724954,28.75384784212503
CCCCCCCCI,"InChI=1S/C8H17I/c1-2-3-4-5-6-7-8-9/h2-8H2,1H3",combined_benchmark,rf_combined,combined,3.01899,4.659160608176927,0.8637010123658726,4.40414,3.8002455127793047,0.21130970487468617,345.15229,283.76444513137335,17.772130200936807
CC(=O)C(C)C,"InChI=1S/C5H10O/c1-4(2)5(3)6/h4H,1-3H3",combined_benchmark,rf_combined,combined,3.2175,2.9970839893225434,0.6232294092942969,3.52097,3.5383091799889366,0.14062519437711102,245.29191,248.55238103517786,15.551208826965457
CCCCCCCC(CCCCC)CN(C)C,"InChI=1S/C16H35N/c1-5-7-9-10-12-14-16(15-17(3)4)13-11-8-6-2/h16H,5-15H2,1-4H3",combined_benchmark,rf_combined,combined,6.85322,6.853697257964438,3.004011457073362,3.93834,4.013892158837054,0.20616260964770822,246.47036,261.3668322614673,29.185133406239398
COC(N)=O,"InChI=1S/C2H5NO2/c1-5-2(3)4/h1H3,(H2,3,4)",combined_benchmark,rf_combined,combined,2.6698391027975825,2.331701700222397,1.387969902583304,3.263667769746431,3.737358687270849,0.8791037436926857,372.9239714664705,443.8674756005418,198.5026999676839
OCC1CCCCC1,"InChI=1S/C7H14O/c8-6-7-4-2-1-3-5-7/h7-8H,1-6H2",combined_benchmark,rf_combined,combined,1.99225,2.843903817563519,0.9648327572946453,4.5,3.827152720680074,0.47801026581672523,360.64164,315.7995185878305,58.59902069652189
Cc1ccsc1,"InChI=1S/C5H6S/c1-5-2-3-6-4-5/h2-4H,1H3",combined_benchmark,rf_combined,combined,2.74453,2.723133270892103,0.4037501865643904,3.6238,3.712380510746239,0.33150433691204345,296.88179,299.1881588467388,24.849839554215944
CC(C)[N+](=O)[O-],"InChI=1S/C3H7NO2/c1-3(2)4(5)6/h3H,1-2H3",combined_benchmark,rf_combined,combined,2.8167,3.0761859730865324,0.5520480696667088,3.52614,3.3733922630947757,0.23008693880822625,268.14211,271.6374648050571,48.210265131643496
FC(F)C(F)(F)C(F)(F)C(F)(F)C(F)(F)C(F)(F)C(F)(F)C(F)(F)F,"InChI=1S/C8HF17/c9-1(10)2(11,12)3(13,14)4(15,16)5(17,18)6(19,20)7(21,22)8(23,24)25/h1H",combined_benchmark,rf_combined,combined,5.59176,5.4086996883263225,0.4087410446350163,3.76477,3.783768082844655,0.07418019448456882,190.9998,189.15374509833796,12.11004515947396
CC1=CCC2CC1C2(C)C,"InChI=1S/C10H16/c1-7-4-5-8-6-9(7)10(8,2)3/h4,8-9H,5-6H2,1-3H3",combined_benchmark,rf_combined,combined,3.28923,2.7580618818535054,0.4450854083345531,4.03598,4.329601581763962,0.2195459434903512,284.60132,321.89888852714756,22.35605927960402
c1ccc(Sc2ccccc2)cc1,InChI=1S/C12H10S/c1-3-7-11(8-4-1)13-12-9-5-2-6-10-12/h1-10H,combined_benchmark,rf_combined,combined,4.16567,4.459413610142881,1.8758204990080625,3.8737,3.768327374506137,0.2690456653588692,337.82737,339.2969202869671,39.5221489976818
CCC=C(C)C,"InChI=1S/C6H12/c1-4-5-6(2)3/h5H,4H2,1-3H3",combined_benchmark,rf_combined,combined,2.95813,2.9023229756892555,0.2656759092382437,3.75296,3.7511694209066753,0.10833130079536635,241.79835,239.746855584148,12.459680856756188
CCCCCCCCCCCCCCCCCC(=O)O,"InChI=1S/C18H36O2/c1-2-3-4-5-6-7-8-9-10-11-12-13-14-15-16-17-18(19)20/h2-17H2,1H3,(H,19,20)",combined_benchmark,rf_combined,combined,6.37168,8.829226936088602,2.2919890732558086,4.2222,3.8891125656396293,0.07834486802359468,291.22148,267.0934684905606,8.67587249843317
ClC(Cl)(Cl)Cl,"InChI=1S/CCl4/c2-1(3,4)5",combined_benchmark,rf_combined,combined,2.32199,2.4294646971534024,0.48048321966122676,3.79797,3.6750993209982,0.2772311235553955,292.54982,281.5684335109449,33.81213379919043
CC(C)Cc1ccccc1,"InChI=1S/C10H14/c1-9(2)8-10-6-4-3-5-7-10/h3-7,9H,8H2,1-2H3",combined_benchmark,rf_combined,combined,3.47499,3.641869201020432,0.28152351287551725,3.96166,3.8840291561880194,0.2102934869694974,288.24615,286.0341572395588,6.569303894707362
CC1CCC(C)O1,"InChI=1S/C6H12O/c1-5-3-4-6(2)7-5/h5-6H,3-4H2,1-2H3",combined_benchmark,rf_combined,combined,2.94283,2.7167547137645816,0.4542761722424836,3.77423,3.7986571136995133,0.3780607682453543,261.28875,271.64678952714763,22.65933567958098
CC1CCC(O)CC1,"InChI=1S/C7H14O/c1-6-2-4-7(8)5-3-6/h6-8H,2-5H2,1H3",combined_benchmark,rf_combined,combined,5.16779,4.788935471639884,2.6615342661699577,3.21534,3.661807463068196,0.5741706429289726,238.41262,257.4462001342807,59.70950378581208
CCCCCCCCCC,"InChI=1S/C10H22/c1-3-5-7-9-10-8-6-4-2/h3-10H2,1-2H3",combined_benchmark,rf_combined,combined,4.6267,4.490130304915052,0.5195645388072339,3.84109,3.835403679465169,0.060663545730198776,244.92287,249.43761783221177,11.242057942291668
CCCOC(=O)C(C)C,"InChI=1S/C7H14O2/c1-4-5-9-7(8)6(2)3/h6H,4-5H2,1-3H3",combined_benchmark,rf_combined,combined,4.26309,4.238523525237241,0.48769924997178793,3.59836,3.577046421884559,0.14734648731257652,235.84188,239.83246586979558,10.320819346688792
CCCCN,"InChI=1S/C4H11N/c1-2-3-4-5/h2-5H2,1H3",combined_benchmark,rf_combined,combined,3.45618,2.9975139676227203,0.40838348572966227,3.33791,3.5594357609831233,0.38315000861050547,214.9587,243.21728171218598,58.20281926319175
C=CCl,"InChI=1S/C2H3Cl/c1-2-3/h2H,1H2",combined_benchmark,rf_combined,combined,1.93804,2.0880812839762872,0.2441406509961417,3.46909,3.4685580641128895,0.21469477679429802,239.94582,248.71879747174768,30.376672282231446
FS(F)(F)(F)(F)F,"InChI=1S/F6S/c1-7(2,3,4,5)6",combined_benchmark,rf_combined,combined,2.50486,3.2176859283225854,1.0455049410564325,3.31977,3.6234623758877387,0.3135823341265525,160.81886,187.11879865535954,51.819309456403744
FC1(F)OC(F)(F)C(F)(F)O1,"InChI=1S/C3F6O2/c4-1(5)2(6,7)11-3(8,9)10-1",combined_benchmark,rf_combined,combined,3.10928,3.529864979768852,0.5891976609164605,3.48854,3.311225678393937,0.2327745984977887,170.86521,171.5858835232335,24.132559008908288
CCCCCCCCC,"InChI=1S/C9H20/c1-3-5-7-9-8-6-4-2/h3-9H2,1-2H3",combined_benchmark,rf_combined,combined,4.3188,3.939716203571158,0.7736633970306398,3.79721,3.8393438767620696,0.07807146555998058,241.29275,250.24377398907748,16.849575611723022
CCCOC(C)(C)C,"InChI=1S/C7H16O/c1-5-6-8-7(2,3)4/h5-6H2,1-4H3",combined_benchmark,rf_combined,combined,3.68606,3.641930654735789,0.4094338964589695,3.77901,3.8151249246277468,0.171045558275916,229.97117,233.3921709262651,10.377404822127309
CCc1ccccc1N,"InChI=1S/C8H11N/c1-2-7-5-3-4-6-8(7)9/h3-6H,2,9H2,1H3",combined_benchmark,rf_combined,combined,4.15058,3.8789986999999995,0.5816196552174885,3.47357,3.610410175637,0.3813838244238131,260.34656,290.73128770526165,35.383159152052336
CCCCSSCCCC,"InChI=1S/C8H18S2/c1-3-5-7-9-10-8-6-4-2/h3-8H2,1-2H3",combined_benchmark,rf_combined,combined,4.37993,4.853881492895941,1.2121867018588013,3.9329,3.814274216987241,0.20738157914331115,288.10826,283.32547638019946,25.530796695204035
CC(O)C(C)O,"InChI=1S/C4H10O2/c1-3(5)4(2)6/h3-6H,1-2H3",combined_benchmark,rf_combined,combined,2.6315,2.725203977543083,0.9650179176329247,3.62098,3.6166230305513074,0.5496439057640267,130.73932,308.8820457822883,63.62645947360001
Brc1cccc2ccccc12,InChI=1S/C10H7Br/c11-10-7-3-5-8-4-1-2-6-9(8)10/h1-7H,combined_benchmark,rf_combined,combined,3.4325,4.008087937803478,0.8592697604687812,3.89799,3.7436377434956536,0.26915021034592645,369.78605,340.708785684011,32.343609353575985
CC=CC#N,"InChI=1S/C4H5N/c1-2-3-4-5/h2-3H,1H3",combined_benchmark,rf_combined,combined,2.65978,2.6242776196625566,0.3772867721200102,3.47419,3.386559314824262,0.22582010306351585,248.61056,271.8242435273163,70.52385562419839
CCOCc1ccccc1,"InChI=1S/C9H12O/c1-2-10-8-9-6-4-3-5-7-9/h3-7H,2,8H2,1H3",combined_benchmark,rf_combined,combined,4.16297,4.359661388077479,1.0261390090220242,3.61903,3.6721063117287787,0.3373355216329282,273.55042,286.7224248493366,24.90487705610602
CCCCCCCCCCC(C)CCCC,"InChI=1S/C16H34/c1-4-6-8-9-10-11-12-13-15-16(3)14-7-5-2/h16H,4-15H2,1-3H3",combined_benchmark,rf_combined,combined,6.88908,6.0189616,0.24200783763638722,3.88269,4.0786107,0.09135929828162019,245.99898,265.11001760000016,6.4942623900394
CCCS,"InChI=1S/C3H8S/c1-2-3-4/h4H,2-3H2,1H3",combined_benchmark,rf_combined,combined,2.29461,2.385822815446593,0.3828902539526483,3.74583,3.7221517134173485,0.3461241276976874,282.53913,275.78068616779694,16.638382051287866
C1CCSC1,InChI=1S/C4H8S/c1-2-4-5-3-1/h1-4H2,combined_benchmark,rf_combined,combined,2.47627,2.4677867231991115,0.3631618807813436,3.65909,3.650240154492433,0.3664328922344815,319.33999,305.052634945136,34.64851777420473
CCCC=O,"InChI=1S/C4H8O/c1-2-3-4-5/h4H,2-3H2,1H3",combined_benchmark,rf_combined,combined,3.15915,2.909768385649083,0.3066922258124309,3.34711,3.430117756501953,0.21816271782852723,234.75179,244.5767946795182,21.99768636031707
CCC(O)=NC,"InChI=1S/C4H9NO/c1-3-4(6)5-2/h3H2,1-2H3,(H,5,6)",combined_benchmark,rf_combined,combined,1.57302,3.0447048907493985,1.0523116366290874,4.46282,3.51662705189492,0.5634959288295519,550.0,337.31823010102994,92.53179367322545
CCCCCCCCC(C)C(C)C,"InChI=1S/C13H28/c1-5-6-7-8-9-10-11-13(4)12(2)3/h12-13H,5-11H2,1-4H3",combined_benchmark,rf_combined,combined,4.88341,5.203593793673073,0.4808937752872361,4.08206,4.064800371518988,0.04372364707180182,264.31308,263.1794006999997,3.227829034600886
CCCCC(C)S,"InChI=1S/C6H14S/c1-3-4-5-6(2)7/h6-7H,3-5H2,1-2H3",combined_benchmark,rf_combined,combined,2.81312,3.214400359457411,0.681526030021173,4.12304,4.010673399311682,0.25763442406741993,293.20744,294.03349588270083,27.850024205248587
CCCO[Si](OCCC)(OCCC)OCCC,"InChI=1S/C12H28O4Si/c1-5-9-13-17(14-10-6-2,15-11-7-3)16-12-8-4/h5-12H2,1-4H3",combined_benchmark,rf_combined,combined,7.16233,6.711054893770414,2.075464812138859,3.80407,3.9092236392756248,0.3114775370933414,218.61918,235.88824003268945,39.44254820164778
C=CC#N,"InChI=1S/C3H3N/c1-2-3-4/h2H,1H2",combined_benchmark,rf_combined,combined,2.39589,2.5342811857699137,0.5025372699428712,3.34511,3.277124964110642,0.2590795513679563,225.19945,239.42452585723052,54.56405635291089
O=C(O)C1CC1,"InChI=1S/C4H6O2/c5-4(6)3-1-2-3/h3H,1-2H2,(H,5,6)",combined_benchmark,rf_combined,combined,5.2811,3.2810644815769097,0.8660676763574585,2.74919,3.221178263310951,0.3682118669528776,251.09198,303.8918329904559,56.71445660758828
CCOCCO,"InChI=1S/C4H10O2/c1-2-6-4-3-5/h5H,2-4H2,1H3",combined_benchmark,rf_combined,combined,4.58099,3.0244809242484307,0.9583351216327272,3.04974,3.7992536077232937,0.5843386531222323,209.35432,258.4198680145183,62.27386267995002
CCCCCCCCC#N,"InChI=1S/C9H17N/c1-2-3-4-5-6-7-8-9-10/h2-8H2,1H3",combined_benchmark,rf_combined,combined,4.4383,4.56548070491505,0.4892795535875902,3.77202,3.7810877770287084,0.21483233874147037,284.63963,291.08014035152394,28.156408614647752
CCCOC(=O)C(=O)OCCC,"InChI=1S/C8H14O4/c1-3-5-11-7(9)8(10)12-6-4-2/h3-6H2,1-2H3",combined_benchmark,rf_combined,combined,5.75718,5.721995669859791,1.4415077324388044,3.43458,3.4921756290585404,0.32954626676943655,244.98941,256.340974686083,27.658389587035153
CCCCC(=O)OCCC,"InChI=1S/C8H16O2/c1-3-5-6-8(9)10-7-4-2/h3-7H2,1-2H3",combined_benchmark,rf_combined,combined,1.896073915256344,4.638786987391772,0.7195148695207342,4.999999998724261,3.6268498999906957,0.1953012096671003,393.7418942336227,244.44918529999995,14.215963529246508
CCCCCCC(C)CCCC,"InChI=1S/C12H26/c1-4-6-8-9-11-12(3)10-7-5-2/h12H,4-11H2,1-3H3",combined_benchmark,rf_combined,combined,5.23401,5.2699389000000005,0.5006352725246096,3.89,4.058372299999999,0.08954029986386025,246.68655,258.79401630000024,8.632389900486267
CCCCCCCCCCCCCCCCCCC(C)CCC,"InChI=1S/C23H48/c1-4-6-7-8-9-10-11-12-13-14-15-16-17-18-19-20-22-23(3)21-5-2/h23H,4-22H2,1-3H3",combined_benchmark,rf_combined,combined,9.24895,9.3811054,1.2330934069926898,3.95643,4.091330199999998,0.07826274987476484,252.43422,260.7499401000003,9.36738457982788
CCCS(=O)CCC,"InChI=1S/C6H14OS/c1-3-5-8(7)6-4-2/h3-6H2,1-2H3",combined_benchmark,rf_combined,combined,3.93054,3.964053237694826,0.7580235465003867,3.69634,3.73488386017504,0.4513862489068631,314.805,304.4871381002155,43.93815637182226
CCCCCOC(=O)CCC(=O)OCCCCC,"InChI=1S/C14H26O4/c1-3-5-7-11-17-13(15)9-10-14(16)18-12-8-6-4-2/h3-12H2,1-2H3",combined_benchmark,rf_combined,combined,7.37042,7.3097595138058065,1.3301735315135494,3.70934,3.6308160133884155,0.19426197971995104,256.52535,250.31167142631162,14.25567134794649
CCCCCCCC(=O)OCC,"InChI=1S/C10H20O2/c1-3-5-6-7-8-9-10(11)12-4-2/h3-9H2,1-2H3",combined_benchmark,rf_combined,combined,5.48341,5.958772514039269,0.8252599483648603,3.66468,3.5537279000000037,0.24145952651446578,243.41624,238.28230119999998,19.409236692894392
CCC(Br)CC,"InChI=1S/C5H11Br/c1-3-5(6)4-2/h5H,3-4H2,1-2H3",combined_benchmark,rf_combined,combined,2.73778,2.6429812136884085,0.5718898127455715,3.93553,3.9153651260674365,0.31492216490434805,292.48992,297.67797838132464,35.787706836575246
CCOc1ccc(N)cc1,"InChI=1S/C8H11NO/c1-2-10-8-5-3-7(9)4-6-8/h3-6H,2,9H2,1H3",combined_benchmark,rf_combined,combined,2.1675,4.078760728901463,1.3850962815171763,4.5,3.7042289344100827,0.49173860117789747,423.60162,276.7399119801383,37.782477215058925
FC(F)(Br)Br,"InChI=1S/CBr2F2/c2-1(3,4)5",combined_benchmark,rf_combined,combined,2.06713,2.3016008945376822,0.30574188467782015,3.80477,3.638018720983683,0.23838836005007144,263.97546,241.3793788,48.367549870414464
CCCCCCCCCCCCCC(C)C,"InChI=1S/C16H34/c1-4-5-6-7-8-9-10-11-12-13-14-15-16(2)3/h16H,4-15H2,1-3H3",combined_benchmark,rf_combined,combined,6.38597,6.542525878982215,0.6960080526036199,3.99475,3.9043832000000025,0.07729330648743134,257.19315,249.59827969999986,8.039829748290998
CCCCCCCCCCCCCCCCCl,"InChI=1S/C16H33Cl/c1-2-3-4-5-6-7-8-9-10-11-12-13-14-15-16-17/h2-16H2,1H3",combined_benchmark,rf_combined,combined,12.20003,7.738486638145142,1.707897581745882,3.21902,3.8733236,0.15347595146158902,210.28436,263.5462616841793,32.906701896301456
CC=CCCCCCCC,"InChI=1S/C10H20/c1-3-5-7-9-10-8-6-4-2/h3,5H,4,6-10H2,1-2H3",combined_benchmark,rf_combined,combined,4.37143,4.582396904915051,0.5033846553337358,3.86282,3.8756459082652635,0.0880829033114994,253.04598,253.09961908863883,10.12336136267615
O=C(O)c1ccc2c(c1)C(=O)OC2=O,"InChI=1S/C9H4O5/c10-7(11)4-1-2-5-6(3-4)9(13)14-8(5)12/h1-3H,(H,10,11)",combined_benchmark,rf_combined,combined,2.16266,4.882002144515997,1.6872723182654374,4.5,3.8004108099760954,0.4527970819424299,379.38625,376.9609941059402,84.84300489960863
C=C[Si](C)(Cl)Cl,"InChI=1S/C3H6Cl2Si/c1-3-6(2,4)5/h3H,1H2,2H3",combined_benchmark,rf_combined,combined,2.89579,2.6926642305507,0.43243245842913913,3.88105,3.8694366228109596,0.30538938801958726,260.14092,261.7568812608724,20.112869795537474
OC1CCCCC1,"InChI=1S/C6H12O/c7-6-4-2-1-3-5-6/h6-7H,1-5H2",combined_benchmark,rf_combined,combined,2.52808,2.9667886079525236,1.6064005313731253,3.92808,3.4432613713257014,0.6336885314204554,324.7137,286.2996126670445,69.4199099046962
CCC(CC)C(C)C,"InChI=1S/C8H18/c1-5-8(6-2)7(3)4/h7-8H,5-6H2,1-4H3",combined_benchmark,rf_combined,combined,3.3049,3.3630506999999983,0.4871826551618091,3.98271,4.002353800000002,0.09875659698248015,255.59118,254.8686899,9.798175524967949
Cc1ccc(Cl)cc1,"InChI=1S/C7H7Cl/c1-6-2-4-7(8)5-3-6/h2-5H,1H3",combined_benchmark,rf_combined,combined,2.99979,3.166418699999998,0.31688890772210687,3.79367,3.764043959471681,0.12773422651255545,310.00326,308.27850947931086,11.897824116521637
CCC(C)Cl,"InChI=1S/C4H9Cl/c1-3-4(2)5/h4H,3H2,1-2H3",combined_benchmark,rf_combined,combined,2.58818,2.6483477287248984,0.3851418077799333,3.75701,3.8214776864036004,0.3955317632938375,260.48671,276.8374169167122,47.59633885970557
CCN(CC)c1ccccc1,"InChI=1S/C10H15N/c1-3-11(4-2)10-8-6-5-7-9-10/h5-9H,3-4H2,1-2H3",combined_benchmark,rf_combined,combined,4.70064,4.353803759591316,1.0305515158222316,3.58316,3.7840222472826586,0.31873352104828045,272.82253,286.2216715443439,20.212216140262612
Brc1cccc(Br)c1,InChI=1S/C6H4Br2/c7-5-2-1-3-6(8)4-5/h1-4H,combined_benchmark,rf_combined,combined,2.97212,3.1768929584968135,0.43151017658882124,3.86812,3.743675300000001,0.12197209434501809,358.63284,337.0430147000003,17.596176475125358
CC(F)(F)Cl,"InChI=1S/C2H3ClF2/c1-2(3,4)5/h1H3",combined_benchmark,rf_combined,combined,2.4678,2.437888849999999,0.3094455727004792,3.4692,3.365348067134462,0.23342534550948235,201.39327,213.81651569606817,30.941845336589097
CCCCOCCCC,"InChI=1S/C8H18O/c1-3-5-7-9-8-6-4-2/h3-8H2,1-2H3",combined_benchmark,rf_combined,combined,4.21629,3.513367765750685,0.8441100542497029,3.76732,3.952242944777781,0.2806035446345004,239.48731,256.18706783411784,29.23605409834164
CCCCCCCC(C)CC,"InChI=1S/C11H24/c1-4-6-7-8-9-10-11(3)5-2/h11H,4-10H2,1-3H3",combined_benchmark,rf_combined,combined,4.1835,4.550959100000003,0.3214770023099476,4.09797,3.955364199999997,0.10721690908788599,266.95381,251.74037861357118,8.206338257706925
CN1CCN(C)CC1,"InChI=1S/C6H14N2/c1-7-3-5-8(2)6-4-7/h3-6H2,1-2H3",combined_benchmark,rf_combined,combined,3.29915,3.025410237308669,0.7330533099234917,3.78633,3.9706994597418075,0.3694852502892893,270.94696,310.6280586064201,41.15532778177998
CC(C)(c1ccccc1)c1ccc(O)cc1,"InChI=1S/C15H16O/c1-15(2,12-6-4-3-5-7-12)13-8-10-14(16)11-9-13/h3-11,16H,1-2H3",combined_benchmark,rf_combined,combined,3.29875,5.2121219609315075,0.9785323279425128,4.5,4.198945352435174,0.469520840127837,361.97711,331.6276315565511,71.02792354412341
Oc1cccc(O)c1,"InChI=1S/C6H6O2/c7-5-2-1-3-6(8)4-5/h1-4,7-8H",combined_benchmark,rf_combined,combined,2.39189,3.7904405114727338,0.9668277106957072,3.88105,3.486425035364829,0.42072246480823144,386.93484,323.57820891076716,46.150324454576385
C[Si](C)(C)O[Si](C)(C)O[Si](C)(C)O[Si](C)(C)C,"InChI=1S/C10H30O3Si4/c1-14(2,3)11-16(7,8)13-17(9,10)12-15(4,5)6/h1-10H3",combined_benchmark,rf_combined,combined,6.63032,6.702321806269501,2.054823437777844,4.17216,4.306930186084114,0.27465107974760095,206.12642,228.91711801747027,38.824055160481116
CO[Si](CCCOCC1CO1)(OC)OC,"InChI=1S/C9H20O5Si/c1-10-15(11-2,12-3)6-4-5-13-7-9-8-14-9/h9H,4-8H2,1-3H3",combined_benchmark,rf_combined,combined,6.69225,6.566462721085055,2.122669013343563,3.57089,3.7843788774021956,0.612700845188923,248.84645,282.10701365202226,68.15788289171263
CCCCCCCCCCCCCCCC(=O)OC,"InChI=1S/C17H34O2/c1-3-4-5-6-7-8-9-10-11-12-13-14-15-16-17(18)19-2/h3-16H2,1-2H3",combined_benchmark,rf_combined,combined,8.09875,7.719608585194497,1.7622303996146809,3.78262,3.7489252262807238,0.11190915524496753,250.23475,247.3586803848849,6.127102041483103
CCCCCCCCCCCCCCCCCCCCCCCC,"InChI=1S/C24H50/c1-3-5-7-9-11-13-15-17-19-21-23-24-22-20-18-16-14-12-10-8-6-4-2/h3-24H2,1-2H3",combined_benchmark,rf_combined,combined,9.99477,10.678542900000004,2.4581360015997067,3.91337,3.8771686000000005,0.14999904130373645,251.29758,247.61022520000031,10.129989513371621
C=CC(C)=O,"InChI=1S/C4H6O/c1-3-4(2)5/h3H,1H2,2H3",combined_benchmark,rf_combined,combined,2.52756,2.729708541492124,0.41574764283311855,3.52403,3.4334711414312067,0.23270893567398115,260.98831,250.51772654632111,30.368556130308132
CCCCCCCCCCCCCCCCCCOC(C)=O,"InChI=1S/C20H40O2/c1-3-4-5-6-7-8-9-10-11-12-13-14-15-16-17-18-19-22-20(2)21/h3-19H2,1-2H3",combined_benchmark,rf_combined,combined,8.19061,9.630671900000001,3.39594052037361,3.97505,3.758672567361869,0.2668009952220336,263.03159,241.13050798488513,15.82491550426845
CC(=N)O,"InChI=1S/C2H5NO/c1-2(3)4/h1H3,(H2,3,4)",combined_benchmark,rf_combined,combined,2.82648,2.38347791823698,1.1202034411668111,3.12045,3.3659935862909007,0.5490384266979659,377.67175,368.5076270030662,143.73560198536538
CCC#CCC,"InChI=1S/C6H10/c1-3-5-6-4-2/h3-4H2,1-2H3",combined_benchmark,rf_combined,combined,3.44431,3.1493020233033646,0.5082653597792239,3.48564,3.6622457867634286,0.21194536311195425,233.64361,244.06235562779767,32.677472571227895
CC=CC=CC,"InChI=1S/C6H10/c1-3-5-6-4-2/h3-6H,1-2H3",combined_benchmark,rf_combined,combined,3.02676,2.941477551986785,0.3668515725749856,3.66496,3.7044627425696484,0.05875962865632285,251.30399,253.3599177120993,8.949088510640216
COC(=O)CCC(=O)OC,"InChI=1S/C6H10O4/c1-9-5(7)3-4-6(8)10-2/h3-4H2,1-2H3",combined_benchmark,rf_combined,combined,5.26317,4.971667145507852,0.8878576558669776,3.23551,3.312197789468176,0.20994299211398168,250.69308,252.64139510427376,18.09592086915934
NCCNCCNCCN,"InChI=1S/C6H18N4/c7-1-3-9-5-6-10-4-2-8/h9-10H,1-8H2",combined_benchmark,rf_combined,combined,2.63932,4.193192639118196,1.6927092634498735,4.5,4.09509570047585,0.4838161404577232,385.92002,162.87787215866746,136.92514825055605
CC(=O)CC(C)C,"InChI=1S/C6H12O/c1-5(2)4-6(3)7/h5H,4H2,1-3H3",combined_benchmark,rf_combined,combined,3.51266,3.1526600430768275,0.6762617172295359,3.6135,3.6336573720806364,0.2765856608150816,248.15792,248.82391249159826,22.688415226993836
C=C(C)OC(C)=O,"InChI=1S/C5H8O2/c1-4(2)7-5(3)6/h1H2,2-3H3",combined_benchmark,rf_combined,combined,3.69601,3.5587792648924976,0.5626739321431654,3.37428,3.3785897684336565,0.17038692039155623,236.25236,243.8216276232849,35.07391329755507
C#CCCCCCCC,"InChI=1S/C9H16/c1-3-5-7-9-8-6-4-2/h1H,4-9H2,2H3",combined_benchmark,rf_combined,combined,4.1734,4.028226891902827,0.5635070032351357,3.74311,3.720252400000001,0.2119258475463528,247.64174,243.11261929999986,15.743660449982603
CCCBr,"InChI=1S/C3H7Br/c1-2-3-4/h2-3H2,1H3",combined_benchmark,rf_combined,combined,2.49276,2.4710948516641933,0.26342797003456786,3.62552,3.664751732574967,0.1310788015647222,272.20973,282.0899763465374,20.568249298507258
CCCCCCCCc1cc2cc(C)ccc2cc1C,"InChI=1S/C20H28/c1-4-5-6-7-8-9-10-18-15-20-13-16(2)11-12-19(20)14-17(18)3/h11-15H,4-10H2,1-3H3",combined_benchmark,rf_combined,combined,6.90604,6.591584425387776,0.5393988564510416,3.91531,3.944958819468012,0.1347381594846528,295.37663,295.9724696000001,26.264295422585004
CC(C)CCOC=O,"InChI=1S/C6H12O2/c1-6(2)3-4-8-5-7/h5-6H,3-4H2,1-2H3",combined_benchmark,rf_combined,combined,3.86567,3.9939787520949688,0.49276093391726083,3.56068,3.593273752908256,0.3448641829451946,244.81321,239.26361011032986,6.227553187478703
CCCC(C)(C)CC,"InChI=1S/C8H18/c1-5-7-8(3,4)6-2/h5-7H2,1-4H3",combined_benchmark,rf_combined,combined,3.21937,3.318538004915047,0.2514234592394525,4.03238,4.027702974506138,0.0862835789541083,256.20469,253.948791926091,14.224302862947368
O=C(O)C=Cc1ccccc1,"InChI=1S/C9H8O2/c10-9(11)7-6-8-4-2-1-3-5-8/h1-7H,(H,10,11)",combined_benchmark,rf_combined,combined,2.79469,3.9452019749216056,1.250518212890731,4.05506,3.858804536887301,0.6329458005925773,277.62777,367.5685575753094,85.84721163325752
FC1CCCC1,"InChI=1S/C5H9F/c6-5-3-1-2-4-5/h5H,1-4H2",combined_benchmark,rf_combined,combined,2.4012,2.40586829336443,0.44829389659796764,3.3678,3.6850363919525777,0.3618806430003464,238.92,262.98834653318596,45.093963118372514
CCCCC(=O)O,"InChI=1S/C5H10O2/c1-2-3-4-5(6)7/h2-4H2,1H3,(H,6,7)",combined_benchmark,rf_combined,combined,5.82828,4.16015436977521,0.8576694092081135,2.92283,3.4502022343457783,0.37628040721329553,237.14427,266.37777944629977,36.84669231444226
CCCCCCCCCO,"InChI=1S/C9H20O/c1-2-3-4-5-6-7-8-9-10/h10H,2-9H2,1H3",combined_benchmark,rf_combined,combined,4.05376,4.373794349411032,0.9198407177427976,3.93978,3.9820355999155974,0.1871118435770624,277.88672,280.1412841878838,10.349142148158903
C[Si](C)(C)Cl,"InChI=1S/C3H9ClSi/c1-5(2,3)4/h1-3H3",combined_benchmark,rf_combined,combined,2.82445,2.6912014109318276,0.44757466618491226,3.83436,3.944681387158301,0.31438468786737067,237.09078,258.39093284304886,30.043721711127088
FC(F)C(F)C(F)(F)F,"InChI=1S/C3H2F6/c4-1(2(5)6)3(7,8)9/h1-2H",combined_benchmark,rf_combined,combined,3.64005,3.27835492848508,0.5452574618560977,3.21838,3.2777899809309297,0.11553847636576683,177.56548,171.12030071728384,13.347156992279329
NCCN1CCNCC1,"InChI=1S/C6H15N3/c7-1-4-9-5-2-8-3-6-9/h8H,1-7H2",combined_benchmark,rf_combined,combined,2.215,3.0336098297365415,0.8095376683349804,4.5,4.13373388600358,0.4353573599897881,406.06335,330.8798761613649,62.719389767736864
C1CCSCC1,InChI=1S/C5H10S/c1-2-4-6-5-3-1/h1-5H2,combined_benchmark,rf_combined,combined,2.51582,2.642399562928729,0.3270970184276723,3.85477,3.7764697629757307,0.3728559259698743,330.91106,317.3260810675336,36.62353571147157
Cc1ccccc1Cc1ccccc1C,"InChI=1S/C15H16/c1-12-7-3-5-9-14(12)11-15-10-6-4-8-13(15)2/h3-10H,11H2,1-2H3",combined_benchmark,rf_combined,combined,3.9149802501757094,5.218027524606203,0.592127431615178,4.198204214391396,3.8606929883434846,0.2558656730680279,342.7584183876447,297.8875551697579,28.95982759558935
CC[Ge](CC)(CC)CC,"InChI=1S/C8H20Ge/c1-5-9(6-2,7-3)8-4/h5-8H2,1-4H3",combined_benchmark,rf_combined,combined,3.18893,3.909774528631611,0.9532761754423392,4.35286,3.9329142476339074,0.22017949122602562,291.20953,244.51281386096522,37.04053626268241
CC(C)CCCCC(C)C,"InChI=1S/C10H22/c1-9(2)7-5-6-8-10(3)4/h9-10H,5-8H2,1-4H3",combined_benchmark,rf_combined,combined,4.309,4.326210986909474,0.5470448755058568,3.93099,3.9372107145520645,0.12772093835929837,245.07869,246.47098619999994,9.36748714007794
C=CC=C,"InChI=1S/C4H6/c1-3-4-2/h3-4H,1-2H2",combined_benchmark,rf_combined,combined,2.23776,2.3936591728482357,0.3603740682641486,3.58327,3.5474559524618945,0.1759959111046927,228.30251,228.0133935641896,30.194209780771644
CCC1COC(=O)O1,"InChI=1S/C5H8O3/c1-2-4-3-7-5(6)8-4/h4H,2-3H2,1H3",combined_benchmark,rf_combined,combined,3.33303,4.054645800729617,1.3276179259347527,3.53941,3.551783873045555,0.4395158047094432,365.23054,314.6201448318449,40.144577624125176
CCCCC(CC)COC(C)=O,"InChI=1S/C10H20O2/c1-4-6-7-10(5-2)8-12-9(3)11/h10H,4-8H2,1-3H3",combined_benchmark,rf_combined,combined,6.12871,5.155801835364831,1.139439499151832,3.49249,3.7498893220098335,0.2805884065242652,226.87213,247.65591055069,30.30873499750694
COS(=O)OC,InChI=1S/C2H6O3S/c1-4-6(3)5-2/h1-2H3,combined_benchmark,rf_combined,combined,3.5552,3.319870853541882,0.6448854686208474,3.25269,3.255524916160145,0.2840300065314606,266.57358,288.64518158068546,42.28106421466938
CCSC#N,"InChI=1S/C3H5NS/c1-2-5-3-4/h2H2,1H3",combined_benchmark,rf_combined,combined,2.6295720548263417,2.6223618897696004,0.5815357735172977,3.579631618355732,3.5206220269300843,0.31020942892108805,324.79692414967747,296.83789735232244,67.6564989218363
OCCS,"InChI=1S/C2H6OS/c3-1-2-4/h3-4H,1-2H2",combined_benchmark,rf_combined,combined,1.21331,2.5164587999999997,1.1421312504255188,4.5,3.5428251797854524,0.6345311388332147,531.31282,297.68879463857036,73.38400522907281
Nc1ccccc1[N+](=O)[O-],"InChI=1S/C6H6N2O2/c7-5-3-1-2-4-6(5)8(9)10/h1-4H,7H2",combined_benchmark,rf_combined,combined,1.79764,3.4421022999999993,0.5267663555293846,4.5,3.5663632999999972,0.27385218683463164,353.48273,303.71274577227626,37.35292718050004
CO[SiH](OC)OC,"InChI=1S/C3H10O3Si/c1-4-7(5-2)6-3/h7H,1-3H3",combined_benchmark,rf_combined,combined,3.82528,3.277473750363685,1.0870479592938151,3.48825,3.6761444636020673,0.46719483251316307,220.82175,283.9581514885636,55.518876720447444
c1ccsc1,InChI=1S/C4H4S/c1-2-4-5-3-1/h1-4H,combined_benchmark,rf_combined,combined,2.39045,2.586355258447717,0.31578582146785045,3.54152,3.5152019796223097,0.2723499795464491,299.898,295.5977488775223,48.50927292406988
CCCCCCCC/C=C\CCCCCCCC(=O)OC,"InChI=1S/C19H36O2/c1-3-4-5-6-7-8-9-10-11-12-13-14-15-16-17-18-19(20)21-2/h10-11H,3-9,12-18H2,1-2H3/b11-10-",combined_benchmark,rf_combined,combined,8.144423900554072,8.71550909112047,1.7735577077420086,3.888224920407723,3.8045056354548596,0.11867156357031472,259.42368798257496,254.08807290004438,16.4117101969202
C=C(CC)CCCC,"InChI=1S/C8H16/c1-4-6-7-8(3)5-2/h3-7H2,1-2H3",combined_benchmark,rf_combined,combined,6.26475,3.4576444229014385,0.42306094070657607,3.14203,3.849160796437496,0.18244469806752797,188.73986,245.1219810502958,17.362792116951166
Fc1ccc(F)cc1,InChI=1S/C6H4F2/c7-5-1-2-6(8)4-3-5/h1-4H,combined_benchmark,rf_combined,combined,2.96517,2.9880716715863627,0.3740193505169638,3.5154,3.486709126063331,0.16219380441155365,263.29915,268.1845964614916,33.718750575667066
C=CCCCCCC,"InChI=1S/C8H16/c1-3-5-7-8-6-4-2/h3H,1,4-8H2,2H3",combined_benchmark,rf_combined,combined,3.78331,3.50653720491505,0.3289684061578585,3.79804,3.814864,0.07469556326851014,241.90583,246.12108096039566,11.824468397261453
CC(C)COC=O,"InChI=1S/C5H10O2/c1-5(2)3-7-4-6/h4-5H,3H2,1-2H3",combined_benchmark,rf_combined,combined,3.85433,3.611379700836549,0.43021711600651075,3.38973,3.465111934809762,0.23204424515522828,229.59887,240.27543974718733,24.041312164136556
CC(C)CCBr,"InChI=1S/C5H11Br/c1-5(2)3-4-6/h5H,3-4H2,1-2H3",combined_benchmark,rf_combined,combined,1.407562454233682,2.4195557390644735,0.37593174721936323,4.99999999841278,4.1210867869843755,0.3439143461826887,433.9909271279687,306.2534682790231,40.721289382090994
[C-]#[O+],InChI=1S/CO/c1-2,combined_benchmark,rf_combined,combined,1.32286,1.6471487107156586,0.7661338088431665,3.24532,3.1149713000001777,0.4534848982723597,91.17087,155.58695790000013,58.18757445984329
FCC(F)(F)C(F)F,"InChI=1S/C3H3F5/c4-1-3(7,8)2(5)6/h2H,1H2",combined_benchmark,rf_combined,combined,3.58945,3.2814430507861516,0.6947724722807622,3.17112,3.2395246496926347,0.13728422621052813,191.93072,184.60566357695154,17.75803775296218
CCOC(C)(C)C,"InChI=1S/C6H14O/c1-5-7-6(2,3)4/h5H2,1-4H3",combined_benchmark,rf_combined,combined,3.44898,3.381378999725138,0.9084755232607978,3.70437,3.8399857599937985,0.3129101903613074,223.19069,231.2555635278361,9.390363456807234
Clc1cccc(Cl)c1Cl,InChI=1S/C6H3Cl3/c7-4-2-1-3-5(8)6(4)9/h1-3H,combined_benchmark,rf_combined,combined,3.32058,3.2388991586137723,0.8669746515627355,3.74383,3.828298254286439,0.2987775069923961,334.18319,348.25830941241867,53.81971790384698
C=C(C)Cl,"InChI=1S/C3H5Cl/c1-3(2)4/h1H2,2H3",combined_benchmark,rf_combined,combined,1.9126,2.2896250555863333,0.3609247557413697,3.82014,3.573097927834401,0.18474754331951965,273.17104,260.6236635328107,27.919673422898775
FC1(F)C(F)(F)C(F)(F)C2(F)C(F)(F)C(F)(F)C(F)(F)C(F)(F)C2(F)C1(F)F,"InChI=1S/C10F18/c11-1-2(12,5(17,18)9(25,26)7(21,22)3(1,13)14)6(19,20)10(27,28)8(23,24)4(1,15)16",combined_benchmark,rf_combined,combined,4.72481,5.928019915641017,0.8928901330558582,4.00419,3.802712740300115,0.19531174102942872,220.63716,207.30424885848592,32.51713292694745
CCCCCCCCCCCCO,"InChI=1S/C12H26O/c1-2-3-4-5-6-7-8-9-10-11-12-13/h13H,2-12H2,1H3",combined_benchmark,rf_combined,combined,5.72518,5.302245888326325,0.5950685932051778,3.81916,3.9338689731279293,0.151321857388736,262.94819,270.27515739999967,13.441057105364566
C=C1C2CCC(C2)C1(C)C,"InChI=1S/C10H16/c1-7-8-4-5-9(6-8)10(7,2)3/h8-9H,1,4-6H2,2-3H3",combined_benchmark,rf_combined,combined,3.13504,3.2728290387540535,0.4657628804798409,4.083,4.126891754560564,0.21052773203416264,295.51029,299.06796239784876,28.995886309894946
C1COCCO1,InChI=1S/C4H8O2/c1-2-6-4-3-5-1/h1-4H2,combined_benchmark,rf_combined,combined,2.98846,2.734907675592467,0.4422757990696382,3.36587,3.4558163563303976,0.3770340418227581,275.40864,273.9734962940505,34.668747518788344
Cc1cccc(C)n1,"InChI=1S/C7H9N/c1-6-4-3-5-7(2)8-6/h3-5H,1-2H3",combined_benchmark,rf_combined,combined,3.43167,3.2719028179434404,0.3040539217878858,3.58615,3.636175000000002,0.17661268323367946,277.28095,289.59984189910216,24.340658520653555
CC(O)COC(C)COC(C)CO,"InChI=1S/C9H20O4/c1-7(11)5-12-9(3)6-13-8(2)4-10/h7-11H,4-6H2,1-3H3",combined_benchmark,rf_combined,combined,6.31493,4.239837707920396,1.131191157162986,3.40902,4.035676862076426,0.49709337355867217,158.55115,301.1842703336127,50.270761551294385
Cc1cc(C)c(C)c(C)c1,"InChI=1S/C10H14/c1-7-5-8(2)10(4)9(3)6-7/h5-6H,1-4H3",combined_benchmark,rf_combined,combined,3.78838,3.5920489335255996,0.6738024584602009,3.81133,3.8221393160944905,0.19392695789681594,292.98213,283.15060170000004,27.035644162929067
CC(C)CC(=O)O,"InChI=1S/C5H10O2/c1-4(2)3-5(6)7/h4H,3H2,1-2H3,(H,6,7)",combined_benchmark,rf_combined,combined,3.40514,3.8718686172716006,0.9471228585520653,3.57451,3.4560595327240606,0.36473561453727266,269.14134,269.81754378658934,50.55197102150587
CCCCCCCl,"InChI=1S/C6H13Cl/c1-2-3-4-5-6-7/h2-6H2,1H3",combined_benchmark,rf_combined,combined,3.55153,3.5949954156468373,0.5574391903023252,3.72398,3.769334654593349,0.23547458827243958,262.58452,263.5839188292604,7.260075008659867
[CH3].[CH3].[Hg],InChI=1S/2CH3.Hg/h2*1H3;,combined_benchmark,rf_combined,combined,1.90774,2.131513822982529,1.052037172228539,3.78655,3.709586509458767,0.4077665814367363,353.19312,243.31005904407257,50.32367535193598
NN,InChI=1S/H4N2/c1-2/h1-2H2,combined_benchmark,rf_combined,combined,3.4085,2.1581123913466156,0.9045598278416763,2.31839,2.523295300001653,0.595173290995852,155.08363,197.00854005748414,80.65987597303177
CCCCCCCCCCCCCC(C)C(C)C,"InChI=1S/C18H38/c1-5-6-7-8-9-10-11-12-13-14-15-16-18(4)17(2)3/h17-18H,5-16H2,1-4H3",combined_benchmark,rf_combined,combined,6.39318,7.320641499999994,1.5678991628573409,4.14452,4.160543899999997,0.10865733923573688,268.71914,270.94763050000006,8.803578872913604
CCCCC(O)CC,"InChI=1S/C7H16O/c1-3-5-6-7(8)4-2/h7-8H,3-6H2,1-2H3",combined_benchmark,rf_combined,combined,3.88509,3.647245295345631,0.9655256746059471,3.70955,3.7008030552559434,0.31685474759057886,252.81049,244.1916847934952,38.43543777533671
CCCCCN,"InChI=1S/C5H13N/c1-2-3-4-5-6/h2-6H2,1H3",combined_benchmark,rf_combined,combined,3.24364,3.0064610761922843,0.505782085519476,3.64534,3.719858061567201,0.35229856603526244,237.87493,217.54178250195153,53.02606772553817
CCCCCC(C)CC(C)CC(C)C,"InChI=1S/C14H30/c1-6-7-8-9-13(4)11-14(5)10-12(2)3/h12-14H,6-11H2,1-5H3",combined_benchmark,rf_combined,combined,6.27627,5.87546669847404,1.0974179574978071,3.81733,3.9346771941735392,0.14933948150160584,229.94787,242.04714560000005,14.177038012230783
CCCCCNCCCCC,"InChI=1S/C10H23N/c1-3-5-7-9-11-10-8-6-4-2/h11H,3-10H2,1-2H3",combined_benchmark,rf_combined,combined,2.56902,4.339394600000002,0.6167495634524925,4.5,4.117130463689905,0.2745931774223456,144.03655,261.71952131233604,36.83636357242575
CCCCCCCCCC(=O)OCCCC,"InChI=1S/C14H28O2/c1-3-5-7-8-9-10-11-12-14(15)16-13-6-4-2/h3-13H2,1-2H3",combined_benchmark,rf_combined,combined,6.82014,6.85908886154736,0.7130879469081118,3.77288,3.778888339361975,0.1724527930863453,248.81426,255.7123879697703,14.190071039325979
CCCCCCC(c1ccccc1)c1ccccc1,"InChI=1S/C19H24/c1-2-3-4-11-16-19(17-12-7-5-8-13-17)18-14-9-6-10-15-18/h5-10,12-15,19H,2-4,11,16H2,1H3",combined_benchmark,rf_combined,combined,7.41801,6.0185661006621265,0.7013967115505318,3.69684,3.952543034355587,0.12290453159201449,263.6466,282.93581775699045,22.612716174348428
CCCCCCCCN,"InChI=1S/C8H19N/c1-2-3-4-5-6-7-8-9/h2-9H2,1H3",combined_benchmark,rf_combined,combined,3.77186,3.2979508760372176,0.7658915566561882,3.9426,4.192587170492233,0.33159006676371533,274.90676,262.3653472966838,53.79862217576038
ClCCCCCl,InChI=1S/C4H8Cl2/c5-3-1-2-4-6/h1-4H2,combined_benchmark,rf_combined,combined,2.85528,3.1622893761213935,0.5645868505033439,3.77798,3.621502160600643,0.17756277278843483,315.50637,286.712587839623,39.09845346929201
CCCC(C)(C)C,"InChI=1S/C7H16/c1-5-6-7(2,3)4/h5-6H2,1-4H3",combined_benchmark,rf_combined,combined,2.98758,3.1051342999999996,0.5337366748107254,3.98975,3.979373900000003,0.06810186371744902,244.73503,246.88393655847895,8.977269298738712
CC(=O)CC(C)=O,"InChI=1S/C5H8O2/c1-4(6)3-5(2)7/h3H2,1-2H3",combined_benchmark,rf_combined,combined,2.14449,3.55732505618042,0.9567976345811913,4.07412,3.528708861782442,0.3405663665307456,348.86452,252.05256883527545,26.475048631386596
O=C(F)C(F)(F)F,"InChI=1S/C2F4O/c3-1(7)2(4,5)6",combined_benchmark,rf_combined,combined,3.76345,3.0863933164790813,0.6816997437014907,2.87039,3.1906838986382735,0.20161773819288453,134.60067,160.18654017561647,17.113564826242204
CCCCCCCCCC(=O)O,"InChI=1S/C10H20O2/c1-2-3-4-5-6-7-8-9-10(11)12/h2-9H2,1H3,(H,11,12)",combined_benchmark,rf_combined,combined,3.1246,5.391031746836531,0.5684546885966983,4.5,3.758030046184765,0.2416383174021417,318.86772,270.2614737878841,16.170133702633635
O=C1CCCCC1,InChI=1S/C6H10O/c7-6-4-2-1-3-5-6/h1-5H2,combined_benchmark,rf_combined,combined,2.83191,2.7703762169340655,0.46696700333080465,3.71161,3.6589728288726127,0.24562614659652882,309.90592,319.56178907460196,37.40851610998293
CCCCCC(=O)OCC(COC(=O)CCCCC)OC(=O)CCCCC,"InChI=1S/C21H38O6/c1-4-7-10-13-19(22)25-16-18(27-21(24)15-12-9-6-3)17-26-20(23)14-11-8-5-2/h18H,4-17H2,1-3H3",combined_benchmark,rf_combined,combined,9.81644,10.665836254328859,2.470747962574083,3.8214,3.8664282463640713,0.4086119372112655,246.04115,263.3939058051087,48.06653879963758
CC1CC(C)C(C)C1,"InChI=1S/C8H16/c1-6-4-7(2)8(3)5-6/h6-8H,4-5H2,1-3H3",combined_benchmark,rf_combined,combined,2.93534,3.0395429118599395,0.49992243073113585,4.05617,3.9684752700580774,0.13519305466514234,275.52874,278.1548507128679,19.99052100236062
CC(C)C(C)C(C)(C)C,"InChI=1S/C9H20/c1-7(2)8(3)9(4,5)6/h7-8H,1-6H3",combined_benchmark,rf_combined,combined,3.24524,3.3846903977082348,0.3723521763485342,4.14986,4.122889171518988,0.06392671968461257,267.96763,264.8555648771821,13.743924142772418
CCC(=O)OCc1ccco1,"InChI=1S/C8H10O3/c1-2-8(9)11-6-7-4-3-5-10-7/h3-5H,2,6H2,1H3",combined_benchmark,rf_combined,combined,5.61657,4.438673654841464,0.947299642398089,3.24379,3.535339659291688,0.36656430010706503,239.60235,278.9606997145454,39.69162949152535
FC(F)=CCl,InChI=1S/C2HClF2/c3-1-2(4)5/h1H,combined_benchmark,rf_combined,combined,2.54285,2.563024075768482,0.3212214440528145,3.27944,3.3249535612629564,0.25373134235420625,202.77134,228.46309810659233,37.51227788469363
FC(F)(F)C(F)(F)C(F)(C(F)(F)F)C(F)(F)F,"InChI=1S/C5F12/c6-1(3(9,10)11,4(12,13)14)2(7,8)5(15,16)17",combined_benchmark,rf_combined,combined,4.38356,4.407461499999997,0.3414816964593416,3.56051,3.6580214011614838,0.16723212115527814,168.85714,175.87684967439714,9.015523740532684
C1CC1,InChI=1S/C3H6/c1-2-3-1/h1-3H2,combined_benchmark,rf_combined,combined,1.85512,1.8549473320602683,0.37185365122962083,3.47557,3.519614415157351,0.21955101691669182,232.78501,252.6887305746121,39.86239476343118
CCCC(C)CCC,"InChI=1S/C8H18/c1-4-6-8(3)7-5-2/h8H,4-7H2,1-3H3",combined_benchmark,rf_combined,combined,3.62643,3.589180920544215,0.5239541330180075,3.88212,3.949231198625715,0.11919227229923801,244.25758,247.2077348958093,8.90428264802097
CCCC(C)CO,"InChI=1S/C6H14O/c1-3-4-6(2)5-7/h6-7H,3-5H2,1-2H3",combined_benchmark,rf_combined,combined,4.85376,2.81987582958706,0.6038792673266676,3.25213,3.913227121922184,0.35237403636362413,217.31037,196.52841868788403,90.61567361718176
FC(F)(F)CC(F)(F)F,"InChI=1S/C3H2F6/c4-2(5,6)1-3(7,8)9/h1H2",combined_benchmark,rf_combined,combined,3.63863,3.6806456603504447,1.7360665400226631,3.23096,3.2571305245952917,0.16191107235166438,169.44952,172.0846460535158,15.7959643306678
c1ccc(-c2cccc(-c3ccccc3)c2)cc1,InChI=1S/C18H14/c1-3-8-15(9-4-1)17-12-7-13-18(14-17)16-10-5-2-6-11-16/h1-14H,combined_benchmark,rf_combined,combined,5.51325,5.315234164574329,0.4728793713165343,3.82612,3.8735007745061356,0.121390443219677,333.12204,327.5641278999997,27.468117107013548
CCCCCCCCCCc1ccccc1,"InChI=1S/C16H26/c1-2-3-4-5-6-7-8-10-13-16-14-11-9-12-15-16/h9,11-12,14-15H,2-8,10,13H2,1H3",combined_benchmark,rf_combined,combined,6.06829,5.701660278982216,0.5872003695958831,3.90803,3.917089200000004,0.07451050856999977,272.88466,273.54096116149157,7.581941975666855
CC(C)(O)c1ccccc1,"InChI=1S/C9H12O/c1-9(2,10)8-6-4-3-5-7-8/h3-7,10H,1-2H3",combined_benchmark,rf_combined,combined,2.26357,3.761065547599972,0.7878105353379257,4.5,3.7101563137520213,0.29542426845462033,373.07364,291.1923792666632,32.6884054426683
COC(=O)c1ccc(C=O)cc1,"InChI=1S/C9H8O3/c1-12-9(11)8-4-2-7(6-10)3-5-8/h2-6H,1H3",combined_benchmark,rf_combined,combined,4.83835,3.715533997508121,1.2667839334370492,3.42934,3.6211702324370743,0.3400573996281141,301.80829,321.11183270821857,54.28320849492647
COC,InChI=1S/C2H6O/c1-3-2/h1-2H3,combined_benchmark,rf_combined,combined,2.2311,2.446369472082226,0.506782635435813,3.27738,3.2499537817395816,0.20769828283331607,212.16575,213.09643452719882,26.890225747556144
C[Si](C)(C)O[Si](C)(C)O[Si](C)(C)O[Si](C)(C)O[Si](C)(C)O[Si](C)(C)O[Si](C)(C)O[Si](C)(C)C,"InChI=1S/C18H54O7Si8/c1-26(2,3)19-28(7,8)21-30(11,12)23-32(15,16)25-33(17,18)24-31(13,14)22-29(9,10)20-27(4,5)6/h1-18H3",combined_benchmark,rf_combined,combined,12.24174,13.430383443288695,3.487492490330934,4.16199,4.106071267145894,0.26566562824801354,196.32126,200.28088423949453,26.252487563767765
COC(=O)Oc1ccccc1,"InChI=1S/C8H8O3/c1-10-8(9)11-7-5-3-2-4-6-7/h2-6H,1H3",combined_benchmark,rf_combined,combined,3.91714,3.7892595781814737,1.136385148447445,3.62479,3.520275274018547,0.35370768663356544,302.94046,311.33458724448667,56.405461553460114
CCc1cccs1,"InChI=1S/C6H8S/c1-2-6-4-3-5-7-6/h3-5H,2H2,1H3",combined_benchmark,rf_combined,combined,3.23193,3.061436672652452,0.449917598169787,3.62393,3.793212680568782,0.2884944659947997,282.4304,322.15341864046053,57.056933087822195
CCC(C)c1ccccc1O,"InChI=1S/C10H14O/c1-3-8(2)9-6-4-5-7-10(9)11/h4-8,11H,3H2,1-2H3",combined_benchmark,rf_combined,combined,4.64573,3.506236149630587,1.2901392918746992,3.59491,4.031703657526638,0.5204494516613878,281.24146,323.72196611522315,76.96918725955885
C=C(F)F,InChI=1S/C2H2F2/c1-2(3)4/h1H2,combined_benchmark,rf_combined,combined,2.0273,2.338450830277825,0.32280191766874555,3.28538,3.1934679908973775,0.2449035923249604,164.01206,210.2724759472204,61.73268203270693
CC#CC,InChI=1S/C4H6/c1-3-4-2/h1-2H3,combined_benchmark,rf_combined,combined,2.44696,2.419857133109034,0.4208405228694483,3.42159,3.5102480501083835,0.22728985213069597,246.06782,236.87197838002615,37.48018707321622
C=CCCC(C)=O,"InChI=1S/C6H10O/c1-3-4-5-6(2)7/h3H,1,4-5H2,2H3",combined_benchmark,rf_combined,combined,3.79292,3.209878521258407,0.5596291855313209,3.44147,3.544411074311035,0.20803863445013943,253.38943,251.24313420605563,29.64461489356132
Clc1ccccc1,InChI=1S/C6H5Cl/c7-6-4-2-1-3-5-6/h1-5H,combined_benchmark,rf_combined,combined,2.65893,2.8123454819061346,0.27306526224020816,3.74859,3.677936614677006,0.14938561091641805,312.77973,313.3690913793111,21.14643396022926
CN(CCO)CCO,"InChI=1S/C5H13NO2/c1-6(2-4-7)3-5-8/h7-8H,2-5H2,1H3",combined_benchmark,rf_combined,combined,2.23789,3.184264132748904,1.4313037405574445,4.31149,3.899777302738061,0.6281164893837216,355.96367,287.1687764786741,67.89256203441956
CCCCCCCCCCCCCCC(C)C(C)C,"InChI=1S/C19H40/c1-5-6-7-8-9-10-11-12-13-14-15-16-17-19(4)18(2)3/h18-19H,5-17H2,1-4H3",combined_benchmark,rf_combined,combined,6.57061,7.308691599999995,1.2804623047717725,4.18054,4.217762299999995,0.10781474296083086,271.46348,274.4523854999998,9.044065951236353
CCC(C)[N+](=O)[O-],"InChI=1S/C4H9NO2/c1-3-4(2)5(6)7/h4H,3H2,1-2H3",combined_benchmark,rf_combined,combined,3.19131,3.220776074207013,0.7823900164296876,3.57479,3.476029995861187,0.23582773858693437,288.14137,281.3592209920218,48.04564947921744
CCC=C(C)CC,"InChI=1S/C7H14/c1-4-6-7(3)5-2/h6H,4-5H2,1-3H3",combined_benchmark,rf_combined,combined,3.40918,3.0972883163316443,0.3800273614380469,3.74143,3.8172994307496966,0.12601146978102873,240.73157,245.9357025788444,7.96122958483854
CCCC(=O)c1ccccc1,"InChI=1S/C10H12O/c1-2-6-10(11)9-7-4-3-5-8-9/h3-5,7-8H,2,6H2,1H3",combined_benchmark,rf_combined,combined,5.58327,4.525030890012063,0.7138664374974192,3.3315,3.6059454523738146,0.2595477194009307,259.03428,280.3344763976451,19.959201239665123
CCCCCCCCCCCC(=O)OCCCC,"InChI=1S/C16H32O2/c1-3-5-7-8-9-10-11-12-13-14-16(17)18-15-6-4-2/h3-15H2,1-2H3",combined_benchmark,rf_combined,combined,9.02208,7.733616584858185,0.9287905250264018,3.56685,3.8115980420935744,0.21427100444759767,232.33329,255.97989963866388,16.617966048656037
SS,InChI=1S/H2S2/c1-2/h1-2H,combined_benchmark,rf_combined,combined,2.755198522936561,1.706935091346616,0.3363403932466217,2.897301506667024,3.3519757002104935,0.40494894358718525,257.7278604613456,318.1646915652855,88.68580624579927
CCOP(=O)(OCC)OCC,"InChI=1S/C6H15O4P/c1-4-8-11(7,9-5-2)10-6-3/h4-6H2,1-3H3",combined_benchmark,rf_combined,combined,5.70786,5.287799620478655,5.35169552417479,3.43785,3.6831094662763717,0.43227278299671257,243.78147,243.46204694093467,27.644260278507943
CCCCOC(=O)C(=O)OCCCC,"InChI=1S/C10H18O4/c1-3-5-7-13-9(11)10(12)14-8-6-4-2/h3-8H2,1-2H3",combined_benchmark,rf_combined,combined,6.02673,6.570240799581493,1.5993382102706823,3.60949,3.560034743549048,0.2441447134065502,255.21388,258.33887212600933,26.48408165571918
CCCCCO,"InChI=1S/C5H12O/c1-2-3-4-5-6/h6H,2-5H2,1H3",combined_benchmark,rf_combined,combined,3.59032,2.900642776491263,0.6136067587017983,3.46552,3.7412753614881513,0.40878319030161936,245.26634,285.71123321800025,44.77512613361603
CCCCCCCF,"InChI=1S/C7H15F/c1-2-3-4-5-6-7-8/h2-7H2,1H3",combined_benchmark,rf_combined,combined,2.274735368515095,3.4875795566268954,0.6459726025156382,4.446165893793053,3.9127627557520266,0.42237208668997084,319.6807770863178,276.7995415650572,30.354992999317574
ClCCCCCCC(Cl)(Cl)Cl,"InChI=1S/C7H12Cl4/c8-6-4-2-1-3-5-7(9,10)11/h1-6H2",combined_benchmark,rf_combined,combined,7.81621,6.704638441356795,2.0731109353072275,3.18089,3.48423988268981,0.5820674644646161,227.01493,235.1726192356126,46.95304914832121
C/C=C\C,"InChI=1S/C4H8/c1-3-4-2/h3-4H,1-2H3/b4-3-",combined_benchmark,rf_combined,combined,2.384309536190128,2.334724042776846,0.11382462153872532,3.5595589147423343,3.6199573268509533,0.04049177978067191,226.21516804498944,227.60218013831877,5.533298622573488
CCN(O)CC,"InChI=1S/C4H11NO/c1-3-5(6)4-2/h6H,3-4H2,1-2H3",combined_benchmark,rf_combined,combined,4.3918,3.0495434255309113,0.899649118677245,3.17247,3.510206070280754,0.4039100891844633,231.04972,280.1838548607742,55.54120069579867
CC1CCC(=O)C1,"InChI=1S/C6H10O/c1-5-2-3-6(7)4-5/h5H,2-4H2,1H3",combined_benchmark,rf_combined,combined,3.16271,2.9112945886934125,0.5344947708641292,3.6008,3.6944186557043572,0.2663627166144734,282.17998,306.5842776357474,14.82550763565467
CCCCC(C)C(=O)O,"InChI=1S/C7H14O2/c1-3-4-5-6(2)7(8)9/h6H,3-5H2,1-2H3,(H,8,9)",combined_benchmark,rf_combined,combined,5.73449,4.2333758360112235,1.084657151356301,2.85689,3.745716782110883,0.3660722999940769,96.27318,269.88345673673007,44.762319172715664
OCCNCCO,"InChI=1S/C4H11NO2/c6-3-1-5-2-4-7/h5-7H,1-4H2",combined_benchmark,rf_combined,combined,7.8196,2.997250878719467,1.514311778118019,2.51778,3.980786923472018,0.5518455144025998,132.88053,307.9006471973525,87.20212425489325
CC(C)(C)C#N,"InChI=1S/C5H9N/c1-5(2,3)4-6/h1-3H3",combined_benchmark,rf_combined,combined,2.98099,2.706448532982874,0.39927196907396517,3.65941,3.7049735740929206,0.29448382977344734,245.50033,286.72816001879823,66.61667090383764
CC(C)OC(C)C,"InChI=1S/C6H14O/c1-5(2)7-6(3)4/h5-6H,1-4H3",combined_benchmark,rf_combined,combined,3.54969,3.487658028718467,0.9293225519539313,3.6858,3.765116426004474,0.33566080805077525,216.5288,232.9208306965486,12.964236681974029
Cn1c2c(c3ccccc31)CCCC2,"InChI=1S/C13H15N/c1-14-12-8-4-2-6-10(12)11-7-3-5-9-13(11)14/h2,4,6,8H,3,5,7,9H2,1H3",combined_benchmark,rf_combined,combined,4.46014,4.462763416835038,0.8575282645866231,3.8373,3.854214200188739,0.39471034535522453,350.86129,336.215096397417,55.3026755229408
FC(F)(Br)C(F)(F)Br,"InChI=1S/C2Br2F4/c3-1(5,6)2(4,7)8",combined_benchmark,rf_combined,combined,2.72195,3.1355127206148863,0.7533887507872108,3.79323,3.7030813981849495,0.2621270473202498,238.22957,222.52763011669623,43.46908431792931
CCCCCOC(=O)CCCC,"InChI=1S/C10H20O2/c1-3-5-7-9-12-10(11)8-6-4-2/h3-9H2,1-2H3",combined_benchmark,rf_combined,combined,3.726893516785762,5.815337177107639,0.9620835262012966,4.214068874331672,3.6445101000000037,0.17646745945071574,292.0880026989663,247.84771949999995,12.591071713917708
C=CC1CC=CCC1,"InChI=1S/C8H12/c1-2-8-6-4-3-5-7-8/h2-4,8H,1,5-7H2",combined_benchmark,rf_combined,combined,2.94019,3.017296228698157,0.43839795808578075,3.91368,3.950668028161025,0.25538322245003503,287.72379,288.25374608048435,28.62651476253502
II,InChI=1S/I2/c1-2,combined_benchmark,rf_combined,combined,2.02474,1.754009599999999,0.294829044847756,3.50445,3.498193370542418,0.275493815102639,443.64679,340.0196461015259,36.69369096788269
COC(C(F)(F)F)C(F)(F)F,"InChI=1S/C4H4F6O/c1-11-2(3(5,6)7)4(8,9)10/h2H,1H3",combined_benchmark,rf_combined,combined,4.38722,4.060370061910614,0.8096137132588143,3.30307,3.281981822015073,0.1956537730587902,185.45412,183.11777085743327,15.059518821190144
CCCCOCCOCCO,"InChI=1S/C8H18O3/c1-2-3-5-10-7-8-11-6-4-9/h9H,2-8H2,1H3",combined_benchmark,rf_combined,combined,4.18108,4.529646497621549,1.2344624046988641,3.889,3.9688439256588466,0.4887909459298966,274.29093,264.8978725190362,46.06344595510308
C1=CCC=C1,"InChI=1S/C5H6/c1-2-4-5-3-1/h1-4H,5H2",combined_benchmark,rf_combined,combined,2.02526,2.5320648969947626,0.29454118756868436,3.7433,3.616785311067354,0.19077793776788618,286.49392,277.84463328386533,29.30930425563608
CCCCCC(C)=O,"InChI=1S/C7H14O/c1-3-4-5-6-7(2)8/h3-6H2,1-2H3",combined_benchmark,rf_combined,combined,3.98679,3.781271828759779,0.5634520804727985,3.62233,3.6505906555749,0.2047819644444658,254.80798,249.24580463998137,10.514177808911876
FC(F)(F)C(F)(Cl)C(F)(F)Cl,"InChI=1S/C3Cl2F6/c4-1(6,2(5,7)8)3(9,10)11",combined_benchmark,rf_combined,combined,2.92332,4.240676592176832,1.8777446885505955,3.85802,3.6332180499845546,0.2927224928310061,215.52046,221.48668760000012,34.064215361263734
BrC1CCCC1,"InChI=1S/C5H9Br/c6-5-3-1-2-4-5/h5H,1-4H2",combined_benchmark,rf_combined,combined,2.984638011132281,2.567420195451113,0.4620722799517636,3.656050884625981,3.874094348573033,0.3088247303522214,297.6106816037891,318.26200531103694,30.10435835961803
CC(C)OC=O,"InChI=1S/C4H8O2/c1-4(2)6-3-5/h3-4H,1-2H3",combined_benchmark,rf_combined,combined,2.75098021644262,3.4573580350498583,0.40340440767674274,3.614453416118076,3.3847021220783957,0.2020213640292029,256.9701185144143,236.98265418163595,21.02010786310514
FC(F)(F)C1(F)C(F)(F)C(F)(F)C(F)(F)C(F)(C(F)(F)F)C1(F)F,"InChI=1S/C8F16/c9-1(7(19,20)21)3(11,12)2(10,8(22,23)24)5(15,16)6(17,18)4(1,13)14",combined_benchmark,rf_combined,combined,4.79141,5.026183167734785,0.6697799636880257,3.80826,3.8155413425420375,0.16584289489882306,198.24067,190.67803757984612,14.190658283138804
CC=CCC,"InChI=1S/C5H10/c1-3-5-4-2/h3,5H,4H2,1-2H3",combined_benchmark,rf_combined,combined,2.4197,2.755686438958851,0.21846934205634094,3.81623,3.643005487129622,0.05717559920216928,247.87781,230.8121873337914,8.947948048187651
CCCC[N+](=O)[O-],"InChI=1S/C4H9NO2/c1-2-3-4-5(6)7/h2-4H2,1H3",combined_benchmark,rf_combined,combined,3.617,3.3358110061210646,0.6476978741583157,3.4261,3.470349880843562,0.1857085719844491,264.38587,269.636078849595,22.60402646939307
CCCC(=O)OCCC(C)C,"InChI=1S/C9H18O2/c1-4-5-9(10)11-7-6-8(2)3/h8H,4-7H2,1-3H3",combined_benchmark,rf_combined,combined,4.32649,4.5854653701625345,0.7537898792375792,3.86864,3.730447999299082,0.2741838258874752,257.58553,244.14494121432486,14.545356659006233
CCCC#N,"InChI=1S/C4H7N/c1-2-3-4-5/h2-3H2,1H3",combined_benchmark,rf_combined,combined,2.88184,2.5551225436830016,0.516434659618448,3.46741,3.5454600494806146,0.19147094480460092,252.19399,274.69593643053184,56.4802790999235
COc1ccccc1,"InChI=1S/C7H8O/c1-8-7-5-3-2-4-6-7/h2-6H,1H3",combined_benchmark,rf_combined,combined,3.43219,3.425474677508372,0.763356087208159,3.51952,3.524165700651421,0.2994809283956914,286.44042,296.1203979239276,41.566016659864516
CCC(C)CC(C)C,"InChI=1S/C8H18/c1-5-8(4)6-7(2)3/h7-8H,5-6H2,1-4H3",combined_benchmark,rf_combined,combined,3.45038,3.419039167622718,0.3428440191424523,3.95994,3.9473767747533426,0.10269301981339914,244.70926,242.7590554990111,10.36785849971286
c1ccc(Oc2ccccc2)cc1,InChI=1S/C12H10O/c1-3-7-11(8-4-1)13-12-9-5-2-6-10-12/h1-10H,combined_benchmark,rf_combined,combined,4.07429,4.10379606379371,1.6457684443482503,3.80837,3.7573132864151364,0.3537264323493754,320.66953,317.2723524395976,43.29492089205573
CCCCCCCc1ccccc1,"InChI=1S/C13H20/c1-2-3-4-5-7-10-13-11-8-6-9-12-13/h6,8-9,11-12H,2-5,7,10H2,1H3",combined_benchmark,rf_combined,combined,4.98783,5.2238749789822165,0.7126394747596125,3.8621,3.9052395986257147,0.11961541272855158,274.88065,279.9029940161605,9.116610938376972
CCCC,"InChI=1S/C4H10/c1-3-4-2/h3-4H2,1-2H3",combined_benchmark,rf_combined,combined,2.31121,2.424933922148808,0.2538001165702402,3.71557,3.67738404104569,0.10273589878445,224.06583,230.6676054396961,19.257233625287554
Cc1ccc(C)cc1,"InChI=1S/C8H10/c1-7-3-5-8(2)6-4-7/h3-6H,1-2H3",combined_esper_subset,rf_combined,esper,3.12139,3.169354101178402,0.21643460360474653,3.78548,3.762838059969164,0.0644048881248407,286.60798,286.6296777393482,11.307105042652115
OCCNCCNCCO,"InChI=1S/C6H16N2O2/c9-5-3-7-1-2-8-4-6-10/h7-10H,1-6H2",combined_esper_subset,rf_combined,esper,4.38495,4.901555721842874,1.7678984080350104,3.65422,3.602148819243675,0.6130672084224433,316.92695,280.66131115868455,82.37179829228168
CCCCCC(C)CO,"InChI=1S/C8H18O/c1-3-4-5-6-8(2)7-9/h8-9H,3-7H2,1-2H3",combined_esper_subset,rf_combined,esper,2.62364,4.207881899475263,1.0143657806311852,4.46435,3.729302947059478,0.2811355528445685,330.61678,164.12767772330557,67.92177867861048
CCOC(=O)CC#N,"InChI=1S/C5H7NO2/c1-2-8-5(7)3-4-6/h2-3H2,1H3",combined_esper_subset,rf_combined,esper,4.45764,4.065470617827187,0.9605662903719872,3.22649,3.263245409796225,0.3583775196563258,283.2992,294.37173230261754,76.9238254601182
Cc1c[nH]c(C)c1,"InChI=1S/C6H9N/c1-5-3-6(2)7-4-5/h3-4,7H,1-2H3",combined_esper_subset,rf_combined,esper,4.57531,3.871408089778447,0.9799816209879866,3.13061,3.3688230613111414,0.3037602643500405,255.59742,273.31776042248816,32.850827212640326
CCCCCCCCCS,"InChI=1S/C9H20S/c1-2-3-4-5-6-7-8-9-10/h10H,2-9H2,1H3",combined_esper_subset,rf_combined,esper,2.98269,4.576816613594439,0.4950284224490695,4.5,4.026537700000002,0.1811100149569593,289.28833,287.49262190000053,8.723540523918802
Cc1ccc(O)cc1C,"InChI=1S/C8H10O/c1-6-3-4-8(9)5-7(6)2/h3-5,9H,1-2H3",combined_esper_subset,rf_combined,esper,1.93625,3.06749848958228,0.8712275023990766,4.5,3.878996066839025,0.3278795087077868,346.22103,285.44830836224526,58.412076271547804
CC1(C)CCCC1,"InChI=1S/C7H14/c1-7(2)5-3-4-6-7/h3-6H2,1-2H3",combined_esper_subset,rf_combined,esper,2.86006,2.782746535245437,0.2870986685227182,3.90156,3.9566821876134814,0.10309644933630555,260.39951,270.19308759999996,14.577226945815182
CCCCCCCCCBr,"InChI=1S/C9H19Br/c1-2-3-4-5-6-7-8-9-10/h2-9H2,1H3",combined_esper_subset,rf_combined,esper,5.10036,4.8308365,0.7260933342489447,3.70925,3.7053199871825138,0.214241908168279,260.15625,271.62227329744155,17.64312389274931
FI(F)(F)(F)F,"InChI=1S/F5I/c1-6(2,3,4)5",combined_esper_subset,rf_combined,esper,4.47908,2.866903672919453,1.154029251605013,2.71264,3.7867184791149633,0.315790116717181,224.82944,180.82948794371765,61.501349896629456
CC(=O)OCC(COC(C)=O)OC(C)=O,"InChI=1S/C9H14O6/c1-6(10)13-4-9(15-8(3)12)5-14-7(2)11/h9H,4-5H2,1-3H3",combined_esper_subset,rf_combined,esper,7.8274,6.729162206853114,1.7430931380293468,3.20052,3.628205962182697,0.4957731327712585,234.44781,266.08574732722326,72.51291228429808
C=CCc1ccc(O)c(OC)c1,"InChI=1S/C10H12O2/c1-3-4-8-5-6-9(11)10(7-8)12-2/h3,5-7,11H,1,4H2,2H3",combined_esper_subset,rf_combined,esper,2.58307,4.0284629580518265,2.1969770336699344,4.47169,4.034819453273946,0.5386726580011252,354.47428,331.53709590522516,80.43463283951871
CC[Si](Cl)(Cl)CC,"InChI=1S/C4H10Cl2Si/c1-3-7(5,6)4-2/h3-4H2,1-2H3",combined_esper_subset,rf_combined,esper,3.32894,3.189798932346502,0.6921393391323699,3.90791,3.906242519153295,0.292330764416503,264.23698,263.2269323972118,32.29772190465662
c1ccc2c(c1)cnc1ccccc12,InChI=1S/C13H9N/c1-2-6-11-10(5-1)9-14-13-8-4-3-7-12(11)13/h1-9H,combined_esper_subset,rf_combined,esper,3.81408,4.355653067551396,2.0828157344423404,3.90259,3.82822228668589,0.32746872126209653,394.6459,388.9321571732438,21.566229177435194
CCCCCCCCCCCCCCN,"InChI=1S/C14H31N/c1-2-3-4-5-6-7-8-9-10-11-12-13-14-15/h2-15H2,1H3",combined_esper_subset,rf_combined,esper,6.21996,5.815789046836532,0.7188499682938987,3.91016,4.023653738345747,0.21319445254073693,266.61283,238.78431511610597,43.59745649880012
C1=CC2C3C=CC(C3)C2C1,"InChI=1S/C10H12/c1-2-9-7-4-5-8(6-7)10(9)3-1/h1-2,4-5,7-10H,3,6H2",combined_esper_subset,rf_combined,esper,2.54336,3.409252041746991,0.7447153379444368,4.21529,3.9874577498787063,0.22940281329057724,350.27415,304.1336016454849,37.632989186727926
CC(Br)CBr,"InChI=1S/C3H6Br2/c1-3(5)2-4/h3H,2H2,1H3",combined_esper_subset,rf_combined,esper,2.7684,2.781505699356147,0.34442906585034233,3.72247,3.774655802892782,0.2550146784366158,313.7478,308.0336226059004,21.813550007567603
CO[Si](C)(C)OC,"InChI=1S/C4H12O2Si/c1-5-7(3,4)6-2/h1-4H3",combined_esper_subset,rf_combined,esper,3.69521,3.3180996926912343,0.8857889119584622,3.62922,3.896114981812555,0.5423606121906485,221.1442,263.4778882982401,47.51623281673925
CC(C)I,"InChI=1S/C3H7I/c1-3(2)4/h3H,1-2H3",combined_esper_subset,rf_combined,esper,2.24416,2.3614279048984,0.20127139946120887,3.91132,3.747080896437782,0.1762383467500164,304.3131,300.0667965038467,26.156179363541035
OO,InChI=1S/H2O2/c1-2/h1-2H,combined_esper_subset,rf_combined,esper,3.12821,2.0564648740398472,1.006558070045434,2.17312,2.7402604000010244,0.4440570169621774,159.79095,185.1741058389586,100.09484529920944
CC(C)C1CCCC1,"InChI=1S/C8H16/c1-7(2)8-5-3-4-6-8/h7-8H,3-6H2,1-2H3",combined_esper_subset,rf_combined,esper,2.92875,2.9081950448992786,0.347562059411991,4.04986,3.9940083480364477,0.093925771177076,283.74552,280.5369657169329,11.941175090140922
[AsH3],InChI=1S/AsH3/h1H3,combined_esper_subset,rf_combined,esper,1.04468,1.4751577999999992,0.3282882749797196,3.96443,3.374515859066113,0.32216629822975873,290.02617,238.9237157999997,41.7306154985545
CC=NO,"InChI=1S/C2H5NO/c1-2-3-4/h2,4H,1H3",combined_esper_subset,rf_combined,esper,4.22473,2.682166923698928,0.7975186141938962,2.68578,3.3353658257545167,0.43392004216215746,205.65451,278.57065533602173,91.65285677515955
CC(C)(C)C(=O)O,"InChI=1S/C5H10O2/c1-5(2,3)4(6)7/h1-3H3,(H,6,7)",combined_esper_subset,rf_combined,esper,5.93129,3.4494153579168447,0.9768474604125962,2.92747,3.511467237516846,0.48647648537770366,222.2911,269.01981293867806,46.81288595863736
CCCCCCCCCCC(C)CC(C)C,"InChI=1S/C16H34/c1-5-6-7-8-9-10-11-12-13-16(4)14-15(2)3/h15-16H,5-14H2,1-4H3",combined_esper_subset,rf_combined,esper,6.90581,6.823883500000002,1.1711281264297044,3.87092,3.7477410999999954,0.11627457384050048,239.81844,227.60662940000012,11.083881560706413
CCn1c2ccccc2c2ccccc21,"InChI=1S/C14H13N/c1-2-15-13-9-5-3-7-11(13)12-8-4-6-10-14(12)15/h3-10H,2H2,1H3",combined_esper_subset,rf_combined,esper,4.77542,4.91314875051519,1.0584109504573398,3.78804,3.8803072384520063,0.22121531872454234,341.28767,325.02708141714885,51.408693724298956
CCCCCCCCC(C)CC,"InChI=1S/C12H26/c1-4-6-7-8-9-10-11-12(3)5-2/h12H,4-11H2,1-3H3",combined_esper_subset,rf_combined,esper,4.59616,5.417088300000002,0.4653469499224317,4.07712,3.9577778999999946,0.11754583625373555,265.03999,251.22434140806286,11.554053927583185
CCCCCS,"InChI=1S/C5H12S/c1-2-3-4-5-6/h6H,2-5H2,1H3",combined_esper_subset,rf_combined,esper,2.92309,3.073715523704288,0.3648989131808205,3.87121,3.835340761324035,0.2723380182749748,284.25802,288.9196507661044,26.605221561853664
O=[N+]([O-])c1ccc(F)cc1,InChI=1S/C6H4FNO2/c7-5-1-3-6(4-2-5)8(9)10/h1-4H,combined_esper_subset,rf_combined,esper,3.28078,3.4199421702055686,0.2674219576144834,3.59254,3.551029887121842,0.1207086504910987,326.55734,303.1600971760145,41.11822248967938
CC(CO)CO,"InChI=1S/C4H10O2/c1-4(2-5)3-6/h4-6H,2-3H2,1H3",combined_esper_subset,rf_combined,esper,1.53927,2.7866850635023455,1.1340441960051566,4.5,3.7427025576886477,0.5265928431831977,393.91842,286.9960524669948,80.43719536664736
CCN(CC)CC,"InChI=1S/C6H15N/c1-4-7(5-2)6-3/h4-6H2,1-3H3",combined_esper_subset,rf_combined,esper,3.29493,3.340807576653317,0.5676855217018076,3.7908,3.8491041399066264,0.36906862571266175,240.45519,239.24796325824303,28.670079968960998
CCCCCCCCC1CC2CC(C)CCC2CC1C,"InChI=1S/C20H38/c1-4-5-6-7-8-9-10-18-15-20-13-16(2)11-12-19(20)14-17(18)3/h16-20H,4-15H2,1-3H3",combined_esper_subset,rf_combined,esper,6.2911,6.89726861567593,1.668646078960266,4.17871,4.0936134715189905,0.11458431791227788,291.22064,288.3385553150431,20.335601602945086
C=CBr,"InChI=1S/C2H3Br/c1-2-3/h2H,1H2",combined_esper_subset,rf_combined,esper,1.55373,2.0343038971586505,0.22599503259346057,3.86848,3.570873531847243,0.15614179992889382,307.67039,282.8365385957631,32.26508855177488
CCCCCCCCCCOC(C)=O,"InChI=1S/C12H24O2/c1-3-4-5-6-7-8-9-10-11-14-12(2)13/h3-11H2,1-2H3",combined_esper_subset,rf_combined,esper,6.49423,6.2536703600041355,0.8763822441313674,3.65401,3.6385095673618713,0.1779829715851399,242.86719,238.33365303185877,9.699075900711204
O=S(=O)(O)Cl,"InChI=1S/ClHO3S/c1-5(2,3)4/h(H,2,3,4)",combined_esper_subset,rf_combined,esper,1.42272,3.1818941284880977,1.1995475963729507,3.92108,3.5422386193006794,0.3591668678332486,194.6078,274.2666189936939,56.03678488825633
C1CCCCCCC1,InChI=1S/C8H16/c1-2-4-6-8-7-5-3-1/h1-8H2,combined_esper_subset,rf_combined,esper,2.93798,2.9318257156291656,0.4195623758290451,3.97827,3.931518500547922,0.3447239425964097,303.94822,298.40319970000013,31.215939815952694
CCC[Ge](CCC)(CCC)CCC,"InChI=1S/C12H28Ge/c1-5-9-13(10-6-2,11-7-3)12-8-4/h5-12H2,1-4H3",combined_esper_subset,rf_combined,esper,5.89559,6.658781312629121,1.3846874883246842,3.90291,3.9554161476430942,0.2139875550200765,241.05822,241.64694433217304,36.72275021182402
Cl[Si](Cl)(Cl)Cl,"InChI=1S/Cl4Si/c1-5(2,3)4",combined_esper_subset,rf_combined,esper,2.58094,2.4734204037957315,0.7550031828258897,3.8323,3.822829671747826,0.26476900652955143,254.38238,278.5405364489257,51.44011282169607
CCC=CC(C)(C)C,"InChI=1S/C8H16/c1-5-6-7-8(2,3)4/h6-7H,5H2,1-4H3",combined_esper_subset,rf_combined,esper,3.62903,3.365527648197615,0.36218662160549386,3.84198,3.9597750596745227,0.1387420852188477,233.29859,253.76851273897162,12.873575195859512
COC(=O)CCCCCCCC(=O)OC,"InChI=1S/C11H20O4/c1-14-10(12)8-6-4-3-5-7-9-11(13)15-2/h3-9H2,1-2H3",combined_esper_subset,rf_combined,esper,7.18912,6.8222930288641805,0.9784548926474149,3.45916,3.5004362582996826,0.2741434173337413,248.23006,240.65960370296062,25.587050048808326
CF,InChI=1S/CH3F/c1-2/h1H3,combined_esper_subset,rf_combined,esper,2.0437,2.1149306720822247,0.4370909808986697,2.89783,2.914763200000776,0.26875622302583946,152.84981,203.6110574622433,56.024843222471496
FC(F)(F)C(F)(F)C(F)(F)C(F)(F)C(F)(F)C(F)(F)C(F)(F)C(F)(F)C(F)(F)F,"InChI=1S/C9F20/c10-1(11,2(12,13)4(16,17)6(20,21)8(24,25)26)3(14,15)5(18,19)7(22,23)9(27,28)29",combined_esper_subset,rf_combined,esper,6.50662,6.209757567331761,0.5838801381056968,3.72925,3.8270291118790136,0.0713459897605509,180.65081,188.48280480000008,7.505758747376371
COP(C)(=O)OC,"InChI=1S/C3H9O3P/c1-5-7(3,4)6-2/h1-3H3",combined_esper_subset,rf_combined,esper,3.8572,3.5079730030612946,0.6752663486210656,3.37305,3.676599750328827,0.37712488610449324,288.31614,256.3890888432278,33.140795469532094
ClSCl,InChI=1S/Cl2S/c1-3-2,combined_esper_subset,rf_combined,esper,2.11157,2.047487399999999,0.3771811133331573,3.40861,3.601839626135367,0.2855244923027883,305.13997,315.6725324725066,44.60749249321264
CCCCOC(=O)c1ccc(C(=O)OCCCC)cc1,"InChI=1S/C16H22O4/c1-3-5-11-19-15(17)13-7-9-14(10-8-13)16(18)20-12-6-4-2/h7-10H,3-6,11-12H2,1-2H3",combined_esper_subset,rf_combined,esper,7.70104,6.975610658047381,1.1104994650071756,3.65909,3.7191062844998664,0.24719183794787494,270.08074,269.3260442831769,17.661779071537808
C1=CCC=CC1,"InChI=1S/C6H8/c1-2-4-6-5-3-1/h1-2,5-6H,3-4H2",combined_esper_subset,rf_combined,esper,2.591,2.712722745241174,0.23906770677232725,3.63991,3.741878506981409,0.1857152934999413,285.76392,286.3083568248815,28.416793887910398
CCCCCCCCC1CCCCC1,"InChI=1S/C14H28/c1-2-3-4-5-6-8-11-14-12-9-7-10-13-14/h14H,2-13H2,1H3",combined_esper_subset,rf_combined,esper,5.14602,5.263813222754517,0.7885133782908387,4.03342,3.9799107999999976,0.04941901772961501,277.80431,273.90933599999994,9.02460927029376
CC(C)CCOC(=O)CC(C)C,"InChI=1S/C10H20O2/c1-8(2)5-6-12-10(11)7-9(3)4/h8-9H,5-7H2,1-4H3",combined_esper_subset,rf_combined,esper,3.84758,5.454742804456776,1.039010067356859,4.15503,3.725457937100661,0.2864533429185258,279.37646,238.43314831442459,17.549839037088525
CCC=C(C)C=O,"InChI=1S/C6H10O/c1-3-4-6(2)5-7/h4-5H,3H2,1-2H3",combined_esper_subset,rf_combined,esper,17.08586,3.2725253688116975,0.636783533536322,1.98844,3.6012217850915045,0.2502662115037834,139.20819,248.68610252863863,26.454026690002514
[N-]=[N+]=O,InChI=1S/N2O/c1-2-3,combined_esper_subset,rf_combined,esper,2.14378,2.4237070237310845,0.812157261116981,2.76991,2.933822100000002,0.4546138133587562,168.52257,178.48905566632652,83.79235496351029
O=C1CCC2COC1O2,"InChI=1S/C6H8O3/c7-5-2-1-4-3-8-6(5)9-4/h4,6H,1-3H2",combined_esper_subset,rf_combined,esper,3.66204,3.6369029940208786,0.9465579563150229,3.42079,3.4674868818217304,0.3417392154143007,329.22522,331.62535567802325,42.36746854698594
CCC1CCC(=O)O1,"InChI=1S/C6H10O2/c1-2-5-3-4-6(7)8-5/h5H,2-4H2,1H3",combined_esper_subset,rf_combined,esper,3.06715,4.824555195940599,4.174208390479274,3.74185,3.4891366005916473,0.3247968020876302,358.45463,311.0990223999999,32.974875862253185
CCCCCCCC(C)CC(C)C,"InChI=1S/C13H28/c1-5-6-7-8-9-10-13(4)11-12(2)3/h12-13H,5-11H2,1-4H3",combined_esper_subset,rf_combined,esper,5.67293,5.33067949367307,0.6659106014168307,3.87685,3.9761732,0.09444927966776656,241.47393,249.10046259999973,7.049048540632785
C1CSC1,InChI=1S/C3H6S/c1-2-4-3-1/h1-3H2,combined_esper_subset,rf_combined,esper,2.15097,2.2671689962559527,0.5689579439343955,3.58444,3.754479993254094,0.3891445553056172,326.05227,300.7080805783234,35.40512896956156
CNN,"InChI=1S/CH6N2/c1-3-2/h3H,2H2,1H3",combined_esper_subset,rf_combined,esper,3.78991,2.005365382693232,0.701680688357013,2.62933,3.2865367000005055,0.5333941603085971,241.97325,234.51649292796165,70.88139096355383
[SiH3][SiH3],InChI=1S/H6Si2/c1-2/h1-2H3,combined_esper_subset,rf_combined,esper,1.56359,1.9553164649605541,0.47960574907274517,3.97081,3.569391178276315,0.5043551205242707,273.14834,240.89205343755555,43.182988230507036
CC(C)CS,"InChI=1S/C4H10S/c1-4(2)3-5/h4-5H,3H2,1-2H3",combined_esper_subset,rf_combined,esper,2.62846,2.621044088445079,0.2833030219793611,3.7927,3.8261536726347942,0.27575412949549905,277.90311,283.84482643649613,26.721598005516082
CCCOCCC,"InChI=1S/C6H14O/c1-3-5-7-6-4-2/h3-6H2,1-2H3",combined_esper_subset,rf_combined,esper,3.45243,3.553905893614829,0.6494941834999545,3.70913,3.7153191232997904,0.27415732997200404,235.33454,240.55121886722097,25.738562511687785
O=C=Nc1ccccc1,InChI=1S/C7H5NO/c9-6-8-7-4-2-1-3-5-7/h1-5H,combined_esper_subset,rf_combined,esper,3.04118,3.320482770551286,0.5385293295448542,3.68196,3.5570675733774437,0.19803139217818194,311.53357,311.57390817343844,33.281663223327115
CCC(=O)CC,"InChI=1S/C5H10O/c1-3-5(6)4-2/h3-4H2,1-2H3",combined_esper_subset,rf_combined,esper,3.30248,3.2394030706593666,0.4764989921527673,3.48706,3.469249509762919,0.17803731027032219,248.98034,246.05633376080576,17.31757255019807
COC1CCCC1,"InChI=1S/C6H12O/c1-7-6-4-2-3-5-6/h6H,2-5H2,1H3",combined_esper_subset,rf_combined,esper,3.09647,2.8816243394210135,0.5589397630059466,3.68029,3.7083042324489695,0.3732247206005758,265.19482,294.02930279751706,27.54852823362346
CCCCC(CC)COC(=O)CCCCCCCCC(=O)OCC(CC)CCCC,"InChI=1S/C26H50O4/c1-5-9-17-23(7-3)21-29-25(27)19-15-13-11-12-14-16-20-26(28)30-22-24(8-4)18-10-6-2/h23-24H,5-22H2,1-4H3",combined_esper_subset,rf_combined,esper,11.85073,12.528804400000006,4.2939694463620315,3.81642,3.8377540968716084,0.40106361256418216,245.22057,245.2397254317513,44.07108094499538
CCCCCCC(C)O,"InChI=1S/C8H18O/c1-3-4-5-6-7-8(2)9/h8-9H,3-7H2,1-2H3",combined_esper_subset,rf_combined,esper,3.52503,4.084959509484495,0.8266539105873465,4.002,3.7578930138749196,0.2555026829491249,277.11137,253.64225892623864,32.42924866459416
O=CC(Cl)(Cl)Cl,"InChI=1S/C2HCl3O/c3-2(4,5)1-6/h1H",combined_esper_subset,rf_combined,esper,3.4748,2.7628326502717835,0.5928988888488353,3.31851,3.6262842808569102,0.35261787328428634,245.55778,271.60979392924696,33.44244423515574
CCOC(=O)CC,"InChI=1S/C5H10O2/c1-3-5(6)7-4-2/h3-4H2,1-2H3",combined_esper_subset,rf_combined,esper,3.90764,3.690373138650131,0.36255189553743256,3.37142,3.4110944320019745,0.1087134372011442,229.26569,234.05056603637368,7.918620686261403
CCCCCCCCCCCCCCCCCCC(C)CC,"InChI=1S/C22H46/c1-4-6-7-8-9-10-11-12-13-14-15-16-17-18-19-20-21-22(3)5-2/h22H,4-21H2,1-3H3",combined_esper_subset,rf_combined,esper,9.17236,9.055499699999997,1.0536918619752695,3.90739,3.8768555999999963,0.12710778697876854,249.07771,249.11100290000016,12.791029512923208
CCCOC(=O)CCC,"InChI=1S/C7H14O2/c1-3-5-7(8)9-6-4-2/h3-6H2,1-2H3",combined_esper_subset,rf_combined,esper,4.27121,4.403341484381926,0.32113964132060585,3.59938,3.5998615364556508,0.23813422896935177,241.48775,242.04517714220066,14.374392448439608
Oc1ccccc1Cl,"InChI=1S/C6H5ClO/c7-5-3-1-2-4-6(5)8/h1-4,8H",combined_esper_subset,rf_combined,esper,3.3498,3.8387439120497624,0.6034042497594776,3.4928,3.4845600598656494,0.37593821915415165,306.49192,321.02290619999985,48.52624112896564
CC(C)COP(=O)(OCC(C)C)OCC(C)C,"InChI=1S/C12H27O4P/c1-10(2)7-14-17(13,15-8-11(3)4)16-9-12(5)6/h10-12H,7-9H2,1-6H3",combined_esper_subset,rf_combined,esper,5.9554,6.503764222557327,1.467279137757311,4.00632,3.773867063451783,0.3295090944669203,261.3928,244.8681376030792,24.33868513838205
CC1CCCCC1C,"InChI=1S/C8H16/c1-7-5-3-4-6-8(7)2/h7-8H,3-6H2,1-2H3",combined_esper_subset,rf_combined,esper,2.70932,2.8735601957140755,0.18116745025207462,4.12773,4.0731525772152635,0.08036657541107205,299.99157,288.47547462471016,12.15700478466503
FC(F)(Cl)C(F)(F)Cl,"InChI=1S/C2Cl2F4/c3-1(5,6)2(4,7)8",combined_esper_subset,rf_combined,esper,2.7784,2.9011792387066198,0.46977622553498066,3.64165,3.5738398549652124,0.315772365099713,202.49941,230.30089020000017,48.70110446670843
CCCCCCCCOC=O,"InChI=1S/C9H18O2/c1-2-3-4-5-6-7-8-11-9-10/h9H,2-8H2,1H3",combined_esper_subset,rf_combined,esper,5.05811,5.179050754238813,0.9453405292612499,3.64662,3.5679043059987214,0.19092760372976392,249.70825,243.41186871610608,13.057890477309574
C#CC,"InChI=1S/C3H4/c1-3-2/h1H,2H3",combined_esper_subset,rf_combined,esper,2.39289,2.0988888470184057,0.43081603283608105,3.15096,3.3826582000000003,0.20540924982278672,208.71275,205.50533476085482,44.01358466538097
CNc1ccccc1,"InChI=1S/C7H9N/c1-8-7-5-3-2-4-6-7/h2-6,8H,1H3",combined_esper_subset,rf_combined,esper,2.72168,3.5510768217575674,0.6697913543187952,3.86206,3.637025453400661,0.2794806697088873,302.8269,313.11498382009614,37.2976255407277
CCCCN=C=O,"InChI=1S/C5H9NO/c1-2-3-4-6-5-7/h2-4H2,1H3",combined_esper_subset,rf_combined,esper,4.62351,3.295652826360012,0.4819517107871776,3.14392,3.5308068172699034,0.22279675557946563,219.06805,262.00608178618194,48.08520143562952
CC(F)F,"InChI=1S/C2H4F2/c1-2(3)4/h2H,1H3",combined_esper_subset,rf_combined,esper,2.57721,2.4206159700138223,0.2829461984808904,3.15564,3.149012471740929,0.310429215109123,180.47936,212.4021814003134,59.57864001087551
O=C1C=CC(=O)O1,InChI=1S/C4H2O3/c5-3-1-2-4(6)7-3/h1-2H,combined_esper_subset,rf_combined,esper,3.00335,3.1898893977626046,1.051253613570531,3.27402,3.159913431664001,0.30527912011012176,320.56081,310.60496331913146,60.53775397421899
C=Cc1ccccc1C,"InChI=1S/C9H10/c1-3-9-7-5-4-6-8(9)2/h3-7H,1H2,2H3",combined_esper_subset,rf_combined,esper,3.57059,3.3708661799364465,0.3008150787548251,3.68275,3.850733932188965,0.24228343565769608,287.4741,314.24910479412074,23.613484536963114
OCCCc1ccccc1,"InChI=1S/C9H12O/c10-8-4-7-9-5-2-1-3-6-9/h1-3,5-6,10H,4,7-8H2",combined_esper_subset,rf_combined,esper,4.50376,4.111949921816738,1.3186261847152365,3.52814,3.7517118832856164,0.38327083288088815,292.94532,320.51745852292936,54.129887418803996
CCCCCCNCCCCCC,"InChI=1S/C12H27N/c1-3-5-7-9-11-13-12-10-8-6-4-2/h13H,3-12H2,1-2H3",combined_esper_subset,rf_combined,esper,3.66449,4.996465272973285,0.709607417149305,4.5,4.135302411969853,0.2750917091762022,262.55031,255.02969600021987,31.956629089849173
Cc1ccc(C(C)(C)C)cc1,"InChI=1S/C11H16/c1-9-5-7-10(8-6-9)11(2,3)4/h5-8H,1-4H3",combined_esper_subset,rf_combined,esper,3.84456,3.8246572046201264,0.4934112842508339,3.95814,3.955435503168392,0.11373562024151823,283.89577,275.56039953810597,13.659441243881844
CCCCCCS,"InChI=1S/C6H14S/c1-2-3-4-5-6-7/h7H,2-6H2,1H3",combined_esper_subset,rf_combined,esper,3.17419,3.3517229049150505,0.6128489082182588,3.94841,4.041147156474134,0.33411200155756066,273.50631,288.4490183215553,17.706901649935652
Cc1ccc2c(c1)CCC2,"InChI=1S/C10H12/c1-8-5-6-9-3-2-4-10(9)7-8/h5-7H,2-4H2,1H3",combined_esper_subset,rf_combined,esper,2.72989,3.503589767551389,0.42996227395972336,4.1746,3.9181354396128025,0.21091313947150406,356.96095,290.93278294148354,28.479692381011482
C[Si](C)(C)O[Si](C)(C)O[Si](C)(C)C,"InChI=1S/C8H24O2Si3/c1-11(2,3)9-13(7,8)10-12(4,5)6/h1-8H3",combined_esper_subset,rf_combined,esper,5.25135,6.131177555501657,2.3084118446002324,4.15321,4.283781440248004,0.33155210581538835,211.29842,231.54661935287237,38.42779976997873
CCOC(=O)CCC(=O)OCC,"InChI=1S/C8H14O4/c1-3-11-7(9)5-6-8(10)12-4-2/h3-6H2,1-2H3",combined_esper_subset,rf_combined,esper,5.73177,5.72983057951905,1.1262922274720262,3.42322,3.4738102663841555,0.11012446339781704,247.11955,251.43451148043903,14.903430773177783
C=CCCC,"InChI=1S/C5H10/c1-3-5-4-2/h3H,1,4-5H2,2H3",combined_esper_subset,rf_combined,esper,2.47815,2.6351238774066355,0.3109163413930903,3.80288,3.7540522811521644,0.1364779729883637,238.16333,234.21598736026203,6.352507599787736
CCCCCCCCN=[N+]=[N-],"InChI=1S/C8H17N3/c1-2-3-4-5-6-7-8-10-11-9/h2-8H2,1H3",combined_esper_subset,rf_combined,esper,5.27651,4.946040775467718,1.854240732365265,3.58766,4.236007322740723,0.5735354205925998,243.84868,279.16838718652053,71.36683521375993
COP(=O)(OC)OC,"InChI=1S/C3H9O4P/c1-5-8(4,6-2)7-3/h1-3H3",combined_esper_subset,rf_combined,esper,3.96389,3.7465161638378817,0.7658826739161512,3.43838,3.567557092656122,0.2077982742081152,285.01204,254.6535069678568,32.219650513262664
O=CC=Cc1ccccc1,InChI=1S/C9H8O/c10-8-4-7-9-5-2-1-3-6-9/h1-8H,combined_esper_subset,rf_combined,esper,4.56164,4.222840006021666,1.4663736704420247,3.33575,3.7258025076599064,0.45792935100135745,304.2789,329.08818378832365,61.74110314244788
ClC1CCCC1,"InChI=1S/C5H9Cl/c6-5-3-1-2-4-5/h5H,1-4H2",combined_esper_subset,rf_combined,esper,2.88777,2.511297298368319,0.49380451796271746,3.63855,3.8176784718470573,0.3222079815318291,284.97726,299.3781646145444,32.3812519813398
C=CC(=O)OCC(CC)CCCC,"InChI=1S/C11H20O2/c1-4-7-8-10(5-2)9-13-11(12)6-3/h6,10H,3-5,7-9H2,1-2H3",combined_esper_subset,rf_combined,esper,4.56886,5.970521890579842,0.8789466932105826,3.98014,3.801620323434413,0.33036626028663774,272.06264,262.1673320487377,46.237002487659204
ClCCCCCCl,InChI=1S/C5H10Cl2/c6-4-2-1-3-5-7/h1-5H2,combined_esper_subset,rf_combined,esper,3.91414,3.6086306441691587,0.7482657299463148,3.55572,3.6548159761276278,0.19615802359882173,280.84797,288.3679086706231,31.747936842874005
CCCCCCCCCCCCCCCCCCCl,"InChI=1S/C18H37Cl/c1-2-3-4-5-6-7-8-9-10-11-12-13-14-15-16-17-18-19/h2-18H2,1H3",combined_esper_subset,rf_combined,esper,8.0089,8.142207469072574,1.4691405498292194,3.89362,3.8587859999999985,0.14394420557980092,261.44599,263.0349458841793,35.281227498331695
ClC(Cl)(Cl)Br,"InChI=1S/CBrCl3/c2-1(3,4)5",combined_esper_subset,rf_combined,esper,2.19573,2.518238591691086,0.7233334265063365,3.90927,3.799991033068096,0.29270589677729714,328.03159,319.05498827934406,34.05702241974144
FC(F)(F)C(F)(Cl)Cl,"InChI=1S/C2Cl2F4/c3-1(4,5)2(6,7)8",combined_esper_subset,rf_combined,esper,2.68124,2.8722954300220387,0.2948821328458971,3.68922,3.608713872713569,0.28003129090862117,206.24136,210.05805179766176,29.926940900507525
C1CCC2CCCC2C1,"InChI=1S/C9H16/c1-2-5-9-7-3-6-8(9)4-1/h8-9H,1-7H2",combined_esper_subset,rf_combined,esper,2.9803,3.100460065241454,0.4170464725693131,4.02794,4.050653757594941,0.14736708089598885,313.00964,303.37894483451015,27.114290383762032
C=CCOC(=O)c1ccccc1C(=O)OCC=C,"InChI=1S/C14H14O4/c1-3-9-17-13(15)11-7-5-6-8-12(11)14(16)18-10-4-2/h3-8H,1-2,9-10H2",combined_esper_subset,rf_combined,esper,13.65216,6.163669648581245,1.5038615953060146,2.78017,3.7314183800119496,0.3566960109841422,199.55529,323.9909604158962,67.84550629989563
CCCC(CC)CC,"InChI=1S/C8H18/c1-4-7-8(5-2)6-3/h8H,4-7H2,1-3H3",combined_esper_subset,rf_combined,esper,3.53517,3.446933593081983,0.39972734227557244,3.90208,3.953920937942235,0.16344330671969912,248.39319,250.15530589213512,23.08942146892364
CC=CC(C)(C)C,"InChI=1S/C7H14/c1-5-6-7(2,3)4/h5-6H,1-4H3",combined_esper_subset,rf_combined,esper,2.92104,2.8324118985786275,0.34824367967274333,3.95701,3.936919183861073,0.11600722865879337,249.92459,249.94415946824037,12.139005599059711
CCCCCC(=O)CC,"InChI=1S/C8H16O/c1-3-5-6-7-8(9)4-2/h3-7H2,1-2H3",combined_esper_subset,rf_combined,esper,4.24072,4.303422701149461,0.6619508338956507,3.67612,3.572042319354852,0.16867802348088104,255.87651,248.17268556667602,14.008907997640407
Cc1ccc(C(C)C)c(O)c1,"InChI=1S/C10H14O/c1-7(2)9-5-4-8(3)6-10(9)11/h4-7,11H,1-3H3",combined_esper_subset,rf_combined,esper,2.85441,3.0349811646490474,1.1043532152072018,4.32507,4.193163062640373,0.5542373932254179,360.79953,317.2182767346031,78.17453420976342
NCCCN,InChI=1S/C3H10N2/c4-2-1-3-5/h1-5H2,combined_esper_subset,rf_combined,esper,1.92787,2.758999966349998,1.147017792569466,4.0231,3.5756613053464035,0.50229141219264,342.73325,224.3471635054883,105.02520892498953
CCCO,"InChI=1S/C3H8O/c1-2-3-4/h4H,2-3H2,1H3",combined_esper_subset,rf_combined,esper,3.64801,2.565328847169358,0.8304006019733663,3.01354,3.447349198620662,0.46426260233450944,213.86818,270.22060383248754,77.42239217353297
C1=CCCC=CCCC=CCC1,"InChI=1S/C12H18/c1-2-4-6-8-10-12-11-9-7-5-3-1/h1-2,7-10H,3-6,11-12H2",combined_esper_subset,rf_combined,esper,2.87939,4.303185383350891,0.9528770738761977,4.5,3.9157628794606514,0.1991571379663805,365.86498,300.4819527935898,33.881194925030314
CCCCCCCCC(C)CC(C)CC(C)C,"InChI=1S/C17H36/c1-6-7-8-9-10-11-12-16(4)14-17(5)13-15(2)3/h15-17H,6-14H2,1-5H3",combined_esper_subset,rf_combined,esper,9.2682,7.957134599999993,1.2261347237864357,3.54405,3.728258299999995,0.10148333156784914,211.93319,226.94276800000017,7.550065011576662
CCC(C)C(C)C,"InChI=1S/C7H16/c1-5-7(4)6(2)3/h6-7H,5H2,1-4H3",combined_esper_subset,rf_combined,esper,3.01421,3.1609773276274127,0.2700092208353173,3.95476,3.9788325199285532,0.1564841133050511,252.04445,253.07978801610588,13.536494050250852
FC(Cl)C(F)(F)C(F)(F)Cl,"InChI=1S/C3HCl2F5/c4-1(6)2(7,8)3(5,9)10/h1H",combined_esper_subset,rf_combined,esper,2.77618,4.446555535960588,1.9492656269432622,3.88512,3.672869521688567,0.47811205114747113,238.17817,229.180186338641,39.88446117519016
CCOC(=O)c1ccccc1C(=O)OCC,"InChI=1S/C12H14O4/c1-3-15-11(13)9-7-5-6-8-10(9)12(14)16-4-2/h5-8H,3-4H2,1-2H3",combined_esper_subset,rf_combined,esper,6.13936,6.428858015094787,1.2015362024721694,3.58305,3.8142248035846977,0.47533007626277113,277.05822,299.16136005125054,71.47763088475844
CCCOC,"InChI=1S/C4H10O/c1-3-4-5-2/h3-4H2,1-2H3",combined_esper_subset,rf_combined,esper,2.84575,2.9448035482759054,0.4101850877357482,3.53881,3.4794328277034667,0.181055034722291,228.63459,231.79126833158273,12.32904664700812
CC(O)CCO,"InChI=1S/C4H10O2/c1-4(6)2-3-5/h4-6H,2-3H2,1H3",combined_esper_subset,rf_combined,esper,3.16848,3.003141279344951,1.111515003288376,3.48257,3.550439907723295,0.5082416269846242,278.45358,266.21609888337906,49.23154476781763
CCCCCCCCC=CCCCCCCCC(=O)O,"InChI=1S/C18H34O2/c1-2-3-4-5-6-7-8-9-10-11-12-13-14-15-16-17-18(19)20/h9-10H,2-8,11-17H2,1H3,(H,19,20)",combined_esper_subset,rf_combined,esper,12.31107,8.874509653827001,1.3959308644544137,3.29467,3.766487707059351,0.28844975093716424,227.04936,251.26226916361412,27.218597241950377
CC(C)Br,"InChI=1S/C3H7Br/c1-3(2)4/h3H,1-2H3",combined_esper_subset,rf_combined,esper,2.16309,2.3922198234219274,0.17780579452909603,3.84311,3.6993618834850417,0.21565114420643322,281.23985,284.1643927858388,27.547620112960413
C=Cc1ccccc1,"InChI=1S/C8H8/c1-2-8-6-4-3-5-7-8/h2-7H,1H2",combined_esper_subset,rf_combined,esper,3.08735,3.1203334303582944,0.32583091806445513,3.71027,3.7534683158993944,0.22518395486364853,295.82828,306.73842012009607,29.243865188166318
CC1CCCCC1,"InChI=1S/C7H14/c1-7-5-3-2-4-6-7/h7H,2-6H2,1H3",combined_esper_subset,rf_combined,esper,2.66045,2.6547742810483124,0.27726936055633183,3.9956,3.9849704430379815,0.15316683948897736,282.31227,278.61934392772076,14.401900728704424
c1cc2c3c(ccc4c3c1CCC4)CCC2,"InChI=1S/C16H16/c1-3-11-7-9-13-5-2-6-14-10-8-12(4-1)15(11)16(13)14/h7-10H,1-6H2",combined_esper_subset,rf_combined,esper,4.09989,4.44961428832632,0.7225459504978329,4.07796,4.043614937312688,0.18793138806618795,382.73168,343.5724094651692,53.3734366633102
C1=CCCC1,"InChI=1S/C5H8/c1-2-4-5-3-1/h1-2H,3-5H2",combined_esper_subset,rf_combined,esper,2.29725,2.4460986920487837,0.3476335405298667,3.66273,3.620794516626891,0.14443478876884522,267.52314,286.2804227836544,34.407403692064875
C=CCOc1ccccc1,"InChI=1S/C9H10O/c1-2-8-10-9-6-4-3-5-7-9/h2-7H,1,8H2",combined_esper_subset,rf_combined,esper,4.14113,4.277423006210701,1.3805723899843982,3.57248,3.5992479121069856,0.4418526039383796,278.08668,302.7316710728917,54.884777829294826
CCCCC#N,"InChI=1S/C5H9N/c1-2-3-4-5-6/h2-4H2,1H3",combined_esper_subset,rf_combined,esper,3.06141,2.9366973004453687,0.45108754586722816,3.60744,3.6208004496771213,0.17384112478593897,268.05876,284.5585357698758,38.622121892213556
c1ccc(-c2ccc(-c3ccccc3)cc2)cc1,InChI=1S/C18H14/c1-3-7-15(8-4-1)17-11-13-18(14-12-17)16-9-5-2-6-10-16/h1-14H,combined_esper_subset,rf_combined,esper,5.79208,5.38170176457433,0.6452256370390439,3.75448,3.867547674506136,0.11161754211540659,329.83425,325.2372901999997,25.021478226090395
Br,InChI=1S/BrH/h1H,combined_esper_subset,rf_combined,esper,1.39367,1.4479723000000002,0.2096408883250354,3.25377,3.372826150368362,0.3554556329306501,242.22684,265.95880671923265,36.20504851317563
OCCO,"InChI=1S/C2H6O2/c3-1-2-4/h3-4H,1-2H2",combined_esper_subset,rf_combined,esper,1.71084,2.0314125,1.0942804853568164,3.73481,3.616576074758558,0.6613674677795343,354.18312,266.22871843492567,102.98181198198725
CCc1cc(C)c(C)cc1C,"InChI=1S/C11H16/c1-5-11-7-9(3)8(2)6-10(11)4/h6-7H,5H2,1-4H3",combined_esper_subset,rf_combined,esper,4.34919,4.3436090542176595,1.0000920468077215,3.77356,3.781163099999711,0.1997847201381822,278.84524,277.38394476635364,19.465376355114795
CC(C)(C)c1ccccc1,"InChI=1S/C10H14/c1-10(2,3)9-7-5-4-6-8-9/h4-8H,1-3H3",combined_esper_subset,rf_combined,esper,3.54993,3.4659420830115892,0.31408796916829845,3.91102,3.930067957923124,0.1572899551725244,282.96496,282.8535989088703,13.489403992597198
C=C(CC)C(C)C,"InChI=1S/C7H14/c1-5-7(4)6(2)3/h6H,4-5H2,1-3H3",combined_esper_subset,rf_combined,esper,2.99671,2.991058017159164,0.3567391948029296,3.90987,3.8579769999910303,0.18943812581479297,251.86707,249.216335078719,24.227420394037498
CC(=O)CCCC(C)CCCC(C)C,"InChI=1S/C13H26O/c1-11(2)7-5-8-12(3)9-6-10-13(4)14/h11-12H,5-10H2,1-4H3",combined_esper_subset,rf_combined,esper,6.04072,5.404276436238815,1.3024156695890847,3.79145,4.27242074085659,0.5522274262186937,252.86412,293.63054714890114,55.99248444173749
CCCCCCOC(C)=O,"InChI=1S/C8H16O2/c1-3-4-5-6-7-10-8(2)9/h3-7H2,1-2H3",combined_esper_subset,rf_combined,esper,4.9882,4.773458682557178,0.3037255679793844,3.54206,3.575423400000002,0.10014927081332145,237.57314,240.49154070000003,10.189950234463977
CCCC(=O)OCC(COC(=O)CCC)OC(=O)CCC,"InChI=1S/C15H26O6/c1-4-7-13(16)19-10-12(21-15(18)9-6-3)11-20-14(17)8-5-2/h12H,4-11H2,1-3H3",combined_esper_subset,rf_combined,esper,9.53809,8.01925929873335,1.742118897365825,3.47201,3.714211830283001,0.3499674311832364,231.64577,260.51606422694226,58.09239499066632
COC(C)OC,"InChI=1S/C4H10O2/c1-4(5-2)6-3/h4H,1-3H3",combined_esper_subset,rf_combined,esper,3.27833,3.0727421446309737,0.6799161854905548,3.44454,3.4623649754956234,0.30047313658335195,228.67569,243.7659933678658,28.46327588768629
C=CCCCCC=C,"InChI=1S/C8H14/c1-3-5-7-8-6-4-2/h3-4H,1-2,5-8H2",combined_esper_subset,rf_combined,esper,3.70129,3.590656547551234,0.4836988310858057,3.77256,3.771635341348093,0.16614135921810275,242.86889,240.57645379790856,21.318779270692705
CC1(O)CCCC1,"InChI=1S/C6H12O/c1-6(7)4-2-3-5-6/h7H,2-5H2,1H3",combined_esper_subset,rf_combined,esper,4.47637,2.671949201139997,0.7332973427734704,3.20867,3.711905822648443,0.3541294613361549,234.80544,292.58093863289395,53.94701274332542
C=CCC#N,"InChI=1S/C4H5N/c1-2-3-4-5/h2H,1,3H2",combined_esper_subset,rf_combined,esper,2.76368,2.5902322241721616,0.41610641414069865,3.41921,3.4902414591681947,0.31582448647890116,276.23149,272.6685742931995,71.3494166790617
CS(=O)(=O)O,"InChI=1S/CH4O3S/c1-5(2,3)4/h1H3,(H,2,3,4)",combined_esper_subset,rf_combined,esper,1.93225,3.682226300000002,1.1044968079416573,3.76364,3.4827345440216777,0.38010703961381215,550.0,285.19254957095586,42.7371109146384
CC1(O)CCCCC1,"InChI=1S/C7H14O/c1-7(8)5-3-2-4-6-7/h8H,2-6H2,1H3",combined_esper_subset,rf_combined,esper,3.18643,3.279240276640027,0.9747336841001937,3.78142,3.8073046008597258,0.41570789321606216,316.35192,288.26139435211695,45.890624785971625
CO[Si](CCCCl)(OC)OC,"InChI=1S/C6H15ClO3Si/c1-8-11(9-2,10-3)6-4-5-7/h4-6H2,1-3H3",combined_esper_subset,rf_combined,esper,5.06562,3.9894425939505855,1.750878482881187,3.66481,3.8155866273517285,0.5124356477063874,249.80363,282.4911592800286,69.75778659414179
CCCCCCc1cccc2ccc(CCCC)cc12,"InChI=1S/C20H28/c1-3-5-7-8-11-18-12-9-13-19-15-14-17(10-6-4-2)16-20(18)19/h9,12-16H,3-8,10-11H2,1-2H3",combined_esper_subset,rf_combined,esper,6.59189,6.5399496925618745,0.6956961546441554,3.98367,3.9517643745055633,0.18857829921714744,293.53713,296.66970955642086,24.64791347430745
CCCCOCC(C)C,"InChI=1S/C8H18O/c1-4-5-6-9-7-8(2)3/h8H,4-7H2,1-3H3",combined_esper_subset,rf_combined,esper,3.78278,3.726694185879192,0.8882668390586365,3.9131,3.9096076937273216,0.2918088980537455,247.26123,246.93239520938644,20.906137976164857
CC(=O)CCC(C)C,"InChI=1S/C7H14O/c1-6(2)4-5-7(3)8/h6H,4-5H2,1-3H3",combined_esper_subset,rf_combined,esper,3.95598,3.7405427140461605,0.561974012112162,3.60384,3.682666934979224,0.2914713616221793,253.74655,245.81639157620666,13.79281892039219
CCCCCCCCCCCC,"InChI=1S/C12H26/c1-3-5-7-9-11-12-10-8-6-4-2/h3-12H2,1-2H3",combined_esper_subset,rf_combined,esper,5.49496,5.2733703,0.5539784195552295,3.83291,3.843955300000002,0.06938244535118372,244.83939,249.63137349999985,6.782189297554642
CC(=O)CC(C)(C)O,"InChI=1S/C6H12O2/c1-5(7)4-6(2,3)8/h8H,4H2,1-3H3",combined_esper_subset,rf_combined,esper,3.35724,3.5588866157539605,1.0116677305941866,3.67453,3.7022326894698754,0.40366911296613733,208.73059,266.73085032163027,61.94932207238402
c1ccc2c3c(sc2c1)CCCC3,"InChI=1S/C12H12S/c1-3-7-11-9(5-1)10-6-2-4-8-12(10)13-11/h1,3,5,7H,2,4,6,8H2",combined_esper_subset,rf_combined,esper,3.79202,6.847260236618439,6.763639767033833,3.99425,3.592605962852643,0.7840534478539515,373.72292,323.5797110840112,72.83951164456022
CCOCCOCCOCC,"InChI=1S/C8H18O3/c1-3-9-5-7-11-8-6-10-4-2/h3-8H2,1-2H3",combined_esper_subset,rf_combined,esper,5.08219,4.600525893539961,0.9627559422870618,3.62404,3.816992005981854,0.509958091755041,244.66882,243.93270563348065,21.190626737043633
O=P(Cl)(Cl)Cl,"InChI=1S/Cl3OP/c1-5(2,3)4",combined_esper_subset,rf_combined,esper,2.69215,2.509094944434227,0.5464632567219356,3.58193,3.809121757393346,0.2896463768186765,287.00284,289.6327918585985,44.508786185946605
FC(F)(F)C(F)(C(F)(F)F)C(F)(C(F)(F)F)C(F)(F)F,"InChI=1S/C6F14/c7-1(3(9,10)11,4(12,13)14)2(8,5(15,16)17)6(18,19)20",combined_esper_subset,rf_combined,esper,4.18181,4.672439922193715,0.4312461490838829,3.78861,3.728881182844653,0.16450288440550534,189.34699,183.96190330500136,14.55809473615219
CCCc1ccccc1,"InChI=1S/C9H12/c1-2-6-9-7-4-3-5-8-9/h3-5,7-8H,2,6H2,1H3",combined_esper_subset,rf_combined,esper,3.3635,3.462306604915048,0.3437671229526072,3.84131,3.814893703858672,0.10131813196119813,287.00112,286.0414622,6.959478475345206
CCCCCCCCCCCC(C)C,"InChI=1S/C14H30/c1-4-5-6-7-8-9-10-11-12-13-14(2)3/h14H,4-13H2,1-3H3",combined_esper_subset,rf_combined,esper,5.74411,5.753501300000006,0.4738009814313496,3.97091,3.9404713000000013,0.03748497159275967,254.45835,251.8025019999999,3.791978213491738
CCCC(=O)OCc1ccco1,"InChI=1S/C9H12O3/c1-2-4-9(10)12-7-8-5-3-6-11-8/h3,5-6H,2,4,7H2,1H3",combined_esper_subset,rf_combined,esper,5.24124,4.518600628263253,0.9664815786193549,3.47618,3.5798026070417914,0.3313903050318229,256.19166,275.8990230072728,39.58686811814206
FC(F)(F)C(F)(F)C(Cl)Cl,"InChI=1S/C3HCl2F5/c4-1(5)2(6,7)3(8,9)10/h1H",combined_esper_subset,rf_combined,esper,3.42455,3.733528957807388,0.9247938254380255,3.59595,3.6585322897295156,0.3025197537060073,210.6942,234.6327788,37.69421085670583
COc1ccccc1OC,"InChI=1S/C8H10O2/c1-9-7-5-3-4-6-8(7)10-2/h3-6H,1-2H3",combined_esper_subset,rf_combined,esper,4.29945,4.707338649450804,1.9739487409876295,3.45674,3.5611002185967315,0.3805988317921881,284.87164,302.14334832656095,50.14689367700417
Cl[SiH](Cl)Cl,InChI=1S/Cl3HSi/c1-4(2)3/h4H,combined_esper_subset,rf_combined,esper,2.30746,2.4740538971534045,0.47936588544112463,3.78481,3.6855893000000033,0.2337943677005714,252.51531,257.38580302681225,30.237244130359095
CC1CCC(=O)O1,"InChI=1S/C5H8O2/c1-4-2-3-5(6)7-4/h4H,2-3H2,1H3",combined_esper_subset,rf_combined,esper,3.15191,3.1834147026698223,0.456162010451834,3.51901,3.5148654992783888,0.24580885587436133,313.26422,307.89746587931097,24.695375347135595
ClSSCl,InChI=1S/Cl2S2/c1-3-4-2,combined_esper_subset,rf_combined,esper,1.41717,2.235450616305527,0.4391937959862211,4.33486,3.733538070297925,0.27712856167800437,476.16102,321.7444095972168,41.189025982200704
CN(C)C=O,"InChI=1S/C3H7NO/c1-4(2)3-5/h3H,1-2H3",combined_esper_subset,rf_combined,esper,2.92214,2.9187571061885444,0.8077560154787146,3.33745,3.234591416666666,0.18233057222077204,285.39167,254.653650442562,48.05680544053243
ClC(Cl)C(Cl)Cl,InChI=1S/C2H2Cl4/c3-1(4)2(5)6/h1-2H,combined_esper_subset,rf_combined,esper,3.24445,2.968259033667141,0.756019930748078,3.53114,3.714589224478685,0.2908139836972935,290.76515,283.8881258653554,28.951842916163308
CCOC(=O)CC(C)=O,"InChI=1S/C6H10O3/c1-3-9-6(8)4-5(2)7/h3-4H2,1-2H3",combined_esper_subset,rf_combined,esper,4.43685,4.383982445592124,0.7038587961024259,3.39354,3.371197828127456,0.18667464924411956,260.76975,258.6053866036192,28.567458853225485
CCC(C)(CC)CC,"InChI=1S/C8H18/c1-5-8(4,6-2)7-3/h5-7H2,1-4H3",combined_esper_subset,rf_combined,esper,3.09421,3.296992424281713,0.42349540889636683,4.06572,4.063728872066914,0.09554441405835978,266.92626,263.47253230000024,12.582753358073012
Cc1cccc(C)c1C,"InChI=1S/C9H12/c1-7-5-4-6-8(2)9(7)3/h4-6H,1-3H3",combined_esper_subset,rf_combined,esper,3.37257,3.3460607144603873,0.44237863354718077,3.80719,3.8194113681452833,0.19476728435617682,299.71414,285.4350873000001,31.500323822261567
CCCC(=O)CC,"InChI=1S/C6H12O/c1-3-5-6(7)4-2/h3-5H2,1-2H3",combined_esper_subset,rf_combined,esper,3.6802,3.3108472958682014,0.6269598439811037,3.541,3.5725290664346567,0.14425868085455976,252.67369,248.72696416363323,13.195340413254948
CC(C)CC=O,"InChI=1S/C5H10O/c1-5(2)3-4-6/h4-5H,3H2,1-2H3",combined_esper_subset,rf_combined,esper,3.18638,3.0937468445416294,0.6221263602281192,3.55785,3.5343598531362437,0.22084811833255644,253.00738,242.029217589193,18.016016746373285
CC(C)(C)Cl,"InChI=1S/C4H9Cl/c1-4(2,3)5/h1-3H3",combined_esper_subset,rf_combined,esper,2.31373,2.4803692464329252,0.3750860565719423,3.93067,3.7675471961223157,0.29305772712615075,261.04115,263.71666876723776,35.89459132638564
CCCc1ccc(C)cc1,"InChI=1S/C10H14/c1-3-4-10-7-5-9(2)6-8-10/h5-8H,3-4H2,1-2H3",combined_esper_subset,rf_combined,esper,3.71196,3.722475399999999,0.19466535843040994,3.87316,3.858549303858672,0.05654321682042491,285.65038,285.26239129999993,7.1949319300286225
CCCCCCCCCC(C)CC(C)CC(C)C,"InChI=1S/C18H38/c1-6-7-8-9-10-11-12-13-17(4)15-18(5)14-16(2)3/h16-18H,6-15H2,1-5H3",combined_esper_subset,rf_combined,esper,8.50162,8.548052099999992,1.410128138591168,3.72854,3.710547199999996,0.10204396289913482,224.77463,225.6622620000003,6.670876416691884
CN(C)CCOCCO,"InChI=1S/C6H15NO2/c1-7(2)3-5-9-6-4-8/h8H,3-6H2,1-2H3",combined_esper_subset,rf_combined,esper,3.4613,3.7850582109766053,1.522294590331537,3.86302,3.8314511868856975,0.592933075776457,273.67447,279.3794624792611,54.561765593292165
FC(F)(F)C(Cl)Br,"InChI=1S/C2HBrClF3/c3-1(4)2(5,6)7/h1H",combined_esper_subset,rf_combined,esper,3.07638,2.823427844032387,0.6910718956329553,3.48889,3.7852113406885723,0.2849617965215331,227.52797,238.4797235,32.40286894457365
COCCOC,"InChI=1S/C4H10O2/c1-5-3-4-6-2/h3-4H2,1-2H3",combined_esper_subset,rf_combined,esper,3.62847,3.133766865037789,0.53993244823996,3.33187,3.4136374822648508,0.30249481766942105,230.55538,244.93314506691596,24.873526242058187
OCCOCCOCCOCCO,"InChI=1S/C8H18O5/c9-1-3-11-5-7-13-8-6-12-4-2-10/h9-10H,1-8H2",combined_esper_subset,rf_combined,esper,7.80456,4.95521066453373,1.3405459230051906,2.94878,3.5840810990965384,0.5294872952090439,101.98846,240.8353825461528,59.36163774887537
CCC(C)=NO,"InChI=1S/C4H9NO/c1-3-4(2)5-6/h6H,3H2,1-2H3",combined_esper_subset,rf_combined,esper,2.8418,3.379085392616235,0.44740535544368387,3.54793,3.423508964761945,0.2665091258544432,216.28112,281.4343915555539,51.00406694953431
CCCCCCCCCCCCCCCCO,"InChI=1S/C16H34O/c1-2-3-4-5-6-7-8-9-10-11-12-13-14-15-16-17/h17H,2-16H2,1H3",combined_esper_subset,rf_combined,esper,6.46632,6.754776599692507,0.9543410945299532,4.01514,3.998726399999996,0.12015803837879516,274.31616,270.0557764999996,7.6347060204588555
O=[N+]([O-])c1ccc(Cl)cc1,InChI=1S/C6H4ClNO2/c7-5-1-3-6(4-2-5)8(9)10/h1-4H,combined_esper_subset,rf_combined,esper,3.31906,3.4853768053083507,0.34726296456884864,3.68458,3.6462589101986693,0.17408665379264202,349.13793,326.81407910724954,28.75384784212503
CCCCCCCCI,"InChI=1S/C8H17I/c1-2-3-4-5-6-7-8-9/h2-8H2,1H3",combined_esper_subset,rf_combined,esper,3.01899,4.659160608176926,0.8637010123658726,4.40414,3.8002455127793042,0.21130970487468617,345.15229,283.76444513137335,17.772130200936807
CC(=O)C(C)C,"InChI=1S/C5H10O/c1-4(2)5(3)6/h4H,1-3H3",combined_esper_subset,rf_combined,esper,3.2175,2.9970839893225434,0.6232294092942969,3.52097,3.538309179988937,0.14062519437711102,245.29191,248.55238103517797,15.551208826965457
CCCCCCCC(CCCCC)CN(C)C,"InChI=1S/C16H35N/c1-5-7-9-10-12-14-16(15-17(3)4)13-11-8-6-2/h16H,5-15H2,1-4H3",combined_esper_subset,rf_combined,esper,6.85322,6.853697257964438,3.004011457073362,3.93834,4.013892158837055,0.20616260964770822,246.47036,261.3668322614674,29.185133406239398
OCC1CCCCC1,"InChI=1S/C7H14O/c8-6-7-4-2-1-3-5-7/h7-8H,1-6H2",combined_esper_subset,rf_combined,esper,1.99225,2.8439038175635183,0.9648327572946453,4.5,3.8271527206800737,0.47801026581672523,360.64164,315.79951858783056,58.59902069652189
Cc1ccsc1,"InChI=1S/C5H6S/c1-5-2-3-6-4-5/h2-4H,1H3",combined_esper_subset,rf_combined,esper,2.74453,2.7231332708921023,0.4037501865643904,3.6238,3.712380510746239,0.33150433691204345,296.88179,299.1881588467389,24.849839554215944
CC(C)[N+](=O)[O-],"InChI=1S/C3H7NO2/c1-3(2)4(5)6/h3H,1-2H3",combined_esper_subset,rf_combined,esper,2.8167,3.0761859730865324,0.5520480696667088,3.52614,3.373392263094777,0.23008693880822625,268.14211,271.63746480505705,48.210265131643496
FC(F)C(F)(F)C(F)(F)C(F)(F)C(F)(F)C(F)(F)C(F)(F)C(F)(F)F,"InChI=1S/C8HF17/c9-1(10)2(11,12)3(13,14)4(15,16)5(17,18)6(19,20)7(21,22)8(23,24)25/h1H",combined_esper_subset,rf_combined,esper,5.59176,5.4086996883263225,0.4087410446350163,3.76477,3.783768082844655,0.07418019448456882,190.9998,189.15374509833796,12.11004515947396
CC1=CCC2CC1C2(C)C,"InChI=1S/C10H16/c1-7-4-5-8-6-9(7)10(8,2)3/h4,8-9H,5-6H2,1-3H3",combined_esper_subset,rf_combined,esper,3.28923,2.758061881853506,0.4450854083345531,4.03598,4.329601581763964,0.2195459434903512,284.60132,321.89888852714756,22.35605927960402
c1ccc(Sc2ccccc2)cc1,InChI=1S/C12H10S/c1-3-7-11(8-4-1)13-12-9-5-2-6-10-12/h1-10H,combined_esper_subset,rf_combined,esper,4.16567,4.459413610142883,1.8758204990080625,3.8737,3.7683273745061383,0.2690456653588692,337.82737,339.29692028696707,39.5221489976818
CCC=C(C)C,"InChI=1S/C6H12/c1-4-5-6(2)3/h5H,4H2,1-3H3",combined_esper_subset,rf_combined,esper,2.95813,2.9023229756892555,0.2656759092382437,3.75296,3.751169420906674,0.10833130079536635,241.79835,239.74685558414794,12.459680856756188
CCCCCCCCCCCCCCCCCC(=O)O,"InChI=1S/C18H36O2/c1-2-3-4-5-6-7-8-9-10-11-12-13-14-15-16-17-18(19)20/h2-17H2,1H3,(H,19,20)",combined_esper_subset,rf_combined,esper,6.37168,8.829226936088606,2.2919890732558086,4.2222,3.889112565639628,0.07834486802359468,291.22148,267.09346849056055,8.67587249843317
ClC(Cl)(Cl)Cl,"InChI=1S/CCl4/c2-1(3,4)5",combined_esper_subset,rf_combined,esper,2.32199,2.429464697153402,0.48048321966122676,3.79797,3.6750993209982,0.2772311235553955,292.54982,281.5684335109449,33.81213379919043
CC(C)Cc1ccccc1,"InChI=1S/C10H14/c1-9(2)8-10-6-4-3-5-7-10/h3-7,9H,8H2,1-2H3",combined_esper_subset,rf_combined,esper,3.47499,3.641869201020431,0.28152351287551725,3.96166,3.8840291561880207,0.2102934869694974,288.24615,286.03415723955874,6.569303894707362
CC1CCC(C)O1,"InChI=1S/C6H12O/c1-5-3-4-6(2)7-5/h5-6H,3-4H2,1-2H3",combined_esper_subset,rf_combined,esper,2.94283,2.7167547137645816,0.4542761722424836,3.77423,3.7986571136995138,0.3780607682453543,261.28875,271.6467895271476,22.65933567958098
CC1CCC(O)CC1,"InChI=1S/C7H14O/c1-6-2-4-7(8)5-3-6/h6-8H,2-5H2,1H3",combined_esper_subset,rf_combined,esper,5.16779,4.788935471639885,2.6615342661699577,3.21534,3.661807463068196,0.5741706429289726,238.41262,257.4462001342807,59.70950378581208
CCCCCCCCCC,"InChI=1S/C10H22/c1-3-5-7-9-10-8-6-4-2/h3-10H2,1-2H3",combined_esper_subset,rf_combined,esper,4.6267,4.490130304915052,0.5195645388072339,3.84109,3.835403679465169,0.060663545730198776,244.92287,249.4376178322118,11.242057942291668
CCCOC(=O)C(C)C,"InChI=1S/C7H14O2/c1-4-5-9-7(8)6(2)3/h6H,4-5H2,1-3H3",combined_esper_subset,rf_combined,esper,4.26309,4.238523525237242,0.48769924997178793,3.59836,3.57704642188456,0.14734648731257652,235.84188,239.83246586979567,10.320819346688792
CCCCN,"InChI=1S/C4H11N/c1-2-3-4-5/h2-5H2,1H3",combined_esper_subset,rf_combined,esper,3.45618,2.9975139676227203,0.40838348572966227,3.33791,3.5594357609831246,0.38315000861050547,214.9587,243.2172817121859,58.20281926319175
C=CCl,"InChI=1S/C2H3Cl/c1-2-3/h2H,1H2",combined_esper_subset,rf_combined,esper,1.93804,2.0880812839762872,0.2441406509961417,3.46909,3.468558064112888,0.21469477679429802,239.94582,248.7187974717477,30.376672282231446
FS(F)(F)(F)(F)F,"InChI=1S/F6S/c1-7(2,3,4,5)6",combined_esper_subset,rf_combined,esper,2.50486,3.217685928322585,1.0455049410564325,3.31977,3.6234623758877387,0.3135823341265525,160.81886,187.11879865535948,51.819309456403744
FC1(F)OC(F)(F)C(F)(F)O1,"InChI=1S/C3F6O2/c4-1(5)2(6,7)11-3(8,9)10-1",combined_esper_subset,rf_combined,esper,3.10928,3.5298649797688513,0.5891976609164605,3.48854,3.3112256783939364,0.2327745984977887,170.86521,171.5858835232335,24.132559008908288
CCCCCCCCC,"InChI=1S/C9H20/c1-3-5-7-9-8-6-4-2/h3-9H2,1-2H3",combined_esper_subset,rf_combined,esper,4.3188,3.9397162035711575,0.7736633970306398,3.79721,3.83934387676207,0.07807146555998058,241.29275,250.24377398907748,16.849575611723022
CCCOC(C)(C)C,"InChI=1S/C7H16O/c1-5-6-8-7(2,3)4/h5-6H2,1-4H3",combined_esper_subset,rf_combined,esper,3.68606,3.6419306547357904,0.4094338964589695,3.77901,3.8151249246277477,0.171045558275916,229.97117,233.3921709262651,10.377404822127309
CCc1ccccc1N,"InChI=1S/C8H11N/c1-2-7-5-3-4-6-8(7)9/h3-6H,2,9H2,1H3",combined_esper_subset,rf_combined,esper,4.15058,3.8789986999999995,0.5816196552174885,3.47357,3.610410175637,0.3813838244238131,260.34656,290.73128770526165,35.383159152052336
CCCCSSCCCC,"InChI=1S/C8H18S2/c1-3-5-7-9-10-8-6-4-2/h3-8H2,1-2H3",combined_esper_subset,rf_combined,esper,4.37993,4.853881492895942,1.2121867018588013,3.9329,3.81427421698724,0.20738157914331115,288.10826,283.3254763801995,25.530796695204035
CC(O)C(C)O,"InChI=1S/C4H10O2/c1-3(5)4(2)6/h3-6H,1-2H3",combined_esper_subset,rf_combined,esper,2.6315,2.725203977543083,0.9650179176329247,3.62098,3.616623030551308,0.5496439057640267,130.73932,308.8820457822883,63.62645947360001
Brc1cccc2ccccc12,InChI=1S/C10H7Br/c11-10-7-3-5-8-4-1-2-6-9(8)10/h1-7H,combined_esper_subset,rf_combined,esper,3.4325,4.00808793780348,0.8592697604687812,3.89799,3.743637743495654,0.26915021034592645,369.78605,340.7087856840111,32.343609353575985
CC=CC#N,"InChI=1S/C4H5N/c1-2-3-4-5/h2-3H,1H3",combined_esper_subset,rf_combined,esper,2.65978,2.6242776196625566,0.3772867721200102,3.47419,3.3865593148242628,0.22582010306351585,248.61056,271.8242435273163,70.52385562419839
CCOCc1ccccc1,"InChI=1S/C9H12O/c1-2-10-8-9-6-4-3-5-7-9/h3-7H,2,8H2,1H3",combined_esper_subset,rf_combined,esper,4.16297,4.359661388077477,1.0261390090220242,3.61903,3.672106311728778,0.3373355216329282,273.55042,286.7224248493367,24.90487705610602
CCCCCCCCCCC(C)CCCC,"InChI=1S/C16H34/c1-4-6-8-9-10-11-12-13-15-16(3)14-7-5-2/h16H,4-15H2,1-3H3",combined_esper_subset,rf_combined,esper,6.88908,6.018961600000001,0.24200783763638722,3.88269,4.078610700000001,0.09135929828162019,245.99898,265.11001760000016,6.4942623900394
CCCS,"InChI=1S/C3H8S/c1-2-3-4/h4H,2-3H2,1H3",combined_esper_subset,rf_combined,esper,2.29461,2.3858228154465926,0.3828902539526483,3.74583,3.7221517134173485,0.3461241276976874,282.53913,275.78068616779694,16.638382051287866
C1CCSC1,InChI=1S/C4H8S/c1-2-4-5-3-1/h1-4H2,combined_esper_subset,rf_combined,esper,2.47627,2.467786723199113,0.3631618807813436,3.65909,3.650240154492433,0.3664328922344815,319.33999,305.05263494513605,34.64851777420473
CCCC=O,"InChI=1S/C4H8O/c1-2-3-4-5/h4H,2-3H2,1H3",combined_esper_subset,rf_combined,esper,3.15915,2.909768385649082,0.3066922258124309,3.34711,3.4301177565019536,0.21816271782852723,234.75179,244.57679467951823,21.99768636031707
CCC(O)=NC,"InChI=1S/C4H9NO/c1-3-4(6)5-2/h3H2,1-2H3,(H,5,6)",combined_esper_subset,rf_combined,esper,1.57302,3.0447048907493985,1.0523116366290874,4.46282,3.516627051894919,0.5634959288295519,550.0,337.3182301010298,92.53179367322545
CCCCCCCCC(C)C(C)C,"InChI=1S/C13H28/c1-5-6-7-8-9-10-11-13(4)12(2)3/h12-13H,5-11H2,1-4H3",combined_esper_subset,rf_combined,esper,4.88341,5.203593793673073,0.4808937752872361,4.08206,4.064800371518988,0.04372364707180182,264.31308,263.17940069999963,3.227829034600886
CCCCC(C)S,"InChI=1S/C6H14S/c1-3-4-5-6(2)7/h6-7H,3-5H2,1-2H3",combined_esper_subset,rf_combined,esper,2.81312,3.2144003594574118,0.681526030021173,4.12304,4.010673399311682,0.25763442406741993,293.20744,294.0334958827009,27.850024205248587
CCCO[Si](OCCC)(OCCC)OCCC,"InChI=1S/C12H28O4Si/c1-5-9-13-17(14-10-6-2,15-11-7-3)16-12-8-4/h5-12H2,1-4H3",combined_esper_subset,rf_combined,esper,7.16233,6.711054893770415,2.075464812138859,3.80407,3.9092236392756234,0.3114775370933414,218.61918,235.8882400326895,39.44254820164778
C=CC#N,"InChI=1S/C3H3N/c1-2-3-4/h2H,1H2",combined_esper_subset,rf_combined,esper,2.39589,2.5342811857699137,0.5025372699428712,3.34511,3.2771249641106426,0.2590795513679563,225.19945,239.42452585723055,54.56405635291089
O=C(O)C1CC1,"InChI=1S/C4H6O2/c5-4(6)3-1-2-3/h3H,1-2H2,(H,5,6)",combined_esper_subset,rf_combined,esper,5.2811,3.2810644815769106,0.8660676763574585,2.74919,3.221178263310951,0.3682118669528776,251.09198,303.8918329904558,56.71445660758828
CCOCCO,"InChI=1S/C4H10O2/c1-2-6-4-3-5/h5H,2-4H2,1H3",combined_esper_subset,rf_combined,esper,4.58099,3.0244809242484325,0.9583351216327272,3.04974,3.7992536077232946,0.5843386531222323,209.35432,258.4198680145183,62.27386267995002
CCCCCCCCC#N,"InChI=1S/C9H17N/c1-2-3-4-5-6-7-8-9-10/h2-8H2,1H3",combined_esper_subset,rf_combined,esper,4.4383,4.56548070491505,0.4892795535875902,3.77202,3.7810877770287097,0.21483233874147037,284.63963,291.08014035152405,28.156408614647752
CCCOC(=O)C(=O)OCCC,"InChI=1S/C8H14O4/c1-3-5-11-7(9)8(10)12-6-4-2/h3-6H2,1-2H3",combined_esper_subset,rf_combined,esper,5.75718,5.721995669859792,1.4415077324388044,3.43458,3.492175629058541,0.32954626676943655,244.98941,256.34097468608303,27.658389587035153
CCCCCCC(C)CCCC,"InChI=1S/C12H26/c1-4-6-8-9-11-12(3)10-7-5-2/h12H,4-11H2,1-3H3",combined_esper_subset,rf_combined,esper,5.23401,5.2699389000000005,0.5006352725246096,3.89,4.058372299999999,0.08954029986386025,246.68655,258.7940163000003,8.632389900486267
CCCCCCCCCCCCCCCCCCC(C)CCC,"InChI=1S/C23H48/c1-4-6-7-8-9-10-11-12-13-14-15-16-17-18-19-20-22-23(3)21-5-2/h23H,4-22H2,1-3H3",combined_esper_subset,rf_combined,esper,9.24895,9.3811054,1.2330934069926898,3.95643,4.091330199999998,0.07826274987476484,252.43422,260.7499401000003,9.36738457982788
CCCS(=O)CCC,"InChI=1S/C6H14OS/c1-3-5-8(7)6-4-2/h3-6H2,1-2H3",combined_esper_subset,rf_combined,esper,3.93054,3.964053237694825,0.7580235465003867,3.69634,3.7348838601750414,0.4513862489068631,314.805,304.4871381002154,43.93815637182226
CCCCCOC(=O)CCC(=O)OCCCCC,"InChI=1S/C14H26O4/c1-3-5-7-11-17-13(15)9-10-14(16)18-12-8-6-4-2/h3-12H2,1-2H3",combined_esper_subset,rf_combined,esper,7.37042,7.309759513805805,1.3301735315135494,3.70934,3.630816013388416,0.19426197971995104,256.52535,250.3116714263116,14.25567134794649
CCCCCCCC(=O)OCC,"InChI=1S/C10H20O2/c1-3-5-6-7-8-9-10(11)12-4-2/h3-9H2,1-2H3",combined_esper_subset,rf_combined,esper,5.48341,5.958772514039269,0.8252599483648603,3.66468,3.5537279000000037,0.24145952651446578,243.41624,238.28230119999998,19.409236692894392
CCC(Br)CC,"InChI=1S/C5H11Br/c1-3-5(6)4-2/h5H,3-4H2,1-2H3",combined_esper_subset,rf_combined,esper,2.73778,2.642981213688407,0.5718898127455715,3.93553,3.915365126067437,0.31492216490434805,292.48992,297.67797838132464,35.787706836575246
CCOc1ccc(N)cc1,"InChI=1S/C8H11NO/c1-2-10-8-5-3-7(9)4-6-8/h3-6H,2,9H2,1H3",combined_esper_subset,rf_combined,esper,2.1675,4.078760728901462,1.3850962815171763,4.5,3.7042289344100845,0.49173860117789747,423.60162,276.7399119801384,37.782477215058925
FC(F)(Br)Br,"InChI=1S/CBr2F2/c2-1(3,4)5",combined_esper_subset,rf_combined,esper,2.06713,2.3016008945376822,0.30574188467782015,3.80477,3.638018720983684,0.23838836005007144,263.97546,241.37937880000004,48.367549870414464
CCCCCCCCCCCCCC(C)C,"InChI=1S/C16H34/c1-4-5-6-7-8-9-10-11-12-13-14-15-16(2)3/h16H,4-15H2,1-3H3",combined_esper_subset,rf_combined,esper,6.38597,6.542525878982215,0.6960080526036199,3.99475,3.9043832000000025,0.07729330648743134,257.19315,249.59827969999986,8.039829748290998
CCCCCCCCCCCCCCCCCl,"InChI=1S/C16H33Cl/c1-2-3-4-5-6-7-8-9-10-11-12-13-14-15-16-17/h2-16H2,1H3",combined_esper_subset,rf_combined,esper,12.20003,7.738486638145142,1.707897581745882,3.21902,3.8733236,0.15347595146158902,210.28436,263.5462616841793,32.906701896301456
CC=CCCCCCCC,"InChI=1S/C10H20/c1-3-5-7-9-10-8-6-4-2/h3,5H,4,6-10H2,1-2H3",combined_esper_subset,rf_combined,esper,4.37143,4.582396904915051,0.5033846553337358,3.86282,3.8756459082652643,0.0880829033114994,253.04598,253.09961908863883,10.12336136267615
O=C(O)c1ccc2c(c1)C(=O)OC2=O,"InChI=1S/C9H4O5/c10-7(11)4-1-2-5-6(3-4)9(13)14-8(5)12/h1-3H,(H,10,11)",combined_esper_subset,rf_combined,esper,2.16266,4.8820021445159965,1.6872723182654374,4.5,3.800410809976097,0.4527970819424299,379.38625,376.9609941059402,84.84300489960863
C=C[Si](C)(Cl)Cl,"InChI=1S/C3H6Cl2Si/c1-3-6(2,4)5/h3H,1H2,2H3",combined_esper_subset,rf_combined,esper,2.89579,2.6926642305507,0.43243245842913913,3.88105,3.8694366228109596,0.30538938801958726,260.14092,261.7568812608724,20.112869795537474
OC1CCCCC1,"InChI=1S/C6H12O/c7-6-4-2-1-3-5-6/h6-7H,1-5H2",combined_esper_subset,rf_combined,esper,2.52808,2.9667886079525236,1.6064005313731253,3.92808,3.4432613713257023,0.6336885314204554,324.7137,286.2996126670445,69.4199099046962
CCC(CC)C(C)C,"InChI=1S/C8H18/c1-5-8(6-2)7(3)4/h7-8H,5-6H2,1-4H3",combined_esper_subset,rf_combined,esper,3.3049,3.3630506999999987,0.4871826551618091,3.98271,4.0023538000000025,0.09875659698248015,255.59118,254.86868989999996,9.798175524967949
Cc1ccc(Cl)cc1,"InChI=1S/C7H7Cl/c1-6-2-4-7(8)5-3-6/h2-5H,1H3",combined_esper_subset,rf_combined,esper,2.99979,3.1664186999999995,0.31688890772210687,3.79367,3.7640439594716804,0.12773422651255545,310.00326,308.2785094793109,11.897824116521637
CCC(C)Cl,"InChI=1S/C4H9Cl/c1-3-4(2)5/h4H,3H2,1-2H3",combined_esper_subset,rf_combined,esper,2.58818,2.6483477287248975,0.3851418077799333,3.75701,3.8214776864035995,0.3955317632938375,260.48671,276.8374169167122,47.59633885970557
CCN(CC)c1ccccc1,"InChI=1S/C10H15N/c1-3-11(4-2)10-8-6-5-7-9-10/h5-9H,3-4H2,1-2H3",combined_esper_subset,rf_combined,esper,4.70064,4.353803759591314,1.0305515158222316,3.58316,3.7840222472826586,0.31873352104828045,272.82253,286.2216715443438,20.212216140262612
Brc1cccc(Br)c1,InChI=1S/C6H4Br2/c7-5-2-1-3-6(8)4-5/h1-4H,combined_esper_subset,rf_combined,esper,2.97212,3.1768929584968135,0.43151017658882124,3.86812,3.7436753000000014,0.12197209434501809,358.63284,337.0430147000003,17.596176475125358
CC(F)(F)Cl,"InChI=1S/C2H3ClF2/c1-2(3,4)5/h1H3",combined_esper_subset,rf_combined,esper,2.4678,2.4378888499999984,0.3094455727004792,3.4692,3.365348067134461,0.23342534550948235,201.39327,213.81651569606817,30.941845336589097
CCCCOCCCC,"InChI=1S/C8H18O/c1-3-5-7-9-8-6-4-2/h3-8H2,1-2H3",combined_esper_subset,rf_combined,esper,4.21629,3.513367765750685,0.8441100542497029,3.76732,3.9522429447777814,0.2806035446345004,239.48731,256.18706783411784,29.23605409834164
CCCCCCCC(C)CC,"InChI=1S/C11H24/c1-4-6-7-8-9-10-11(3)5-2/h11H,4-10H2,1-3H3",combined_esper_subset,rf_combined,esper,4.1835,4.550959100000003,0.3214770023099476,4.09797,3.955364199999997,0.10721690908788599,266.95381,251.74037861357115,8.206338257706925
CN1CCN(C)CC1,"InChI=1S/C6H14N2/c1-7-3-5-8(2)6-4-7/h3-6H2,1-2H3",combined_esper_subset,rf_combined,esper,3.29915,3.0254102373086704,0.7330533099234917,3.78633,3.9706994597418075,0.3694852502892893,270.94696,310.6280586064201,41.15532778177998
CC(C)(c1ccccc1)c1ccc(O)cc1,"InChI=1S/C15H16O/c1-15(2,12-6-4-3-5-7-12)13-8-10-14(16)11-9-13/h3-11,16H,1-2H3",combined_esper_subset,rf_combined,esper,3.29875,5.212121960931507,0.9785323279425128,4.5,4.198945352435174,0.469520840127837,361.97711,331.6276315565511,71.02792354412341
Oc1cccc(O)c1,"InChI=1S/C6H6O2/c7-5-2-1-3-6(8)4-5/h1-4,7-8H",combined_esper_subset,rf_combined,esper,2.39189,3.790440511472734,0.9668277106957072,3.88105,3.48642503536483,0.42072246480823144,386.93484,323.5782089107671,46.150324454576385
C[Si](C)(C)O[Si](C)(C)O[Si](C)(C)O[Si](C)(C)C,"InChI=1S/C10H30O3Si4/c1-14(2,3)11-16(7,8)13-17(9,10)12-15(4,5)6/h1-10H3",combined_esper_subset,rf_combined,esper,6.63032,6.702321806269502,2.054823437777844,4.17216,4.306930186084116,0.27465107974760095,206.12642,228.91711801747027,38.824055160481116
CO[Si](CCCOCC1CO1)(OC)OC,"InChI=1S/C9H20O5Si/c1-10-15(11-2,12-3)6-4-5-13-7-9-8-14-9/h9H,4-8H2,1-3H3",combined_esper_subset,rf_combined,esper,6.69225,6.566462721085055,2.122669013343563,3.57089,3.7843788774021965,0.612700845188923,248.84645,282.10701365202226,68.15788289171263
CCCCCCCCCCCCCCCC(=O)OC,"InChI=1S/C17H34O2/c1-3-4-5-6-7-8-9-10-11-12-13-14-15-16-17(18)19-2/h3-16H2,1-2H3",combined_esper_subset,rf_combined,esper,8.09875,7.719608585194498,1.7622303996146809,3.78262,3.7489252262807238,0.11190915524496753,250.23475,247.35868038488493,6.127102041483103
CCCCCCCCCCCCCCCCCCCCCCCC,"InChI=1S/C24H50/c1-3-5-7-9-11-13-15-17-19-21-23-24-22-20-18-16-14-12-10-8-6-4-2/h3-24H2,1-2H3",combined_esper_subset,rf_combined,esper,9.99477,10.6785429,2.4581360015997067,3.91337,3.8771686000000005,0.14999904130373645,251.29758,247.61022520000031,10.129989513371621
C=CC(C)=O,"InChI=1S/C4H6O/c1-3-4(2)5/h3H,1H2,2H3",combined_esper_subset,rf_combined,esper,2.52756,2.7297085414921245,0.41574764283311855,3.52403,3.433471141431208,0.23270893567398115,260.98831,250.51772654632114,30.368556130308132
CCCCCCCCCCCCCCCCCCOC(C)=O,"InChI=1S/C20H40O2/c1-3-4-5-6-7-8-9-10-11-12-13-14-15-16-17-18-19-22-20(2)21/h3-19H2,1-2H3",combined_esper_subset,rf_combined,esper,8.19061,9.6306719,3.39594052037361,3.97505,3.75867256736187,0.2668009952220336,263.03159,241.13050798488507,15.82491550426845
CC(=N)O,"InChI=1S/C2H5NO/c1-2(3)4/h1H3,(H2,3,4)",combined_esper_subset,rf_combined,esper,2.82648,2.3834779182369794,1.1202034411668111,3.12045,3.3659935862909,0.5490384266979659,377.67175,368.50762700306615,143.73560198536538
CCC#CCC,"InChI=1S/C6H10/c1-3-5-6-4-2/h3-4H2,1-2H3",combined_esper_subset,rf_combined,esper,3.44431,3.1493020233033637,0.5082653597792239,3.48564,3.662245786763429,0.21194536311195425,233.64361,244.06235562779761,32.677472571227895
CC=CC=CC,"InChI=1S/C6H10/c1-3-5-6-4-2/h3-6H,1-2H3",combined_esper_subset,rf_combined,esper,3.02676,2.9414775519867855,0.3668515725749856,3.66496,3.7044627425696475,0.05875962865632285,251.30399,253.3599177120993,8.949088510640216
COC(=O)CCC(=O)OC,"InChI=1S/C6H10O4/c1-9-5(7)3-4-6(8)10-2/h3-4H2,1-2H3",combined_esper_subset,rf_combined,esper,5.26317,4.971667145507852,0.8878576558669776,3.23551,3.3121977894681773,0.20994299211398168,250.69308,252.64139510427384,18.09592086915934
NCCNCCNCCN,"InChI=1S/C6H18N4/c7-1-3-9-5-6-10-4-2-8/h9-10H,1-8H2",combined_esper_subset,rf_combined,esper,2.63932,4.193192639118197,1.6927092634498735,4.5,4.09509570047585,0.4838161404577232,385.92002,162.87787215866751,136.92514825055605
CC(=O)CC(C)C,"InChI=1S/C6H12O/c1-5(2)4-6(3)7/h5H,4H2,1-3H3",combined_esper_subset,rf_combined,esper,3.51266,3.152660043076828,0.6762617172295359,3.6135,3.633657372080636,0.2765856608150816,248.15792,248.82391249159824,22.688415226993836
C=C(C)OC(C)=O,"InChI=1S/C5H8O2/c1-4(2)7-5(3)6/h1H2,2-3H3",combined_esper_subset,rf_combined,esper,3.69601,3.5587792648924976,0.5626739321431654,3.37428,3.3785897684336557,0.17038692039155623,236.25236,243.82162762328494,35.07391329755507
C#CCCCCCCC,"InChI=1S/C9H16/c1-3-5-7-9-8-6-4-2/h1H,4-9H2,2H3",combined_esper_subset,rf_combined,esper,4.1734,4.0282268919028255,0.5635070032351357,3.74311,3.7202524000000015,0.2119258475463528,247.64174,243.11261929999978,15.743660449982603
CCCBr,"InChI=1S/C3H7Br/c1-2-3-4/h2-3H2,1H3",combined_esper_subset,rf_combined,esper,2.49276,2.4710948516641937,0.26342797003456786,3.62552,3.6647517325749663,0.1310788015647222,272.20973,282.08997634653724,20.568249298507258
CCCCCCCCc1cc2cc(C)ccc2cc1C,"InChI=1S/C20H28/c1-4-5-6-7-8-9-10-18-15-20-13-16(2)11-12-19(20)14-17(18)3/h11-15H,4-10H2,1-3H3",combined_esper_subset,rf_combined,esper,6.90604,6.591584425387778,0.5393988564510416,3.91531,3.9449588194680114,0.1347381594846528,295.37663,295.9724696000001,26.264295422585004
CC(C)CCOC=O,"InChI=1S/C6H12O2/c1-6(2)3-4-8-5-7/h5-6H,3-4H2,1-2H3",combined_esper_subset,rf_combined,esper,3.86567,3.9939787520949688,0.49276093391726083,3.56068,3.593273752908256,0.3448641829451946,244.81321,239.2636101103299,6.227553187478703
CCCC(C)(C)CC,"InChI=1S/C8H18/c1-5-7-8(3,4)6-2/h5-7H2,1-4H3",combined_esper_subset,rf_combined,esper,3.21937,3.3185380049150464,0.2514234592394525,4.03238,4.02770297450614,0.0862835789541083,256.20469,253.94879192609105,14.224302862947368
O=C(O)C=Cc1ccccc1,"InChI=1S/C9H8O2/c10-9(11)7-6-8-4-2-1-3-5-8/h1-7H,(H,10,11)",combined_esper_subset,rf_combined,esper,2.79469,3.9452019749216065,1.250518212890731,4.05506,3.8588045368873,0.6329458005925773,277.62777,367.5685575753094,85.84721163325752
CCCCC(=O)O,"InChI=1S/C5H10O2/c1-2-3-4-5(6)7/h2-4H2,1H3,(H,6,7)",combined_esper_subset,rf_combined,esper,5.82828,4.160154369775211,0.8576694092081135,2.92283,3.4502022343457774,0.37628040721329553,237.14427,266.37777944629966,36.84669231444226
CCCCCCCCCO,"InChI=1S/C9H20O/c1-2-3-4-5-6-7-8-9-10/h10H,2-9H2,1H3",combined_esper_subset,rf_combined,esper,4.05376,4.373794349411031,0.9198407177427976,3.93978,3.982035599915597,0.1871118435770624,277.88672,280.14128418788374,10.349142148158903
C[Si](C)(C)Cl,"InChI=1S/C3H9ClSi/c1-5(2,3)4/h1-3H3",combined_esper_subset,rf_combined,esper,2.82445,2.6912014109318285,0.44757466618491226,3.83436,3.9446813871583,0.31438468786737067,237.09078,258.39093284304886,30.043721711127088
FC(F)C(F)C(F)(F)F,"InChI=1S/C3H2F6/c4-1(2(5)6)3(7,8)9/h1-2H",combined_esper_subset,rf_combined,esper,3.64005,3.2783549284850797,0.5452574618560977,3.21838,3.2777899809309288,0.11553847636576683,177.56548,171.12030071728387,13.347156992279329
NCCN1CCNCC1,"InChI=1S/C6H15N3/c7-1-4-9-5-2-8-3-6-9/h8H,1-7H2",combined_esper_subset,rf_combined,esper,2.215,3.0336098297365406,0.8095376683349804,4.5,4.133733886003581,0.4353573599897881,406.06335,330.8798761613648,62.719389767736864
C1CCSCC1,InChI=1S/C5H10S/c1-2-4-6-5-3-1/h1-5H2,combined_esper_subset,rf_combined,esper,2.51582,2.642399562928729,0.3270970184276723,3.85477,3.776469762975731,0.3728559259698743,330.91106,317.32608106753355,36.62353571147157
CC[Ge](CC)(CC)CC,"InChI=1S/C8H20Ge/c1-5-9(6-2,7-3)8-4/h5-8H2,1-4H3",combined_esper_subset,rf_combined,esper,3.18893,3.909774528631613,0.9532761754423392,4.35286,3.9329142476339074,0.22017949122602562,291.20953,244.51281386096517,37.04053626268241
CC(C)CCCCC(C)C,"InChI=1S/C10H22/c1-9(2)7-5-6-8-10(3)4/h9-10H,5-8H2,1-4H3",combined_esper_subset,rf_combined,esper,4.309,4.326210986909475,0.5470448755058568,3.93099,3.9372107145520654,0.12772093835929837,245.07869,246.47098620000006,9.36748714007794
C=CC=C,"InChI=1S/C4H6/c1-3-4-2/h3-4H,1-2H2",combined_esper_subset,rf_combined,esper,2.23776,2.393659172848236,0.3603740682641486,3.58327,3.547455952461894,0.1759959111046927,228.30251,228.01339356418953,30.194209780771644
CCC1COC(=O)O1,"InChI=1S/C5H8O3/c1-2-4-3-7-5(6)8-4/h4H,2-3H2,1H3",combined_esper_subset,rf_combined,esper,3.33303,4.054645800729616,1.3276179259347527,3.53941,3.5517838730455535,0.4395158047094432,365.23054,314.62014483184487,40.144577624125176
CCCCC(CC)COC(C)=O,"InChI=1S/C10H20O2/c1-4-6-7-10(5-2)8-12-9(3)11/h10H,4-8H2,1-3H3",combined_esper_subset,rf_combined,esper,6.12871,5.155801835364834,1.139439499151832,3.49249,3.749889322009833,0.2805884065242652,226.87213,247.65591055069,30.30873499750694
COS(=O)OC,InChI=1S/C2H6O3S/c1-4-6(3)5-2/h1-2H3,combined_esper_subset,rf_combined,esper,3.5552,3.319870853541882,0.6448854686208474,3.25269,3.2555249161601445,0.2840300065314606,266.57358,288.6451815806854,42.28106421466938
OCCS,"InChI=1S/C2H6OS/c3-1-2-4/h3-4H,1-2H2",combined_esper_subset,rf_combined,esper,1.21331,2.5164587999999997,1.1421312504255188,4.5,3.5428251797854524,0.6345311388332147,531.31282,297.68879463857036,73.38400522907281
Nc1ccccc1[N+](=O)[O-],"InChI=1S/C6H6N2O2/c7-5-3-1-2-4-6(5)8(9)10/h1-4H,7H2",combined_esper_subset,rf_combined,esper,1.79764,3.4421022999999993,0.5267663555293846,4.5,3.5663632999999972,0.27385218683463164,353.48273,303.71274577227626,37.35292718050004
CO[SiH](OC)OC,"InChI=1S/C3H10O3Si/c1-4-7(5-2)6-3/h7H,1-3H3",combined_esper_subset,rf_combined,esper,3.82528,3.2774737503636864,1.0870479592938151,3.48825,3.676144463602067,0.46719483251316307,220.82175,283.95815148856354,55.518876720447444
c1ccsc1,InChI=1S/C4H4S/c1-2-4-5-3-1/h1-4H,combined_esper_subset,rf_combined,esper,2.39045,2.586355258447717,0.31578582146785045,3.54152,3.5152019796223097,0.2723499795464491,299.898,295.59774887752224,48.50927292406988
C=C(CC)CCCC,"InChI=1S/C8H16/c1-4-6-7-8(3)5-2/h3-7H2,1-2H3",combined_esper_subset,rf_combined,esper,6.26475,3.4576444229014367,0.42306094070657607,3.14203,3.8491607964374954,0.18244469806752797,188.73986,245.1219810502958,17.362792116951166
Fc1ccc(F)cc1,InChI=1S/C6H4F2/c7-5-1-2-6(8)4-3-5/h1-4H,combined_esper_subset,rf_combined,esper,2.96517,2.988071671586363,0.3740193505169638,3.5154,3.486709126063331,0.16219380441155365,263.29915,268.1845964614916,33.718750575667066
C=CCCCCCC,"InChI=1S/C8H16/c1-3-5-7-8-6-4-2/h3H,1,4-8H2,2H3",combined_esper_subset,rf_combined,esper,3.78331,3.5065372049150487,0.3289684061578585,3.79804,3.8148639999999987,0.07469556326851014,241.90583,246.1210809603956,11.824468397261453
CC(C)COC=O,"InChI=1S/C5H10O2/c1-5(2)3-7-4-6/h4-5H,3H2,1-2H3",combined_esper_subset,rf_combined,esper,3.85433,3.611379700836549,0.43021711600651075,3.38973,3.4651119348097605,0.23204424515522828,229.59887,240.2754397471873,24.041312164136556
[C-]#[O+],InChI=1S/CO/c1-2,combined_esper_subset,rf_combined,esper,1.32286,1.6471487107156588,0.7661338088431665,3.24532,3.114971300000176,0.4534848982723597,91.17087,155.58695790000013,58.18757445984329
FCC(F)(F)C(F)F,"InChI=1S/C3H3F5/c4-1-3(7,8)2(5)6/h2H,1H2",combined_esper_subset,rf_combined,esper,3.58945,3.2814430507861516,0.6947724722807622,3.17112,3.239524649692634,0.13728422621052813,191.93072,184.60566357695149,17.75803775296218
CCOC(C)(C)C,"InChI=1S/C6H14O/c1-5-7-6(2,3)4/h5H2,1-4H3",combined_esper_subset,rf_combined,esper,3.44898,3.381378999725138,0.9084755232607978,3.70437,3.8399857599937985,0.3129101903613074,223.19069,231.2555635278361,9.390363456807234
Clc1cccc(Cl)c1Cl,InChI=1S/C6H3Cl3/c7-4-2-1-3-5(8)6(4)9/h1-3H,combined_esper_subset,rf_combined,esper,3.32058,3.2388991586137728,0.8669746515627355,3.74383,3.828298254286439,0.2987775069923961,334.18319,348.2583094124187,53.81971790384698
C=C(C)Cl,"InChI=1S/C3H5Cl/c1-3(2)4/h1H2,2H3",combined_esper_subset,rf_combined,esper,1.9126,2.2896250555863342,0.3609247557413697,3.82014,3.5730979278344024,0.18474754331951965,273.17104,260.62366353281084,27.919673422898775
FC1(F)C(F)(F)C(F)(F)C2(F)C(F)(F)C(F)(F)C(F)(F)C(F)(F)C2(F)C1(F)F,"InChI=1S/C10F18/c11-1-2(12,5(17,18)9(25,26)7(21,22)3(1,13)14)6(19,20)10(27,28)8(23,24)4(1,15)16",combined_esper_subset,rf_combined,esper,4.72481,5.928019915641017,0.8928901330558582,4.00419,3.8027127403001164,0.19531174102942872,220.63716,207.30424885848595,32.51713292694745
CCCCCCCCCCCCO,"InChI=1S/C12H26O/c1-2-3-4-5-6-7-8-9-10-11-12-13/h13H,2-12H2,1H3",combined_esper_subset,rf_combined,esper,5.72518,5.302245888326322,0.5950685932051778,3.81916,3.9338689731279306,0.151321857388736,262.94819,270.2751573999997,13.441057105364566
C=C1C2CCC(C2)C1(C)C,"InChI=1S/C10H16/c1-7-8-4-5-9(6-8)10(7,2)3/h8-9H,1,4-6H2,2-3H3",combined_esper_subset,rf_combined,esper,3.13504,3.272829038754054,0.4657628804798409,4.083,4.126891754560563,0.21052773203416264,295.51029,299.06796239784876,28.995886309894946
C1COCCO1,InChI=1S/C4H8O2/c1-2-6-4-3-5-1/h1-4H2,combined_esper_subset,rf_combined,esper,2.98846,2.7349076755924675,0.4422757990696382,3.36587,3.4558163563303967,0.3770340418227581,275.40864,273.97349629405056,34.668747518788344
Cc1cccc(C)n1,"InChI=1S/C7H9N/c1-6-4-3-5-7(2)8-6/h3-5H,1-2H3",combined_esper_subset,rf_combined,esper,3.43167,3.2719028179434413,0.3040539217878858,3.58615,3.636175000000002,0.17661268323367946,277.28095,289.5998418991021,24.340658520653555
CC(O)COC(C)COC(C)CO,"InChI=1S/C9H20O4/c1-7(11)5-12-9(3)6-13-8(2)4-10/h7-11H,4-6H2,1-3H3",combined_esper_subset,rf_combined,esper,6.31493,4.239837707920396,1.131191157162986,3.40902,4.035676862076426,0.49709337355867217,158.55115,301.18427033361263,50.270761551294385
Cc1cc(C)c(C)c(C)c1,"InChI=1S/C10H14/c1-7-5-8(2)10(4)9(3)6-7/h5-6H,1-4H3",combined_esper_subset,rf_combined,esper,3.78838,3.5920489335256,0.6738024584602009,3.81133,3.8221393160944914,0.19392695789681594,292.98213,283.1506017000001,27.035644162929067
CC(C)CC(=O)O,"InChI=1S/C5H10O2/c1-4(2)3-5(6)7/h4H,3H2,1-2H3,(H,6,7)",combined_esper_subset,rf_combined,esper,3.40514,3.8718686172716006,0.9471228585520653,3.57451,3.4560595327240593,0.36473561453727266,269.14134,269.8175437865894,50.55197102150587
CCCCCCCl,"InChI=1S/C6H13Cl/c1-2-3-4-5-6-7/h2-6H2,1H3",combined_esper_subset,rf_combined,esper,3.55153,3.5949954156468373,0.5574391903023252,3.72398,3.769334654593348,0.23547458827243958,262.58452,263.5839188292604,7.260075008659867
[CH3].[CH3].[Hg],InChI=1S/2CH3.Hg/h2*1H3;,combined_esper_subset,rf_combined,esper,1.90774,2.1315138229825283,1.052037172228539,3.78655,3.709586509458766,0.4077665814367363,353.19312,243.31005904407257,50.32367535193598
NN,InChI=1S/H4N2/c1-2/h1-2H2,combined_esper_subset,rf_combined,esper,3.4085,2.1581123913466147,0.9045598278416763,2.31839,2.523295300001653,0.595173290995852,155.08363,197.00854005748408,80.65987597303177
CCCCCCCCCCCCCC(C)C(C)C,"InChI=1S/C18H38/c1-5-6-7-8-9-10-11-12-13-14-15-16-18(4)17(2)3/h17-18H,5-16H2,1-4H3",combined_esper_subset,rf_combined,esper,6.39318,7.320641499999996,1.5678991628573409,4.14452,4.160543899999996,0.10865733923573688,268.71914,270.94763050000006,8.803578872913604
CCCCC(O)CC,"InChI=1S/C7H16O/c1-3-5-6-7(8)4-2/h7-8H,3-6H2,1-2H3",combined_esper_subset,rf_combined,esper,3.88509,3.6472452953456314,0.9655256746059471,3.70955,3.7008030552559426,0.31685474759057886,252.81049,244.1916847934952,38.43543777533671
CCCCCN,"InChI=1S/C5H13N/c1-2-3-4-5-6/h2-6H2,1H3",combined_esper_subset,rf_combined,esper,3.24364,3.0064610761922843,0.505782085519476,3.64534,3.7198580615672006,0.35229856603526244,237.87493,217.5417825019515,53.02606772553817
CCCCCC(C)CC(C)CC(C)C,"InChI=1S/C14H30/c1-6-7-8-9-13(4)11-14(5)10-12(2)3/h12-14H,6-11H2,1-5H3",combined_esper_subset,rf_combined,esper,6.27627,5.87546669847404,1.0974179574978071,3.81733,3.934677194173539,0.14933948150160584,229.94787,242.04714560000005,14.177038012230783
CCCCCNCCCCC,"InChI=1S/C10H23N/c1-3-5-7-9-11-10-8-6-4-2/h11H,3-10H2,1-2H3",combined_esper_subset,rf_combined,esper,2.56902,4.339394600000002,0.6167495634524925,4.5,4.1171304636899055,0.2745931774223456,144.03655,261.71952131233604,36.83636357242575
CCCCCCCCCC(=O)OCCCC,"InChI=1S/C14H28O2/c1-3-5-7-8-9-10-11-12-14(15)16-13-6-4-2/h3-13H2,1-2H3",combined_esper_subset,rf_combined,esper,6.82014,6.85908886154736,0.7130879469081118,3.77288,3.778888339361975,0.1724527930863453,248.81426,255.71238796977028,14.190071039325979
CCCCCCC(c1ccccc1)c1ccccc1,"InChI=1S/C19H24/c1-2-3-4-11-16-19(17-12-7-5-8-13-17)18-14-9-6-10-15-18/h5-10,12-15,19H,2-4,11,16H2,1H3",combined_esper_subset,rf_combined,esper,7.41801,6.018566100662127,0.7013967115505318,3.69684,3.952543034355586,0.12290453159201449,263.6466,282.9358177569904,22.612716174348428
CCCCCCCCN,"InChI=1S/C8H19N/c1-2-3-4-5-6-7-8-9/h2-9H2,1H3",combined_esper_subset,rf_combined,esper,3.77186,3.297950876037217,0.7658915566561882,3.9426,4.192587170492234,0.33159006676371533,274.90676,262.36534729668375,53.79862217576038
ClCCCCCl,InChI=1S/C4H8Cl2/c5-3-1-2-4-6/h1-4H2,combined_esper_subset,rf_combined,esper,2.85528,3.162289376121395,0.5645868505033439,3.77798,3.6215021606006403,0.17756277278843483,315.50637,286.71258783962304,39.09845346929201
CCCC(C)(C)C,"InChI=1S/C7H16/c1-5-6-7(2,3)4/h5-6H2,1-4H3",combined_esper_subset,rf_combined,esper,2.98758,3.1051342999999987,0.5337366748107254,3.98975,3.9793739000000015,0.06810186371744902,244.73503,246.88393655847906,8.977269298738712
CC(=O)CC(C)=O,"InChI=1S/C5H8O2/c1-4(6)3-5(2)7/h3H2,1-2H3",combined_esper_subset,rf_combined,esper,2.14449,3.5573250561804186,0.9567976345811913,4.07412,3.5287088617824405,0.3405663665307456,348.86452,252.05256883527548,26.475048631386596
O=C(F)C(F)(F)F,"InChI=1S/C2F4O/c3-1(7)2(4,5)6",combined_esper_subset,rf_combined,esper,3.76345,3.0863933164790804,0.6816997437014907,2.87039,3.190683898638275,0.20161773819288453,134.60067,160.1865401756165,17.113564826242204
CCCCCCCCCC(=O)O,"InChI=1S/C10H20O2/c1-2-3-4-5-6-7-8-9-10(11)12/h2-9H2,1H3,(H,11,12)",combined_esper_subset,rf_combined,esper,3.1246,5.391031746836534,0.5684546885966983,4.5,3.7580300461847647,0.2416383174021417,318.86772,270.2614737878841,16.170133702633635
O=C1CCCCC1,InChI=1S/C6H10O/c7-6-4-2-1-3-5-6/h1-5H2,combined_esper_subset,rf_combined,esper,2.83191,2.7703762169340655,0.46696700333080465,3.71161,3.6589728288726144,0.24562614659652882,309.90592,319.5617890746019,37.40851610998293
CCCCCC(=O)OCC(COC(=O)CCCCC)OC(=O)CCCCC,"InChI=1S/C21H38O6/c1-4-7-10-13-19(22)25-16-18(27-21(24)15-12-9-6-3)17-26-20(23)14-11-8-5-2/h18H,4-17H2,1-3H3",combined_esper_subset,rf_combined,esper,9.81644,10.665836254328863,2.470747962574083,3.8214,3.86642824636407,0.4086119372112655,246.04115,263.3939058051087,48.06653879963758
CC1CC(C)C(C)C1,"InChI=1S/C8H16/c1-6-4-7(2)8(3)5-6/h6-8H,4-5H2,1-3H3",combined_esper_subset,rf_combined,esper,2.93534,3.0395429118599395,0.49992243073113585,4.05617,3.9684752700580765,0.13519305466514234,275.52874,278.154850712868,19.99052100236062
CC(C)C(C)C(C)(C)C,"InChI=1S/C9H20/c1-7(2)8(3)9(4,5)6/h7-8H,1-6H3",combined_esper_subset,rf_combined,esper,3.24524,3.384690397708235,0.3723521763485342,4.14986,4.122889171518989,0.06392671968461257,267.96763,264.8555648771821,13.743924142772418
CCC(=O)OCc1ccco1,"InChI=1S/C8H10O3/c1-2-8(9)11-6-7-4-3-5-10-7/h3-5H,2,6H2,1H3",combined_esper_subset,rf_combined,esper,5.61657,4.438673654841463,0.947299642398089,3.24379,3.535339659291687,0.36656430010706503,239.60235,278.96069971454546,39.69162949152535
FC(F)=CCl,InChI=1S/C2HClF2/c3-1-2(4)5/h1H,combined_esper_subset,rf_combined,esper,2.54285,2.5630240757684817,0.3212214440528145,3.27944,3.324953561262956,0.25373134235420625,202.77134,228.46309810659238,37.51227788469363
FC(F)(F)C(F)(F)C(F)(C(F)(F)F)C(F)(F)F,"InChI=1S/C5F12/c6-1(3(9,10)11,4(12,13)14)2(7,8)5(15,16)17",combined_esper_subset,rf_combined,esper,4.38356,4.4074614999999975,0.3414816964593416,3.56051,3.658021401161485,0.16723212115527814,168.85714,175.87684967439708,9.015523740532684
C1CC1,InChI=1S/C3H6/c1-2-3-1/h1-3H2,combined_esper_subset,rf_combined,esper,1.85512,1.8549473320602674,0.37185365122962083,3.47557,3.5196144151573505,0.21955101691669182,232.78501,252.68873057461207,39.86239476343118
CCCC(C)CCC,"InChI=1S/C8H18/c1-4-6-8(3)7-5-2/h8H,4-7H2,1-3H3",combined_esper_subset,rf_combined,esper,3.62643,3.5891809205442162,0.5239541330180075,3.88212,3.949231198625716,0.11919227229923801,244.25758,247.20773489580924,8.90428264802097
CCCC(C)CO,"InChI=1S/C6H14O/c1-3-4-6(2)5-7/h6-7H,3-5H2,1-2H3",combined_esper_subset,rf_combined,esper,4.85376,2.81987582958706,0.6038792673266676,3.25213,3.913227121922183,0.35237403636362413,217.31037,196.52841868788397,90.61567361718176
FC(F)(F)CC(F)(F)F,"InChI=1S/C3H2F6/c4-2(5,6)1-3(7,8)9/h1H2",combined_esper_subset,rf_combined,esper,3.63863,3.6806456603504447,1.7360665400226631,3.23096,3.2571305245952917,0.16191107235166438,169.44952,172.08464605351583,15.7959643306678
c1ccc(-c2cccc(-c3ccccc3)c2)cc1,InChI=1S/C18H14/c1-3-8-15(9-4-1)17-12-7-13-18(14-17)16-10-5-2-6-11-16/h1-14H,combined_esper_subset,rf_combined,esper,5.51325,5.3152341645743295,0.4728793713165343,3.82612,3.8735007745061356,0.121390443219677,333.12204,327.5641278999996,27.468117107013548
CCCCCCCCCCc1ccccc1,"InChI=1S/C16H26/c1-2-3-4-5-6-7-8-10-13-16-14-11-9-12-15-16/h9,11-12,14-15H,2-8,10,13H2,1H3",combined_esper_subset,rf_combined,esper,6.06829,5.701660278982216,0.5872003695958831,3.90803,3.9170892000000044,0.07451050856999977,272.88466,273.54096116149157,7.581941975666855
CC(C)(O)c1ccccc1,"InChI=1S/C9H12O/c1-9(2,10)8-6-4-3-5-7-8/h3-7,10H,1-2H3",combined_esper_subset,rf_combined,esper,2.26357,3.761065547599972,0.7878105353379257,4.5,3.7101563137520213,0.29542426845462033,373.07364,291.19237926666307,32.6884054426683
COC(=O)c1ccc(C=O)cc1,"InChI=1S/C9H8O3/c1-12-9(11)8-4-2-7(6-10)3-5-8/h2-6H,1H3",combined_esper_subset,rf_combined,esper,4.83835,3.7155339975081216,1.2667839334370492,3.42934,3.6211702324370743,0.3400573996281141,301.80829,321.1118327082185,54.28320849492647
COC,InChI=1S/C2H6O/c1-3-2/h1-2H3,combined_esper_subset,rf_combined,esper,2.2311,2.446369472082226,0.506782635435813,3.27738,3.249953781739582,0.20769828283331607,212.16575,213.09643452719882,26.890225747556144
C[Si](C)(C)O[Si](C)(C)O[Si](C)(C)O[Si](C)(C)O[Si](C)(C)O[Si](C)(C)O[Si](C)(C)O[Si](C)(C)C,"InChI=1S/C18H54O7Si8/c1-26(2,3)19-28(7,8)21-30(11,12)23-32(15,16)25-33(17,18)24-31(13,14)22-29(9,10)20-27(4,5)6/h1-18H3",combined_esper_subset,rf_combined,esper,12.24174,13.430383443288692,3.487492490330934,4.16199,4.106071267145894,0.26566562824801354,196.32126,200.28088423949455,26.252487563767765
COC(=O)Oc1ccccc1,"InChI=1S/C8H8O3/c1-10-8(9)11-7-5-3-2-4-6-7/h2-6H,1H3",combined_esper_subset,rf_combined,esper,3.91714,3.789259578181472,1.136385148447445,3.62479,3.520275274018547,0.35370768663356544,302.94046,311.3345872444866,56.405461553460114
CCc1cccs1,"InChI=1S/C6H8S/c1-2-6-4-3-5-7-6/h3-5H,2H2,1H3",combined_esper_subset,rf_combined,esper,3.23193,3.0614366726524516,0.449917598169787,3.62393,3.793212680568782,0.2884944659947997,282.4304,322.15341864046053,57.056933087822195
CCC(C)c1ccccc1O,"InChI=1S/C10H14O/c1-3-8(2)9-6-4-5-7-10(9)11/h4-8,11H,3H2,1-2H3",combined_esper_subset,rf_combined,esper,4.64573,3.5062361496305874,1.2901392918746992,3.59491,4.031703657526639,0.5204494516613878,281.24146,323.72196611522315,76.96918725955885
C=C(F)F,InChI=1S/C2H2F2/c1-2(3)4/h1H2,combined_esper_subset,rf_combined,esper,2.0273,2.338450830277826,0.32280191766874555,3.28538,3.193467990897379,0.2449035923249604,164.01206,210.27247594722039,61.73268203270693
CC#CC,InChI=1S/C4H6/c1-3-4-2/h1-2H3,combined_esper_subset,rf_combined,esper,2.44696,2.419857133109034,0.4208405228694483,3.42159,3.510248050108382,0.22728985213069597,246.06782,236.8719783800262,37.48018707321622
C=CCCC(C)=O,"InChI=1S/C6H10O/c1-3-4-5-6(2)7/h3H,1,4-5H2,2H3",combined_esper_subset,rf_combined,esper,3.79292,3.209878521258407,0.5596291855313209,3.44147,3.544411074311035,0.20803863445013943,253.38943,251.24313420605566,29.64461489356132
Clc1ccccc1,InChI=1S/C6H5Cl/c7-6-4-2-1-3-5-6/h1-5H,combined_esper_subset,rf_combined,esper,2.65893,2.812345481906135,0.27306526224020816,3.74859,3.677936614677006,0.14938561091641805,312.77973,313.3690913793111,21.14643396022926
CN(CCO)CCO,"InChI=1S/C5H13NO2/c1-6(2-4-7)3-5-8/h7-8H,2-5H2,1H3",combined_esper_subset,rf_combined,esper,2.23789,3.184264132748906,1.4313037405574445,4.31149,3.8997773027380616,0.6281164893837216,355.96367,287.1687764786741,67.89256203441956
CCCCCCCCCCCCCCC(C)C(C)C,"InChI=1S/C19H40/c1-5-6-7-8-9-10-11-12-13-14-15-16-17-19(4)18(2)3/h18-19H,5-17H2,1-4H3",combined_esper_subset,rf_combined,esper,6.57061,7.308691599999998,1.2804623047717725,4.18054,4.217762299999993,0.10781474296083086,271.46348,274.4523854999999,9.044065951236353
CCC(C)[N+](=O)[O-],"InChI=1S/C4H9NO2/c1-3-4(2)5(6)7/h4H,3H2,1-2H3",combined_esper_subset,rf_combined,esper,3.19131,3.2207760742070115,0.7823900164296876,3.57479,3.476029995861185,0.23582773858693437,288.14137,281.3592209920218,48.04564947921744
CCC=C(C)CC,"InChI=1S/C7H14/c1-4-6-7(3)5-2/h6H,4-5H2,1-3H3",combined_esper_subset,rf_combined,esper,3.40918,3.097288316331645,0.3800273614380469,3.74143,3.8172994307496957,0.12601146978102873,240.73157,245.93570257884446,7.96122958483854
CCCC(=O)c1ccccc1,"InChI=1S/C10H12O/c1-2-6-10(11)9-7-4-3-5-8-9/h3-5,7-8H,2,6H2,1H3",combined_esper_subset,rf_combined,esper,5.58327,4.525030890012063,0.7138664374974192,3.3315,3.6059454523738155,0.2595477194009307,259.03428,280.33447639764506,19.959201239665123
CCCCCCCCCCCC(=O)OCCCC,"InChI=1S/C16H32O2/c1-3-5-7-8-9-10-11-12-13-14-16(17)18-15-6-4-2/h3-15H2,1-2H3",combined_esper_subset,rf_combined,esper,9.02208,7.733616584858185,0.9287905250264018,3.56685,3.8115980420935758,0.21427100444759767,232.33329,255.97989963866397,16.617966048656037
CCOP(=O)(OCC)OCC,"InChI=1S/C6H15O4P/c1-4-8-11(7,9-5-2)10-6-3/h4-6H2,1-3H3",combined_esper_subset,rf_combined,esper,5.70786,5.287799620478655,5.35169552417479,3.43785,3.6831094662763713,0.43227278299671257,243.78147,243.46204694093464,27.644260278507943
CCCCOC(=O)C(=O)OCCCC,"InChI=1S/C10H18O4/c1-3-5-7-13-9(11)10(12)14-8-6-4-2/h3-8H2,1-2H3",combined_esper_subset,rf_combined,esper,6.02673,6.570240799581495,1.5993382102706823,3.60949,3.5600347435490476,0.2441447134065502,255.21388,258.3388721260094,26.48408165571918
CCCCCO,"InChI=1S/C5H12O/c1-2-3-4-5-6/h6H,2-5H2,1H3",combined_esper_subset,rf_combined,esper,3.59032,2.9006427764912632,0.6136067587017983,3.46552,3.741275361488152,0.40878319030161936,245.26634,285.7112332180003,44.77512613361603
ClCCCCCCC(Cl)(Cl)Cl,"InChI=1S/C7H12Cl4/c8-6-4-2-1-3-5-7(9,10)11/h1-6H2",combined_esper_subset,rf_combined,esper,7.81621,6.7046384413567965,2.0731109353072275,3.18089,3.48423988268981,0.5820674644646161,227.01493,235.1726192356125,46.95304914832121
CCN(O)CC,"InChI=1S/C4H11NO/c1-3-5(6)4-2/h6H,3-4H2,1-2H3",combined_esper_subset,rf_combined,esper,4.3918,3.0495434255309113,0.899649118677245,3.17247,3.5102060702807547,0.4039100891844633,231.04972,280.1838548607742,55.54120069579867
CC1CCC(=O)C1,"InChI=1S/C6H10O/c1-5-2-3-6(7)4-5/h5H,2-4H2,1H3",combined_esper_subset,rf_combined,esper,3.16271,2.911294588693413,0.5344947708641292,3.6008,3.6944186557043572,0.2663627166144734,282.17998,306.5842776357474,14.82550763565467
CCCCC(C)C(=O)O,"InChI=1S/C7H14O2/c1-3-4-5-6(2)7(8)9/h6H,3-5H2,1-2H3,(H,8,9)",combined_esper_subset,rf_combined,esper,5.73449,4.2333758360112235,1.084657151356301,2.85689,3.745716782110882,0.3660722999940769,96.27318,269.88345673673007,44.762319172715664
OCCNCCO,"InChI=1S/C4H11NO2/c6-3-1-5-2-4-7/h5-7H,1-4H2",combined_esper_subset,rf_combined,esper,7.8196,2.9972508787194676,1.514311778118019,2.51778,3.9807869234720177,0.5518455144025998,132.88053,307.90064719735244,87.20212425489325
CC(C)(C)C#N,"InChI=1S/C5H9N/c1-5(2,3)4-6/h1-3H3",combined_esper_subset,rf_combined,esper,2.98099,2.7064485329828734,0.39927196907396517,3.65941,3.7049735740929197,0.29448382977344734,245.50033,286.72816001879806,66.61667090383764
CC(C)OC(C)C,"InChI=1S/C6H14O/c1-5(2)7-6(3)4/h5-6H,1-4H3",combined_esper_subset,rf_combined,esper,3.54969,3.4876580287184686,0.9293225519539313,3.6858,3.765116426004474,0.33566080805077525,216.5288,232.9208306965486,12.964236681974029
Cn1c2c(c3ccccc31)CCCC2,"InChI=1S/C13H15N/c1-14-12-8-4-2-6-10(12)11-7-3-5-9-13(11)14/h2,4,6,8H,3,5,7,9H2,1H3",combined_esper_subset,rf_combined,esper,4.46014,4.462763416835038,0.8575282645866231,3.8373,3.854214200188739,0.39471034535522453,350.86129,336.2150963974169,55.3026755229408
FC(F)(Br)C(F)(F)Br,"InChI=1S/C2Br2F4/c3-1(5,6)2(4,7)8",combined_esper_subset,rf_combined,esper,2.72195,3.1355127206148863,0.7533887507872108,3.79323,3.7030813981849495,0.2621270473202498,238.22957,222.52763011669623,43.46908431792931
C=CC1CC=CCC1,"InChI=1S/C8H12/c1-2-8-6-4-3-5-7-8/h2-4,8H,1,5-7H2",combined_esper_subset,rf_combined,esper,2.94019,3.0172962286981577,0.43839795808578075,3.91368,3.950668028161025,0.25538322245003503,287.72379,288.25374608048435,28.62651476253502
II,InChI=1S/I2/c1-2,combined_esper_subset,rf_combined,esper,2.02474,1.754009599999999,0.294829044847756,3.50445,3.498193370542418,0.275493815102639,443.64679,340.0196461015259,36.69369096788269
COC(C(F)(F)F)C(F)(F)F,"InChI=1S/C4H4F6O/c1-11-2(3(5,6)7)4(8,9)10/h2H,1H3",combined_esper_subset,rf_combined,esper,4.38722,4.060370061910613,0.8096137132588143,3.30307,3.281981822015073,0.1956537730587902,185.45412,183.11777085743327,15.059518821190144
CCCCOCCOCCO,"InChI=1S/C8H18O3/c1-2-3-5-10-7-8-11-6-4-9/h9H,2-8H2,1H3",combined_esper_subset,rf_combined,esper,4.18108,4.529646497621552,1.2344624046988641,3.889,3.9688439256588466,0.4887909459298966,274.29093,264.8978725190361,46.06344595510308
C1=CCC=C1,"InChI=1S/C5H6/c1-2-4-5-3-1/h1-4H,5H2",combined_esper_subset,rf_combined,esper,2.02526,2.5320648969947626,0.29454118756868436,3.7433,3.616785311067354,0.19077793776788618,286.49392,277.8446332838653,29.30930425563608
CCCCCC(C)=O,"InChI=1S/C7H14O/c1-3-4-5-6-7(2)8/h3-6H2,1-2H3",combined_esper_subset,rf_combined,esper,3.98679,3.7812718287597793,0.5634520804727985,3.62233,3.6505906555749,0.2047819644444658,254.80798,249.24580463998132,10.514177808911876
FC(F)(F)C(F)(Cl)C(F)(F)Cl,"InChI=1S/C3Cl2F6/c4-1(6,2(5,7)8)3(9,10)11",combined_esper_subset,rf_combined,esper,2.92332,4.240676592176832,1.8777446885505955,3.85802,3.6332180499845537,0.2927224928310061,215.52046,221.48668760000015,34.064215361263734
FC(F)(F)C1(F)C(F)(F)C(F)(F)C(F)(F)C(F)(C(F)(F)F)C1(F)F,"InChI=1S/C8F16/c9-1(7(19,20)21)3(11,12)2(10,8(22,23)24)5(15,16)6(17,18)4(1,13)14",combined_esper_subset,rf_combined,esper,4.79141,5.026183167734785,0.6697799636880257,3.80826,3.815541342542039,0.16584289489882306,198.24067,190.6780375798461,14.190658283138804
CC=CCC,"InChI=1S/C5H10/c1-3-5-4-2/h3,5H,4H2,1-2H3",combined_esper_subset,rf_combined,esper,2.4197,2.755686438958851,0.21846934205634094,3.81623,3.6430054871296225,0.05717559920216928,247.87781,230.8121873337914,8.947948048187651
CCCC[N+](=O)[O-],"InChI=1S/C4H9NO2/c1-2-3-4-5(6)7/h2-4H2,1H3",combined_esper_subset,rf_combined,esper,3.617,3.335811006121064,0.6476978741583157,3.4261,3.4703498808435627,0.1857085719844491,264.38587,269.636078849595,22.60402646939307
CCCC(=O)OCCC(C)C,"InChI=1S/C9H18O2/c1-4-5-9(10)11-7-6-8(2)3/h8H,4-7H2,1-3H3",combined_esper_subset,rf_combined,esper,4.32649,4.5854653701625345,0.7537898792375792,3.86864,3.730447999299082,0.2741838258874752,257.58553,244.14494121432486,14.545356659006233
CCCC#N,"InChI=1S/C4H7N/c1-2-3-4-5/h2-3H2,1H3",combined_esper_subset,rf_combined,esper,2.88184,2.5551225436830016,0.516434659618448,3.46741,3.5454600494806154,0.19147094480460092,252.19399,274.6959364305318,56.4802790999235
COc1ccccc1,"InChI=1S/C7H8O/c1-8-7-5-3-2-4-6-7/h2-6H,1H3",combined_esper_subset,rf_combined,esper,3.43219,3.4254746775083724,0.763356087208159,3.51952,3.5241657006514213,0.2994809283956914,286.44042,296.1203979239276,41.566016659864516
CCC(C)CC(C)C,"InChI=1S/C8H18/c1-5-8(4)6-7(2)3/h7-8H,5-6H2,1-4H3",combined_esper_subset,rf_combined,esper,3.45038,3.419039167622717,0.3428440191424523,3.95994,3.9473767747533435,0.10269301981339914,244.70926,242.7590554990111,10.36785849971286
c1ccc(Oc2ccccc2)cc1,InChI=1S/C12H10O/c1-3-7-11(8-4-1)13-12-9-5-2-6-10-12/h1-10H,combined_esper_subset,rf_combined,esper,4.07429,4.10379606379371,1.6457684443482503,3.80837,3.757313286415137,0.3537264323493754,320.66953,317.2723524395976,43.29492089205573
CCCCCCCc1ccccc1,"InChI=1S/C13H20/c1-2-3-4-5-7-10-13-11-8-6-9-12-13/h6,8-9,11-12H,2-5,7,10H2,1H3",combined_esper_subset,rf_combined,esper,4.98783,5.2238749789822165,0.7126394747596125,3.8621,3.905239598625716,0.11961541272855158,274.88065,279.9029940161605,9.116610938376972
CCCC,"InChI=1S/C4H10/c1-3-4-2/h3-4H2,1-2H3",combined_esper_subset,rf_combined,esper,2.31121,2.4249339221488078,0.2538001165702402,3.71557,3.6773840410456895,0.10273589878445,224.06583,230.66760543969605,19.257233625287554
c1ccc(C[Hg]Cc2ccccc2)cc1,"InChI=1S/2C7H7.Hg/c2*1-7-5-3-2-4-6-7;/h2*2-6H,1H2;",combined_mlsaft_only,rf_combined,mlsaft_only,5.711544602813593,6.825022043796729,2.8023463984709136,4.5378362762833095,3.7466114152449626,0.37266343461371293,312.1249036697176,312.0941678190253,40.96169012988803
CC(C)=CCC/C(C)=C/CO,"InChI=1S/C10H18O/c1-9(2)5-4-6-10(3)7-8-11/h5,7,11H,4,6,8H2,1-3H3/b10-7+",combined_mlsaft_only,rf_combined,mlsaft_only,7.600208640901249,3.5949251422285577,1.1922346798143617,3.14035169645584,4.1834422485450995,0.39903782139710176,224.1667344897469,310.31949801060483,46.96486679745298
C=C/C=C\C=C,"InChI=1S/C6H8/c1-3-5-6-4-2/h3-6H,1-2H2/b6-5-",combined_mlsaft_only,rf_combined,mlsaft_only,2.6581189692369485,2.7897823029276583,0.3184135077197177,3.708964791824698,3.653556273979043,0.0985856870722595,273.12403441578147,248.04485983366231,19.866896223893956
CC(=O)C(F)(C(F)(F)F)C(F)(F)F,"InChI=1S/C5H3F7O/c1-2(13)3(6,4(7,8)9)5(10,11)12/h1H3",combined_mlsaft_only,rf_combined,mlsaft_only,4.0168594439315815,4.469450949333719,0.6982556017895503,3.537931615724819,3.4420539102819685,0.1847308099360648,194.37119893978564,187.21272723682125,15.595147293037865
Cc1cccc(C#N)c1,"InChI=1S/C8H7N/c1-7-3-2-4-8(5-7)6-9/h2-5H,1H3",combined_mlsaft_only,rf_combined,mlsaft_only,1.4764552341144903,3.2167352852287565,0.5895046755576441,4.940706897345999,3.7466732798249454,0.28176780230917053,523.4448824269582,318.95371697934405,37.923139398087784
CC(C)(Cl)Cl,"InChI=1S/C3H6Cl2/c1-3(2,4)5/h1-2H3",combined_mlsaft_only,rf_combined,mlsaft_only,2.6563162368545985,2.5196654851357434,0.3524720268265651,3.688452863100903,3.7293178269044858,0.1737401182305301,263.04266468862863,268.0860091537693,18.222716073881454
CCCC(C)Cl,"InChI=1S/C5H11Cl/c1-3-4-5(2)6/h5H,3-4H2,1-2H3",combined_mlsaft_only,rf_combined,mlsaft_only,1.4483950217285928,2.4793255819085145,0.6132357303150117,4.881876507783337,4.166266724920112,0.5411072062500362,400.5006571048146,306.3602744004909,59.01896492086384
CCC(C)Br,"InChI=1S/C4H9Br/c1-3-4(2)5/h4H,3H2,1-2H3",combined_mlsaft_only,rf_combined,mlsaft_only,1.2274288671114402,2.7578731032494015,0.27164980349703466,4.98607085937079,3.8063695399771262,0.2495204804960106,439.53660006458387,291.2279174912474,28.423336440695262
CC12CCC(C1)C(C)(C)C2=O,"InChI=1S/C10H16O/c1-9(2)7-4-5-10(3,6-7)8(9)11/h7H,4-6H2,1-3H3",combined_mlsaft_only,rf_combined,mlsaft_only,3.730093899013095,3.6557702656477282,0.8823406751703263,3.91097889441932,3.957171428232103,0.2840390148775449,290.2719114281936,301.1285338143263,28.529932756851604
CC(C)COC(C)OCC(C)C,"InChI=1S/C10H22O2/c1-8(2)6-11-10(5)12-7-9(3)4/h8-10H,6-7H2,1-5H3",combined_mlsaft_only,rf_combined,mlsaft_only,3.097413273737514,4.966490769601651,0.8984151607436264,4.550731423347151,3.8743307429446325,0.29679475866078986,295.98159936785817,237.29062677322415,13.369157499042382
CCC/C=C/C=O,"InChI=1S/C6H10O/c1-2-3-4-5-6-7/h4-6H,2-3H2,1H3/b5-4+",combined_mlsaft_only,rf_combined,mlsaft_only,2.7968583180437774,3.205683832560099,0.6643367504352273,3.850995199276661,3.6343016922845726,0.34537902235787415,311.2455221912347,284.32789029162285,106.57365104339999
OCC1CC1,"InChI=1S/C4H8O/c5-3-4-1-2-4/h4-5H,1-3H2",combined_mlsaft_only,rf_combined,mlsaft_only,1.0000000001378162,2.6255702606483022,0.734401055166371,4.89250794209315,3.485447881227898,0.4429430828760091,561.6800405265167,303.2050435389696,61.57859245894188
CCCCCCCCOCCCCCCCC,"InChI=1S/C16H34O/c1-3-5-7-9-11-13-15-17-16-14-12-10-8-6-4-2/h3-16H2,1-2H3",combined_mlsaft_only,rf_combined,mlsaft_only,9.999999998054497,6.833023826136742,1.2281365553686852,3.4703632514555416,4.032064999362465,0.3405743386616393,214.13941170722285,254.2075062438913,24.40714114311482
COC(N)=O,"InChI=1S/C2H5NO2/c1-5-2(3)4/h1H3,(H2,3,4)",combined_mlsaft_only,rf_combined,mlsaft_only,2.6698391027975825,2.3317017002223968,1.387969902583304,3.263667769746431,3.737358687270848,0.8791037436926857,372.9239714664705,443.86747560054175,198.5026999676839
CCCCC(=O)OCCC,"InChI=1S/C8H16O2/c1-3-5-6-8(9)10-7-4-2/h3-7H2,1-2H3",combined_mlsaft_only,rf_combined,mlsaft_only,1.896073915256344,4.638786987391772,0.7195148695207342,4.999999998724261,3.6268498999906957,0.1953012096671003,393.7418942336227,244.44918529999998,14.215963529246508
FC1CCCC1,"InChI=1S/C5H9F/c6-5-3-1-2-4-5/h5H,1-4H2",combined_mlsaft_only,rf_combined,mlsaft_only,2.4012,2.40586829336443,0.44829389659796764,3.3678,3.6850363919525777,0.3618806430003464,238.92,262.98834653318596,45.093963118372514
Cc1ccccc1Cc1ccccc1C,"InChI=1S/C15H16/c1-12-7-3-5-9-14(12)11-15-10-6-4-8-13(15)2/h3-10H,11H2,1-2H3",combined_mlsaft_only,rf_combined,mlsaft_only,3.9149802501757094,5.218027524606202,0.592127431615178,4.198204214391396,3.8606929883434855,0.2558656730680279,342.7584183876447,297.8875551697579,28.95982759558935
CCSC#N,"InChI=1S/C3H5NS/c1-2-5-3-4/h2H2,1H3",combined_mlsaft_only,rf_combined,mlsaft_only,2.6295720548263417,2.622361889769601,0.5815357735172977,3.579631618355732,3.5206220269300843,0.31020942892108805,324.79692414967747,296.8378973523225,67.6564989218363
CCCCCCCC/C=C\CCCCCCCC(=O)OC,"InChI=1S/C19H36O2/c1-3-4-5-6-7-8-9-10-11-12-13-14-15-16-17-18-19(20)21-2/h10-11H,3-9,12-18H2,1-2H3/b11-10-",combined_mlsaft_only,rf_combined,mlsaft_only,8.144423900554072,8.715509091120467,1.7735577077420086,3.888224920407723,3.8045056354548596,0.11867156357031472,259.42368798257496,254.08807290004438,16.4117101969202
CC(C)CCBr,"InChI=1S/C5H11Br/c1-5(2)3-4-6/h5H,3-4H2,1-2H3",combined_mlsaft_only,rf_combined,mlsaft_only,1.407562454233682,2.4195557390644735,0.37593174721936323,4.99999999841278,4.1210867869843755,0.3439143461826887,433.9909271279687,306.25346827902314,40.721289382090994
SS,InChI=1S/H2S2/c1-2/h1-2H,combined_mlsaft_only,rf_combined,mlsaft_only,2.755198522936561,1.7069350913466153,0.3363403932466217,2.897301506667024,3.3519757002104926,0.40494894358718525,257.7278604613456,318.1646915652856,88.68580624579927
CCCCCCCF,"InChI=1S/C7H15F/c1-2-3-4-5-6-7-8/h2-7H2,1H3",combined_mlsaft_only,rf_combined,mlsaft_only,2.274735368515095,3.487579556626896,0.6459726025156382,4.446165893793053,3.9127627557520257,0.42237208668997084,319.6807770863178,276.7995415650572,30.354992999317574
C/C=C\C,"InChI=1S/C4H8/c1-3-4-2/h3-4H,1-2H3/b4-3-",combined_mlsaft_only,rf_combined,mlsaft_only,2.384309536190128,2.3347240427768465,0.11382462153872532,3.5595589147423343,3.6199573268509533,0.04049177978067191,226.21516804498944,227.60218013831872,5.533298622573488
CCCCCOC(=O)CCCC,"InChI=1S/C10H20O2/c1-3-5-7-9-12-10(11)8-6-4-2/h3-9H2,1-2H3",combined_mlsaft_only,rf_combined,mlsaft_only,3.726893516785762,5.815337177107637,0.9620835262012966,4.214068874331672,3.6445101000000033,0.17646745945071574,292.0880026989663,247.84771949999993,12.591071713917708
BrC1CCCC1,"InChI=1S/C5H9Br/c6-5-3-1-2-4-5/h5H,1-4H2",combined_mlsaft_only,rf_combined,mlsaft_only,2.984638011132281,2.567420195451114,0.4620722799517636,3.656050884625981,3.8740943485730344,0.3088247303522214,297.6106816037891,318.26200531103694,30.10435835961803
CC(C)OC=O,"InChI=1S/C4H8O2/c1-4(2)6-3-5/h3-4H,1-2H3",combined_mlsaft_only,rf_combined,mlsaft_only,2.75098021644262,3.4573580350498583,0.40340440767674274,3.614453416118076,3.384702122078395,0.2020213640292029,256.9701185144143,236.98265418163606,21.02010786310514
FCF,InChI=1S/CH2F2/c2-1-3/h1H2,fluorinated_external,rf_combined,fluorinated,1.5066,2.3745628331244184,0.24350349995039589,2.9308,2.850587276397087,0.1658572801572257,206.04,179.5785603412314,44.512662363462574
FCC(F)(F)F,"InChI=1S/C2H2F4/c3-1-2(4,5)6/h1H2",fluorinated_external,rf_combined,fluorinated,2.0538,3.0143419453830957,0.3638648066426215,3.1747,3.1283267900000005,0.13876929016606954,174.89,170.88663784825,12.054844158321544
FC(F)C(F)(F)F,"InChI=1S/C2HF5/c3-1(4)2(5,6)7/h1H",fluorinated_external,rf_combined,fluorinated,2.2377,3.020550300509736,0.23889511883531547,3.2046,3.1759881333333313,0.09921155071565221,157.45,157.73967895000013,9.465409643672118
CC(F)(F)F,"InChI=1S/C2H3F3/c1-2(3,4)5/h1H3",fluorinated_external,rf_combined,fluorinated,1.9138,2.4696608999999965,0.22038694037576276,3.1305,3.231529600000003,0.17150902187301964,175.93,164.6971056499999,17.31273100243481
CC(F)F,"InChI=1S/C2H4F2/c1-2(3)4/h2H,1H3",fluorinated_external,rf_combined,fluorinated,1.9344,2.420615970013822,0.2829461984808904,3.1745,3.1490124717409302,0.310429215109123,198.79,212.40218140031334,59.57864001087551
FC(F)C(F)(F)C(F)(F)F,"InChI=1S/C3HF7/c4-1(5)2(6,7)3(8,9)10/h1H",fluorinated_external,rf_combined,fluorinated,2.6843,3.0121592036360285,0.47299605483267093,3.3286,3.327326864695925,0.059429806304639454,160.28,162.17941952973882,11.945145489651788
FC(F)F,InChI=1S/CHF3/c2-1(3)4/h1H,fluorinated_external,rf_combined,fluorinated,1.3978,2.5901058000000017,0.41708609894644083,2.8673,2.898685400000003,0.20397478328175753,177.23,143.07947939999977,20.6700331048354
C=C(F)C(F)(F)F,"InChI=1S/C3H2F4/c1-2(4)3(5,6)7/h1H2",fluorinated_external,rf_combined,fluorinated,2.1578,2.87155544896609,0.21077093568396854,3.2335,3.3353685388088423,0.08250542790638393,166.82,175.1733296166666,8.126840928090754
F/C=C/C(F)(F)F,"InChI=1S/C3H2F4/c4-2-1-3(5,6)7/h1-2H/b2-1+",fluorinated_external,rf_combined,fluorinated,2.2831,2.777215916666666,0.29747895228097654,3.2742,3.240667689236821,0.054622895701239155,171.35,173.8880885233333,5.181372137579296
F/C(=C\C(F)(F)F)C(F)(F)F,"InChI=1S/C4HF7/c5-2(4(9,10)11)1-3(6,7)8/h1H/b2-1-",fluorinated_external,rf_combined,fluorinated,2.7894,3.2143639903997,0.663671194005608,3.4521,3.380382448088773,0.12637795837460392,178.44,176.92291905268536,8.150059270704483
CF,InChI=1S/CH3F/c1-2/h1H3,fluorinated_external,rf_combined,fluorinated,1.4823,2.114930672082225,0.4370909808986697,2.8314,2.9147632000007775,0.26875622302583946,212.75,203.61105746224334,56.024843222471496
CCF,"InChI=1S/C2H5F/c1-2-3/h2H2,1H3",fluorinated_external,rf_combined,fluorinated,1.7189,2.256032000000001,0.31821918297299473,3.1965,3.242903399999997,0.15904221554807382,207.88,200.61010356224352,21.848283253019787
FC(F)CC(F)(F)F,"InChI=1S/C3H3F5/c4-2(5)1-3(6,7)8/h2H,1H2",fluorinated_external,rf_combined,fluorinated,2.5234,3.496888288742137,0.576684544753395,3.2876,3.1665574830635266,0.1132867604371908,173.21,180.07878480474974,8.968255615664884
CC(F)C(F)C(F)(F)F,"InChI=1S/C4H5F5/c1-2(5)3(6)4(7,8)9/h2-3H,1H3",fluorinated_external,rf_combined,fluorinated,2.7823,3.026474800000001,0.5315872332185567,3.4123,3.391016165604459,0.10939448308034322,181.56,184.7730294053707,10.037107962193966
FC(F)Cl,InChI=1S/CHClF2/c2-1(3)4/h1H,fluorinated_external,rf_combined,fluorinated,1.5738,2.342957100000002,0.33141900736468,3.1446,3.1613125999999983,0.18277201193629175,197.56,197.35633170000008,30.63458637231457
