smiles,m,sigma,epsilon_k,boiling_point_K,sa_score,hfo_distance,n_fluorine,backbone,H_Pa,H_ratio
C=C(F)C(C)(C)F,2.9621421,3.5657989000000017,205.4368938,289.8323264279478,3.009688201908694,0.16676251127799438,2,acyclic_C5,10183861.5423673,2.0964301665694045e-10
C=C(C)C(C)(F)F,3.035314700000001,3.513662900000002,204.5941234,291.81505979302653,2.7707405096010014,0.17196901486714167,2,acyclic_C5,5831467.577832789,1.200454709117956e-10
C/C=C/C(C)(F)F,3.1039734000000014,3.4985257000000014,201.6567256000001,291.5195887544872,3.480924943990142,0.17270619613288435,2,acyclic_C5,6041568.469517898,1.243705674924921e-10
C/C=C\C(C)(F)F,3.1039734000000014,3.4985257000000014,201.6567256000001,291.5195887544872,3.480924943990142,0.17270619613288435,2,acyclic_C5,6041568.469517898,1.243705674924921e-10
C=C(F)CCF,3.030785100000001,3.441923399999999,205.97431080000007,291.6731523092546,3.9316597790553924,0.17693931102415913,2,acyclic_C4,4858610.358804893,1.0001841915691874e-10
C=C[C@H](F)[C@H](C)F,3.211433500000002,3.5034609,196.65044510000007,290.8467418033833,4.475938988986599,0.1831056872406017,2,acyclic_C5,7463324.731071639,1.5363856867092663e-10
C=C[C@@H](F)[C@H](C)F,3.211433500000002,3.5034609,196.65044510000007,290.8467418033833,4.475938988986599,0.1831056872406017,2,acyclic_C5,7463324.731071639,1.5363856867092663e-10
C=C[C@H](F)[C@@H](C)F,3.211433500000002,3.5034609,196.65044510000007,290.8467418033833,4.475938988986599,0.1831056872406017,2,acyclic_C5,7463324.731071639,1.5363856867092663e-10
C=C[C@@H](F)[C@@H](C)F,3.211433500000002,3.5034609,196.65044510000007,290.8467418033833,4.475938988986599,0.1831056872406017,2,acyclic_C5,7463324.731071639,1.5363856867092663e-10
CC(C)=CC(F)F,3.1901984999999984,3.5276021000000024,198.7435094000002,293.06594227077574,3.3037756227231734,0.18458267438423007,2,acyclic_C5,5078130.089511294,1.0453741014766932e-10
CC(C)(F)/C=C/F,3.097392900000001,3.606442800000001,203.88916950000007,296.5626008268911,4.060427206433581,0.18582545275448167,2,acyclic_C5,3176138.6273603216,6.538337941755537e-11
CC(C)(F)/C=C\F,3.097392900000001,3.606442800000001,203.88916950000007,296.5626008268911,4.060427206433581,0.18582545275448167,2,acyclic_C5,3176138.6273603216,6.538337941755537e-11
C=CCC(C)(F)F,3.1339771000000014,3.495118900000002,203.24395770000004,295.225282216564,3.260730373854395,0.186379772808083,2,acyclic_C5,2966466.402667374,6.106710729318168e-11
C=C(F)[C@H](F)CC,3.2197240000000007,3.489966,197.45179830000004,292.0547654708849,4.222322132556559,0.18780745431265414,2,acyclic_C5,5500948.02948043,1.132414590060553e-10
C=C(F)[C@@H](F)CC,3.2197240000000007,3.489966,197.45179830000004,292.0547654708849,4.222322132556559,0.18780745431265414,2,acyclic_C5,5500948.02948043,1.132414590060553e-10
F/C=C\CCF,3.0999903000000004,3.4449108999999987,205.68011260000003,295.33571038019943,3.8398776636707765,0.18896180875403482,2,acyclic_C4,2538066.8050854746,5.224815550381832e-11
F/C=C/CCF,3.0999903000000004,3.4449108999999987,205.68011260000003,295.33571038019943,3.8398776636707765,0.18896180875403482,2,acyclic_C4,2538066.8050854746,5.224815550381832e-11
CC(C)/C(F)=C\F,3.0337393999999995,3.589437400000002,207.501538,297.24057619304574,3.832470645347608,0.18915757407106262,2,acyclic_C5,2588218.574937846,5.328057020022745e-11
CC(C)/C(F)=C/F,3.0337393999999995,3.589437400000002,207.501538,297.24057619304574,3.832470645347608,0.18915757407106262,2,acyclic_C5,2588218.574937846,5.328057020022745e-11
C/C(F)=C\[C@@H](C)F,3.160452,3.5207532000000015,202.18287340000015,295.848918511121,4.4169176076696814,0.18919523924421452,2,acyclic_C5,2858986.841926056,5.885455371033563e-11
C/C(F)=C\[C@H](C)F,3.160452,3.5207532000000015,202.18287340000015,295.848918511121,4.4169176076696814,0.18919523924421452,2,acyclic_C5,2858986.841926056,5.885455371033563e-11
C/C(F)=C/[C@@H](C)F,3.160452,3.5207532000000015,202.18287340000015,295.848918511121,4.4169176076696814,0.18919523924421452,2,acyclic_C5,2858986.841926056,5.885455371033563e-11
C/C(F)=C/[C@H](C)F,3.160452,3.5207532000000015,202.18287340000015,295.848918511121,4.4169176076696814,0.18919523924421452,2,acyclic_C5,2858986.841926056,5.885455371033563e-11
FC=C(CF)CF,3.2669383000000005,3.3705312000000003,194.78715850000003,288.173207151176,4.446654355754848,0.19560053774157943,3,acyclic_C4,7891909.095113993,1.6246132402713795e-10
C=C(CF)[C@@H](C)F,3.2297148000000004,3.537995200000002,199.10798720000003,295.9143817834949,4.338719417624433,0.19736337160777853,2,acyclic_C5,3070855.0985053815,6.321603292510622e-11
C=C(CF)[C@H](C)F,3.2297148000000004,3.537995200000002,199.10798720000003,295.9143817834949,4.338719417624433,0.19736337160777853,2,acyclic_C5,3070855.0985053815,6.321603292510622e-11
C/C=C(/F)[C@@H](C)F,3.1857735,3.4676214000000023,203.32693220000007,297.5409689561896,4.265465118981898,0.19915906848332549,2,acyclic_C5,1859144.1277527246,3.8271983738254575e-11
C/C=C(/F)[C@H](C)F,3.1857735,3.4676214000000023,203.32693220000007,297.5409689561896,4.265465118981898,0.19915906848332549,2,acyclic_C5,1859144.1277527246,3.8271983738254575e-11
C/C=C(\F)[C@@H](C)F,3.1857735,3.4676214000000023,203.32693220000007,297.5409689561896,4.265465118981898,0.19915906848332549,2,acyclic_C5,1859144.1277527246,3.8271983738254575e-11
C/C=C(\F)[C@H](C)F,3.1857735,3.4676214000000023,203.32693220000007,297.5409689561896,4.265465118981898,0.19915906848332549,2,acyclic_C5,1859144.1277527246,3.8271983738254575e-11
F/C=C(\F)CCF,3.2748363000000005,3.3967994999999997,196.32647420000004,291.28791540174615,4.220608201908694,0.20147047458417344,3,acyclic_C4,4633249.061372957,9.537917479614256e-11
F/C=C(/F)CCF,3.2748363000000005,3.3967994999999997,196.32647420000004,291.28791540174615,4.220608201908694,0.20147047458417344,3,acyclic_C4,4633249.061372957,9.537917479614256e-11
C=C(F)[C@@](C)(F)CF,3.2566116,3.4613686000000015,198.8531185,295.26752548351567,4.346754721072335,0.2028515078001114,3,acyclic_C5,2733105.3220418636,5.6263180932917826e-11
C=C(F)[C@](C)(F)CF,3.2566116,3.4613686000000015,198.8531185,295.26752548351567,4.346754721072335,0.2028515078001114,3,acyclic_C5,2733105.3220418636,5.6263180932917826e-11
C=C(CC)C(F)F,3.2638301000000003,3.4702090000000023,198.97297600000005,295.98233843188746,3.5113294688770207,0.20541853074269698,2,acyclic_C5,2462196.6101282286,5.068630625056445e-11
C=C(F)C(F)(F)CC,3.2563104999999997,3.4250234000000006,199.7339134,295.539822489285,3.5104273586550008,0.20571974967774356,3,acyclic_C5,2318278.167309178,4.7723628843803316e-11
C/C(=C/F)[C@@H](C)F,3.118637399999999,3.5682182000000022,208.32264980000008,302.7654534846938,4.31862620495475,0.20762418434327062,2,acyclic_C5,1044116.0025469986,2.1493971378449812e-11
C/C(=C/F)[C@H](C)F,3.118637399999999,3.5682182000000022,208.32264980000008,302.7654534846938,4.31862620495475,0.20762418434327062,2,acyclic_C5,1044116.0025469986,2.1493971378449812e-11
C/C(=C\F)[C@H](C)F,3.118637399999999,3.5682182000000022,208.32264980000008,302.7654534846938,4.31862620495475,0.20762418434327062,2,acyclic_C5,1044116.0025469986,2.1493971378449812e-11
C/C(=C\F)[C@@H](C)F,3.118637399999999,3.5682182000000022,208.32264980000008,302.7654534846938,4.31862620495475,0.20762418434327062,2,acyclic_C5,1044116.0025469986,2.1493971378449812e-11
CC(C)=C(F)CF,3.2166319999999997,3.5092762000000026,203.32136570000006,300.22097704402427,3.6840806000987394,0.20778875138349945,2,acyclic_C5,1356909.52885786,2.7933078800891042e-11
CCC(C)=C(F)F,3.233185899999998,3.499981600000001,202.32608680000013,299.5687639769332,3.2649412335829027,0.20838182606054956,2,acyclic_C5,1470695.4827462293,3.027545458114936e-11
C=C(C)CC(F)F,3.270706300000002,3.5243907000000023,199.4000232000002,298.2088177869979,3.2990027720444406,0.2097830112321494,2,acyclic_C5,1987836.341115359,4.0921216911482676e-11
C=CC(F)(F)CC,3.2238364,3.436397900000001,204.1975187,300.06196023576564,3.5789312788317718,0.21240005657749503,2,acyclic_C5,1173796.9566324856,2.4163558578190155e-11
C=C[C@@](C)(F)CF,3.2092174000000018,3.5365813000000013,205.4535529,303.2852947123092,4.463733897262442,0.2148688913635394,2,acyclic_C5,915509.1035548591,1.884649447045768e-11
C=C[C@](C)(F)CF,3.2092174000000018,3.5365813000000013,205.4535529,303.2852947123092,4.463733897262442,0.2148688913635394,2,acyclic_C5,915509.1035548591,1.884649447045768e-11
C=C(F)[C@H](C)C(F)F,3.3498109,3.4878421999999993,192.26704320000002,291.7259503669273,4.306440551031848,0.21558158110612569,3,acyclic_C5,6249318.421723842,1.286472680848555e-10
C=C(F)[C@@H](C)C(F)F,3.3498109,3.4878421999999993,192.26704320000002,291.7259503669273,4.306440551031848,0.21558158110612569,3,acyclic_C5,6249318.421723842,1.286472680848555e-10
C/C(F)=C(\C)CF,3.244291899999999,3.521301900000002,203.4630143000001,302.22545126313014,3.9017258489675175,0.21601290936756465,2,acyclic_C5,1041526.4109042742,2.1440662542539996e-11
C/C(F)=C(/C)CF,3.244291899999999,3.521301900000002,203.4630143000001,302.22545126313014,3.9017258489675175,0.21601290936756465,2,acyclic_C5,1041526.4109042742,2.1440662542539996e-11
C/C=C\[C@@H](F)CF,3.2813695999999997,3.3983115000000015,200.8426371,297.758292275358,4.476380503597282,0.2170521671902065,2,acyclic_C5,,
C/C=C\[C@H](F)CF,3.2813695999999997,3.3983115000000015,200.8426371,297.758292275358,4.476380503597282,0.2170521671902065,2,acyclic_C5,,
C/C=C/[C@@H](F)CF,3.2813695999999997,3.3983115000000015,200.8426371,297.758292275358,4.476380503597282,0.2170521671902065,2,acyclic_C5,,
C/C=C/[C@H](F)CF,3.2813695999999997,3.3983115000000015,200.8426371,297.758292275358,4.476380503597282,0.2170521671902065,2,acyclic_C5,,
CC(C)C=C(F)F,3.1753228999999994,3.541257500000002,207.98794520000013,304.8891616548492,3.3869828625421787,0.21732202242552234,2,acyclic_C5,,
C/C(F)=C(\F)[C@@H](C)F,3.3732145999999994,3.4741161000000007,189.54859240000002,288.8167500888524,4.327756340505532,0.218452953435692,3,acyclic_C5,,
C/C(F)=C(/F)[C@@H](C)F,3.3732145999999994,3.4741161000000007,189.54859240000002,288.8167500888524,4.327756340505532,0.218452953435692,3,acyclic_C5,,
C/C(F)=C(\F)[C@H](C)F,3.3732145999999994,3.4741161000000007,189.54859240000002,288.8167500888524,4.327756340505532,0.218452953435692,3,acyclic_C5,,
C/C(F)=C(/F)[C@H](C)F,3.3732145999999994,3.4741161000000007,189.54859240000002,288.8167500888524,4.327756340505532,0.218452953435692,3,acyclic_C5,,
C=C[C@H](C)C(F)F,3.2148089000000026,3.4965992000000012,206.4557641,303.9950157470971,3.929321227579184,0.21926102135407752,2,acyclic_C5,,
C=C[C@@H](C)C(F)F,3.2148089000000026,3.4965992000000012,206.4557641,303.9950157470971,3.929321227579184,0.21926102135407752,2,acyclic_C5,,
CC(C)C(F)=C(F)F,3.3770977999999987,3.4447866,190.06341690000002,289.05102500208375,3.617880799950547,0.2205396331871439,3,acyclic_C5,,
C/C=C(/C)C(F)F,3.25657,3.4849364000000027,204.33304850000016,303.1657972997812,3.3650489258905942,0.22180278982047097,2,acyclic_C5,,
C/C=C(\C)C(F)F,3.25657,3.4849364000000027,204.33304850000016,303.1657972997812,3.3650489258905942,0.22180278982047097,2,acyclic_C5,,
C=CC[C@H](F)CF,3.282679499999999,3.450760500000001,202.99393559999996,302.00225372192034,4.114557426674207,0.22407021816506573,2,acyclic_C5,,
C=CC[C@@H](F)CF,3.282679499999999,3.450760500000001,202.99393559999996,302.00225372192034,4.114557426674207,0.22407021816506573,2,acyclic_C5,,
CC(F)(F)/C(F)=C/F,3.3603577000000007,3.3429142999999986,194.53344500000006,291.9941744254014,3.8341067108817217,0.22590236702270053,4,acyclic_C4,,
CC(F)(F)/C(F)=C\F,3.3603577000000007,3.3429142999999986,194.53344500000006,291.9941744254014,3.8341067108817217,0.22590236702270053,4,acyclic_C4,,
FC/C=C(\F)CF,3.3169253,3.204398400000001,196.41930140000005,289.0194037595846,4.459854355754848,0.22597876384704615,3,acyclic_C4,,
FC/C=C(/F)CF,3.3169253,3.204398400000001,196.41930140000005,289.0194037595846,4.459854355754848,0.22597876384704615,3,acyclic_C4,,
C=C[C@](C)(F)C(F)F,3.399835799999999,3.4543089000000013,190.3319301,290.7910550306853,4.148696421477194,0.22876474534197336,3,acyclic_C5,,
C=C[C@@](C)(F)C(F)F,3.399835799999999,3.4543089000000013,190.3319301,290.7910550306853,4.148696421477194,0.22876474534197336,3,acyclic_C5,,
C=C(C(F)F)[C@H](C)F,3.3944889999999996,3.4420326000000006,191.45670470000007,291.80045063199844,4.231379822286909,0.22887990647093273,3,acyclic_C5,,
C=C(C(F)F)[C@@H](C)F,3.3944889999999996,3.4420326000000006,191.45670470000007,291.80045063199844,4.231379822286909,0.22887990647093273,3,acyclic_C5,,
C/C(F)=C\CCF,3.299698000000002,3.488409300000002,203.04427670000013,303.8521420255124,3.9087466634471557,0.22932671595583146,2,acyclic_C5,,
C/C(F)=C/CCF,3.299698000000002,3.488409300000002,203.04427670000013,303.8521420255124,3.9087466634471557,0.22932671595583146,2,acyclic_C5,,
C=C(F)[C@@H](C)CF,3.2597290000000014,3.5277501000000013,206.06513690000003,306.72188316808786,4.422056974185519,0.22995251517441123,2,acyclic_C5,,
C=C(F)[C@H](C)CF,3.2597290000000014,3.5277501000000013,206.06513690000003,306.72188316808786,4.422056974185519,0.22995251517441123,2,acyclic_C5,,
CC/C(F)=C(/C)F,3.2613901999999997,3.5078642000000024,206.19775100000007,306.51693469052253,3.7603321838091457,0.23041423330501468,2,acyclic_C5,,
CC/C(F)=C(\C)F,3.2613901999999997,3.5078642000000024,206.19775100000007,306.51693469052253,3.7603321838091457,0.23041423330501468,2,acyclic_C5,,
FC/C(F)=C(\F)CF,3.3933903000000005,3.3182301000000005,191.11124640000006,288.3682326712556,4.258240638007227,0.23115342251801813,4,acyclic_C4,,
FC/C(F)=C(/F)CF,3.3933903000000005,3.3182301000000005,191.11124640000006,288.3682326712556,4.258240638007227,0.23115342251801813,4,acyclic_C4,,
C=CC(F)(F)[C@H](C)F,3.4122019,3.4168284000000004,189.09611800000005,288.80618453175293,4.048931239290957,0.23134857866385444,3,acyclic_C5,,
C=CC(F)(F)[C@@H](C)F,3.4122019,3.4168284000000004,189.09611800000005,288.80618453175293,4.048931239290957,0.23134857866385444,3,acyclic_C5,,
CC(C)(F)/C(F)=C\F,3.3457377999999975,3.531982100000002,199.28223590000002,302.22681711883354,3.7911763465092507,0.23228741180387935,3,acyclic_C5,,
CC(C)(F)/C(F)=C/F,3.3457377999999975,3.531982100000002,199.28223590000002,302.22681711883354,3.7911763465092507,0.23228741180387935,3,acyclic_C5,,
CC=C(CF)CF,3.300187999999999,3.4259719000000013,204.4624919000001,304.3093265788453,4.15773127883177,0.2342149839519116,2,acyclic_C5,,
CCCC=C(F)F,3.3007869,3.3170356000000005,204.01713780000003,301.1236383548618,2.997154355754848,0.23598118860462658,2,acyclic_C5,,
C=CCCC(F)(F)F,3.421972099999999,3.3825173,189.7313384,289.37517169143086,2.6892360226226124,0.23630121868300266,3,acyclic_C5,,
C/C=C(/F)C(C)(F)F,3.3503595999999987,3.457544300000001,201.0022326,303.0257304122885,3.5963172371975105,0.23755586671871473,3,acyclic_C5,,
C/C=C(\F)C(C)(F)F,3.3503595999999987,3.457544300000001,201.0022326,303.0257304122885,3.5963172371975105,0.23755586671871473,3,acyclic_C5,,
C=C(F)CCCF,3.2488873000000007,3.5299469000000006,208.9453346,310.05925638301215,3.697500509601002,0.2384724408141981,2,acyclic_C5,,
C=C[C@@H](F)CCF,3.3211059,3.4845533,204.25075699999994,306.5752232899327,4.481311272828052,0.2394696831462175,2,acyclic_C5,,
C=C[C@H](F)CCF,3.3211059,3.4845533,204.25075699999994,306.5752232899327,4.481311272828052,0.2394696831462175,2,acyclic_C5,,
C/C=C/CC(F)F,3.3461821999999994,3.3973688999999996,202.30855680000005,303.1462378742334,3.421377432677925,0.240803788141915,2,acyclic_C5,,
C/C=C\CC(F)F,3.3461821999999994,3.3973688999999996,202.30855680000005,303.1462378742334,3.421377432677925,0.240803788141915,2,acyclic_C5,,
C/C(=C\F)CC(F)F,3.4321090000000005,3.471346900000001,190.89239620000004,293.56810063171014,3.8835775610841505,0.24081179730732594,3,acyclic_C5,,
C/C(=C/F)CC(F)F,3.4321090000000005,3.471346900000001,190.89239620000004,293.56810063171014,3.8835775610841505,0.24081179730732594,3,acyclic_C5,,
C/C(=C\F)CCF,3.3371850000000007,3.578146200000002,202.98385810000008,307.94138604837116,3.908885124985617,0.24252381291056105,2,acyclic_C5,,
C/C(=C/F)CCF,3.3371850000000007,3.578146200000002,202.98385810000008,307.94138604837116,3.908885124985617,0.24252381291056105,2,acyclic_C5,,
C/C(=C/CF)CF,3.3514325,3.3748141000000014,203.07213740000003,303.92541598040265,4.013746663447155,0.24526390980049248,2,acyclic_C5,,
C/C(=C\CF)CF,3.3514325,3.3748141000000014,203.07213740000003,303.92541598040265,4.013746663447155,0.24526390980049248,2,acyclic_C5,,
CC/C(F)=C/CF,3.3442839999999996,3.3783138000000013,204.05235320000003,304.9727651374507,4.033823586524078,0.24623288171475355,2,acyclic_C5,,
CC/C(F)=C\CF,3.3442839999999996,3.3783138000000013,204.05235320000003,304.9727651374507,4.033823586524078,0.24623288171475355,2,acyclic_C5,,
CC(C)(F)C=C(F)F,3.4310536,3.583054400000001,192.9471522000001,298.98038733957645,3.8630014477238257,0.24690852707832373,3,acyclic_C5,,
C/C(F)=C/C(C)(F)F,3.4014223000000006,3.455882400000001,199.13109450000007,303.08202690690064,3.7644824193837447,0.24816854643392447,3,acyclic_C5,,
C/C(F)=C\C(C)(F)F,3.4014223000000006,3.455882400000001,199.13109450000007,303.08202690690064,3.7644824193837447,0.24816854643392447,3,acyclic_C5,,
CC(F)=C(CF)CF,3.3781828999999983,3.4311377000000003,201.75934990000005,304.9138887539241,4.3059683303149185,0.24833351921470806,3,acyclic_C5,,
C=CC(CF)CF,3.3645693000000008,3.4356239000000004,203.26072700000003,306.37005274333035,4.191254355754847,0.24877471990619507,2,acyclic_C5,,
CC[C@@H](F)/C(F)=C\F,3.4597501999999993,3.514562599999999,189.8076742,294.41812586753747,4.492496785849662,0.24927857852244734,3,acyclic_C5,,
CC[C@H](F)/C(F)=C\F,3.4597501999999993,3.514562599999999,189.8076742,294.41812586753747,4.492496785849662,0.24927857852244734,3,acyclic_C5,,
CC[C@@H](F)/C(F)=C/F,3.4597501999999993,3.514562599999999,189.8076742,294.41812586753747,4.492496785849662,0.24927857852244734,3,acyclic_C5,,
CC[C@H](F)/C(F)=C/F,3.4597501999999993,3.514562599999999,189.8076742,294.41812586753747,4.492496785849662,0.24927857852244734,3,acyclic_C5,,
C/C=C(\F)CCF,3.3524534,3.5369013000000002,204.50448670000003,309.87253799784514,3.8560928172933098,0.25036932020239916,2,acyclic_C5,,
C/C=C(/F)CCF,3.3524534,3.5369013000000002,204.50448670000003,309.87253799784514,3.8560928172933098,0.25036932020239916,2,acyclic_C5,,
C=C(F)CC(C)(F)F,3.319694000000001,3.4511767000000013,207.8988114,310.6560233315355,3.6010322169545947,0.2517876715771878,3,acyclic_C5,,
CCCC(F)=C(F)F,3.456874199999998,3.3991664,192.47843500000008,295.3490792572999,3.0886075610841504,0.25235701498704055,3,acyclic_C5,,
CC(CCF)=C(F)F,3.452001,3.4190630000000004,193.59351310000008,297.10474997488154,3.5915621764687664,0.25244760644611186,3,acyclic_C5,,
C/C(F)=C(/C)C(F)F,3.4721182000000006,3.4565360999999997,190.21217339999998,294.2482851287202,3.7555261440801004,0.25349322852471584,3,acyclic_C5,,
C/C(F)=C(\C)C(F)F,3.4721182000000006,3.4565360999999997,190.21217339999998,294.2482851287202,3.7555261440801004,0.25349322852471584,3,acyclic_C5,,
CC/C(=C\F)C(F)F,3.4734388000000007,3.4744177,190.20757080000004,294.73140011559434,3.954372945699535,0.2540227028265617,3,acyclic_C5,,
CC/C(=C/F)C(F)F,3.4734388000000007,3.4744177,190.20757080000004,294.73140011559434,3.954372945699535,0.2540227028265617,3,acyclic_C5,,
C=C(F)C(F)(F)CF,3.447095900000001,3.2381855999999978,191.17903240000007,289.21504177431456,3.9367431481286843,0.2540287990704394,4,acyclic_C4,,
C/C(F)=C\CC(F)F,3.4622100999999996,3.3161223,190.84250800000007,291.35005050225226,3.737542176468766,0.2540888675835586,3,acyclic_C5,,
C/C(F)=C/CC(F)F,3.4622100999999996,3.3161223,190.84250800000007,291.35005050225226,3.737542176468766,0.2540888675835586,3,acyclic_C5,,
C/C=C\[C@H](F)C(F)F,3.4799894999999994,3.355112800000002,188.16662790000007,289.3810257443717,4.28494986277274,0.25505812542311185,3,acyclic_C5,,
C/C=C/[C@H](F)C(F)F,3.4799894999999994,3.355112800000002,188.16662790000007,289.3810257443717,4.28494986277274,0.25505812542311185,3,acyclic_C5,,
C/C=C/[C@@H](F)C(F)F,3.4799894999999994,3.355112800000002,188.16662790000007,289.3810257443717,4.28494986277274,0.25505812542311185,3,acyclic_C5,,
C/C=C\[C@@H](F)C(F)F,3.4799894999999994,3.355112800000002,188.16662790000007,289.3810257443717,4.28494986277274,0.25505812542311185,3,acyclic_C5,,
C=C(CF)C(C)(F)F,3.4078589999999997,3.4206299000000002,200.94512420000004,305.0944774126096,3.7244087351732187,0.2552418969819148,3,acyclic_C5,,
C=CCCC(F)F,3.3575395,3.4174889000000017,206.31581220000004,309.73194002841655,3.0729158942163863,0.2568848055295695,2,acyclic_C5,,
CC/C=C\C(F)(F)F,3.4896743999999997,3.3756378000000002,188.04313910000005,290.1519620473523,3.042153714930304,0.257705620557603,3,acyclic_C5,,
CC/C=C/C(F)(F)F,3.4896743999999997,3.3756378000000002,188.04313910000005,290.1519620473523,3.042153714930304,0.257705620557603,3,acyclic_C5,,
C=C(CF)CCF,3.3470193999999998,3.4785630000000003,207.4450495,312.20236284870964,3.964915894216386,0.257765836642421,2,acyclic_C5,,
C=C[C@@H](F)C(C)(F)F,3.4849571,3.404055900000001,190.94710490000006,294.69157737537313,4.241086704878002,0.2593945437807513,3,acyclic_C5,,
C=C[C@H](F)C(C)(F)F,3.4849571,3.404055900000001,190.94710490000006,294.69157737537313,4.241086704878002,0.2593945437807513,3,acyclic_C5,,
C/C=C(/F)CC(F)F,3.483494999999999,3.381262000000001,191.09083780000003,294.27718684062086,3.89653756108415,0.259548358713713,3,acyclic_C5,,
C/C=C(\F)CC(F)F,3.483494999999999,3.381262000000001,191.09083780000003,294.27718684062086,3.89653756108415,0.259548358713713,3,acyclic_C5,,
C=C(CCF)C(F)F,3.472995,3.3738314000000007,193.62011470000007,297.1148548397616,3.8669552533918434,0.2604033494354585,3,acyclic_C5,,
C=CC(F)(CF)CF,3.4453237999999997,3.4141113000000005,198.70764750000006,303.760801919257,4.422033714930304,0.2613751710139854,3,acyclic_C5,,
C[C@@H](F)C/C=C/F,3.3976083999999998,3.5253803000000024,203.99723500000005,311.31660030893886,4.462157426674207,0.26173826198161987,2,acyclic_C5,,
C[C@H](F)C/C=C\F,3.3976083999999998,3.5253803000000024,203.99723500000005,311.31660030893886,4.462157426674207,0.26173826198161987,2,acyclic_C5,,
C[C@@H](F)C/C=C\F,3.3976083999999998,3.5253803000000024,203.99723500000005,311.31660030893886,4.462157426674207,0.26173826198161987,2,acyclic_C5,,
C[C@H](F)C/C=C/F,3.3976083999999998,3.5253803000000024,203.99723500000005,311.31660030893886,4.462157426674207,0.26173826198161987,2,acyclic_C5,,
CC/C(F)=C\C(F)F,3.4937851,3.4011121,191.24314310000008,295.4341117081813,3.86998756108415,0.2629328434615595,3,acyclic_C5,,
CC/C(F)=C/C(F)F,3.4937851,3.4011121,191.24314310000008,295.4341117081813,3.86998756108415,0.2629328434615595,3,acyclic_C5,,
C=C(C)C(F)(F)CF,3.450320099999999,3.425300100000001,198.786435,304.4007892077066,3.7051698687764576,0.26306318483074836,3,acyclic_C5,,
CC[C@@H](F)C=C(F)F,3.4906667,3.416464199999999,192.2603335000001,297.0927488339394,4.367106016618893,0.2632664820990582,3,acyclic_C5,,
CC[C@H](F)C=C(F)F,3.4906667,3.416464199999999,192.2603335000001,297.0927488339394,4.367106016618893,0.2632664820990582,3,acyclic_C5,,
CC(C)=C(F)C(F)F,3.4999298999999984,3.4452145000000014,190.82241789999998,296.1886604905855,3.5737917311246363,0.26401540866773454,3,acyclic_C5,,
CC/C(=C/F)CF,3.3932891000000005,3.521325300000002,205.24414670000002,312.71531777927396,3.865146663447156,0.2642651555699406,2,acyclic_C5,,
CC/C(=C\F)CF,3.3932891000000005,3.521325300000002,205.24414670000002,312.71531777927396,3.865146663447156,0.2642651555699406,2,acyclic_C5,,
CC(=C(F)F)[C@H](C)F,3.495452999999999,3.472091999999999,192.16456380000008,298.506235603099,4.082460793946828,0.2646111771605041,3,acyclic_C5,,
CC(=C(F)F)[C@@H](C)F,3.495452999999999,3.472091999999999,192.16456380000008,298.506235603099,4.082460793946828,0.2646111771605041,3,acyclic_C5,,
F/C=C\C(F)(F)CF,3.451773,3.324336799999998,198.22156040000004,301.2742320665558,4.359400638007227,0.2646638159508138,4,acyclic_C4,,
F/C=C/C(F)(F)CF,3.451773,3.324336799999998,198.22156040000004,301.2742320665558,4.359400638007227,0.2646638159508138,4,acyclic_C4,,
C/C(=C\CF)C(F)F,3.482487,3.262158800000001,192.00792900000005,292.67530978783594,3.9442514072379966,0.2656071051268744,3,acyclic_C5,,
C/C(=C/CF)C(F)F,3.482487,3.262158800000001,192.00792900000005,292.67530978783594,3.9442514072379966,0.2656071051268744,3,acyclic_C5,,
C=CCC(F)(F)CF,3.4512905999999997,3.3663791999999995,199.42634760000004,303.91183119611816,3.612968330314919,0.2659966961136152,3,acyclic_C5,,
CCC(CF)=C(F)F,3.495205299999999,3.4115239,192.9746699000001,298.2071656922974,3.8683190995456886,0.26607842639110774,3,acyclic_C5,,
C/C(=C\F)C(C)(F)F,3.4499431999999994,3.475678900000001,200.10509979999998,307.4445851856077,3.70455772302747,0.26620384616432907,3,acyclic_C5,,
C/C(=C/F)C(C)(F)F,3.4499431999999994,3.475678900000001,200.10509979999998,307.4445851856077,3.70455772302747,0.26620384616432907,3,acyclic_C5,,
CC/C=C(/F)CF,3.4008966,3.2794089000000004,204.11379900000009,305.6271821603719,3.8917005096010024,0.26694905782289774,2,acyclic_C5,,
CC/C=C(\F)CF,3.4008966,3.2794089000000004,204.11379900000009,305.6271821603719,3.8917005096010024,0.26694905782289774,2,acyclic_C5,,
C=C(F)C(CF)CF,3.4585487,3.4593853,199.6156601,306.8118766144761,4.3974014072379966,0.2676460369342767,3,acyclic_C5,,
CC/C=C\C(F)F,3.440089500000001,3.3664823,201.48263760000006,306.2006915687989,3.288292817293309,0.26778085433960785,2,acyclic_C5,,
CC/C=C/C(F)F,3.440089500000001,3.3664823,201.48263760000006,306.2006915687989,3.288292817293309,0.26778085433960785,2,acyclic_C5,,
C/C=C(/CF)C(F)F,3.5005233999999996,3.3534783000000004,192.47471720000004,296.37810742789895,4.030582176468766,0.26831998472881263,3,acyclic_C5,,
C/C=C(\CF)C(F)F,3.5005233999999996,3.3534783000000004,192.47471720000004,296.37810742789895,4.030582176468766,0.26831998472881263,3,acyclic_C5,,
C=CC[C@H](F)C(F)F,3.5127242999999995,3.4023689999999998,190.71066550000015,295.6408807594,4.07857986277274,0.2686613960243294,3,acyclic_C5,,
C=CC[C@@H](F)C(F)F,3.5127242999999995,3.4023689999999998,190.71066550000015,295.6408807594,4.07857986277274,0.2686613960243294,3,acyclic_C5,,
C/C=C\C(F)(F)CF,3.4639928,3.3519112000000013,198.718984,303.22032588650933,3.93217756108415,0.2687843821147469,3,acyclic_C5,,
C/C=C/C(F)(F)CF,3.4639928,3.3519112000000013,198.718984,303.22032588650933,3.93217756108415,0.2687843821147469,3,acyclic_C5,,
C/C(F)=C(/F)CCF,3.4557070999999997,3.476391700000001,200.51015430000004,308.3257368203364,3.9850975610841495,0.269084808184803,3,acyclic_C5,,
C/C(F)=C(\F)CCF,3.4557070999999997,3.476391700000001,200.51015430000004,308.3257368203364,3.9850975610841495,0.269084808184803,3,acyclic_C5,,
CC(F)(F)C/C=C/F,3.4739506,3.4569601000000008,199.7545852,307.7386741472078,3.871462176468765,0.27294129325046257,3,acyclic_C5,,
CC(F)(F)C/C=C\F,3.4739506,3.4569601000000008,199.7545852,307.7386741472078,3.871462176468765,0.27294129325046257,3,acyclic_C5,,
C=C[C@@H](F)CC(F)F,3.5274385999999986,3.4077974999999996,191.61247140000012,297.7785406228146,4.297217555080431,0.2749915001395837,3,acyclic_C5,,
C=C[C@H](F)CC(F)F,3.5274385999999986,3.4077974999999996,191.61247140000012,297.7785406228146,4.297217555080431,0.2749915001395837,3,acyclic_C5,,
C/C(CF)=C(/F)CF,3.4772759999999994,3.439936200000001,200.54179050000002,308.5994489093023,4.115943714930305,0.2759842945341304,3,acyclic_C5,,
C/C(CF)=C(\F)CF,3.4772759999999994,3.439936200000001,200.54179050000002,308.5994489093023,4.115943714930305,0.2759842945341304,3,acyclic_C5,,
C/C(=C/C(F)F)CF,3.5277502,3.4034212000000013,193.03450390000006,299.70373201792694,3.9123914072379957,0.2774052773537045,3,acyclic_C5,,
C/C(=C\C(F)F)CF,3.5277502,3.4034212000000013,193.03450390000006,299.70373201792694,3.9123914072379957,0.2774052773537045,3,acyclic_C5,,
C[C@@H](F)/C=C/C(F)F,3.540006199999999,3.3886179000000016,190.15863330000008,295.8604813616004,4.451622939695817,0.2776000077673472,3,acyclic_C5,,
C[C@H](F)/C=C\C(F)F,3.540006199999999,3.3886179000000016,190.15863330000008,295.8604813616004,4.451622939695817,0.2776000077673472,3,acyclic_C5,,
C[C@H](F)/C=C/C(F)F,3.540006199999999,3.3886179000000016,190.15863330000008,295.8604813616004,4.451622939695817,0.2776000077673472,3,acyclic_C5,,
C[C@@H](F)/C=C\C(F)F,3.540006199999999,3.3886179000000016,190.15863330000008,295.8604813616004,4.451622939695817,0.2776000077673472,3,acyclic_C5,,
C=C(F)[C@H](C)C(F)(F)F,3.5445920999999982,3.3499485999999985,188.40864979999986,292.709865606896,3.9207420671559046,0.2780194030139638,4,acyclic_C5,,
C=C(F)[C@@H](C)C(F)(F)F,3.5445920999999982,3.3499485999999985,188.40864979999986,292.709865606896,3.9207420671559046,0.2780194030139638,4,acyclic_C5,,
C[C@@H](C=C(F)F)CF,3.5194652000000013,3.439397000000001,195.9252516000001,304.21939876926916,4.444132170465046,0.27949462294108113,3,acyclic_C5,,
C[C@H](C=C(F)F)CF,3.5194652000000013,3.439397000000001,195.9252516000001,304.21939876926916,4.444132170465046,0.27949462294108113,3,acyclic_C5,,
F/C=C\CCCF,3.4344480999999996,3.517976200000001,206.31056900000007,316.3185403278685,3.4838810764026213,0.27970694253241163,2,acyclic_C5,,
F/C=C/CCCF,3.4344480999999996,3.517976200000001,206.31056900000007,316.3185403278685,3.4838810764026213,0.27970694253241163,2,acyclic_C5,,
CCC(F)(F)/C=C/F,3.5028225999999996,3.4663083,198.9105732,308.25283914105967,4.035719099545689,0.28034220442767427,3,acyclic_C5,,
CCC(F)(F)/C=C\F,3.5028225999999996,3.4663083,198.9105732,308.25283914105967,4.035719099545689,0.28034220442767427,3,acyclic_C5,,
CC(F)(F)/C=C/CF,3.4903058,3.3647352000000006,200.62778870000005,307.55155938173795,3.8883129456995347,0.28149724329866815,3,acyclic_C5,,
CC(F)(F)/C=C\CF,3.4903058,3.3647352000000006,200.62778870000005,307.55155938173795,3.8883129456995347,0.28149724329866815,3,acyclic_C5,,
CCC/C(F)=C/F,3.4358094,3.550138400000001,207.3555283000001,318.63002750018364,3.6825774326779257,0.2841969795956415,2,acyclic_C5,,
CCC/C(F)=C\F,3.4358094,3.550138400000001,207.3555283000001,318.63002750018364,3.6825774326779257,0.2841969795956415,2,acyclic_C5,,
F/C=C(\F)CCCF,3.5024822,3.5455603999999994,200.22087290000007,311.9992954496321,3.945644594051183,0.2845770366473853,3,acyclic_C5,,
F/C=C(/F)CCCF,3.5024822,3.5455603999999994,200.22087290000007,311.9992954496321,3.945644594051183,0.2845770366473853,3,acyclic_C5,,
C=C(CF)CC(F)F,3.5430207,3.3779521000000012,193.93548510000005,301.124772895449,3.9340052533918426,0.28459756490631394,3,acyclic_C5,,
C=C[C@@](C)(F)C(F)(F)F,3.5797478999999983,3.3892222000000007,184.79056699999987,290.12610319717555,3.83793547374931,0.28614643171177967,4,acyclic_C5,,
C=C[C@](C)(F)C(F)(F)F,3.5797478999999983,3.3892222000000007,184.79056699999987,290.12610319717555,3.83793547374931,0.28614643171177967,4,acyclic_C5,,
FC/C=C(\F)C(F)F,3.5140581,3.1101561999999996,190.53051370000006,288.47142193324106,4.2062829456995345,0.28617033855562013,4,acyclic_C4,,
FC/C=C(/F)C(F)F,3.5140581,3.1101561999999996,190.53051370000006,288.47142193324106,4.2062829456995345,0.28617033855562013,4,acyclic_C4,,
FC/C=C(/F)CCF,3.5102686,3.341143099999999,200.4741932,307.7732976928673,4.132369868776458,0.2882148359036605,3,acyclic_C5,,
FC/C=C(\F)CCF,3.5102686,3.341143099999999,200.4741932,307.7732976928673,4.132369868776458,0.2882148359036605,3,acyclic_C5,,
FCCCC=C(F)F,3.499686100000001,3.2922171000000002,201.32718930000013,307.2145178222817,3.3555017369083266,0.2888540516051964,3,acyclic_C5,,
F/C=C(/CF)CCF,3.5257616999999994,3.5312831,200.9310874,313.85662448584407,4.256095143501732,0.29343037625186963,3,acyclic_C5,,
F/C=C(\CF)CCF,3.5257616999999994,3.5312831,200.9310874,313.85662448584407,4.256095143501732,0.29343037625186963,3,acyclic_C5,,
C=C(F)CCC(F)F,3.5437893999999996,3.4115759999999993,198.65323780000003,308.63198183260954,3.7366975610841493,0.29344855675096965,3,acyclic_C5,,
C=C[C@@H](CF)C(F)F,3.577121600000001,3.3747314,192.1095775000001,300.11215092551873,4.431172170465047,0.2934613038958713,3,acyclic_C5,,
C=C[C@H](CF)C(F)F,3.577121600000001,3.3747314,192.1095775000001,300.11215092551873,4.431172170465047,0.2934613038958713,3,acyclic_C5,,
FCC/C=C/C(F)F,3.5222816000000012,3.336293300000001,201.47211170000003,309.66012527477085,3.5721742643808536,0.29464723433479917,3,acyclic_C5,,
FCC/C=C\C(F)F,3.5222816000000012,3.336293300000001,201.47211170000003,309.66012527477085,3.5721742643808536,0.29464723433479917,3,acyclic_C5,,
CC(C)(F)C(F)=C(F)F,3.6088978999999983,3.5112147000000005,187.5787538,298.3486328159284,3.5355994357969847,0.29871184685246815,4,acyclic_C5,,
FCCC(F)=C(F)F,3.5867457,3.2130721999999987,188.93836260000012,292.19330317375886,3.7421737149303036,0.2999419149409389,4,acyclic_C4,,
C=CC(F)(F)CCF,3.546492400000001,3.340785699999999,200.6376518000001,309.82710515979255,3.8765506380072274,0.300303631057186,3,acyclic_C5,,
CC(C)=C(F)C(F)(F)F,3.6245732999999984,3.397052600000001,182.14585590000002,288.5776730272856,3.133454380851931,0.30055238023333647,4,acyclic_C5,,
F/C=C/CCC(F)F,3.5702334,3.4575088000000007,199.34848070000004,312.07044561485185,3.630367670974259,0.30346708628342733,3,acyclic_C5,,
F/C=C\CCC(F)F,3.5702334,3.4575088000000007,199.34848070000004,312.07044561485185,3.630367670974259,0.30346708628342733,3,acyclic_C5,,
C=C(F)[C@](C)(F)C(F)F,3.6014865999999977,3.403271700000002,193.857706,304.45292626128725,4.175029979243817,0.30401310739789067,4,acyclic_C5,,
C=C(F)[C@@](C)(F)C(F)F,3.6014865999999977,3.403271700000002,193.857706,304.45292626128725,4.175029979243817,0.30401310739789067,4,acyclic_C5,,
FCC/C=C(/F)CF,3.5615343999999998,3.3166956000000005,200.17173619999997,309.3304864209621,4.146308330314919,0.30495009049871086,3,acyclic_C5,,
FCC/C=C(\F)CF,3.5615343999999998,3.3166956000000005,200.17173619999997,309.3304864209621,4.146308330314919,0.30495009049871086,3,acyclic_C5,,
C/C(F)=C(\C)C(F)(F)F,3.626466699999999,3.3704688999999983,187.70798779999998,296.0469372506825,3.3579532819508326,0.30546669103767093,4,acyclic_C5,,
C/C(F)=C(/C)C(F)(F)F,3.626466699999999,3.3704688999999983,187.70798779999998,296.0469372506825,3.3579532819508326,0.30546669103767093,4,acyclic_C5,,
FC/C=C/CCF,3.5455682999999993,3.3936415999999996,203.55927630000005,315.20964115113475,3.722843829439059,0.3059268088897369,2,acyclic_C5,,
FC/C=C\CCF,3.5455682999999993,3.3936415999999996,203.55927630000005,315.20964115113475,3.722843829439059,0.3059268088897369,2,acyclic_C5,,
CC(=C(F)F)C(C)(F)F,3.6297241000000002,3.4185689000000012,191.5594085,302.8712362989356,3.494140095137645,0.31025031735251407,4,acyclic_C5,,
C=CC(F)(F)C(C)(F)F,3.6438738999999982,3.365863300000001,193.14157829999994,304.56835321788816,3.3801005346980846,0.318197238845394,4,acyclic_C5,,
C=C(C)C(F)(F)C(F)F,3.660581699999999,3.3751957,188.72853729999994,299.24127085216844,3.3883950401925897,0.3183766859482422,4,acyclic_C5,,
CC/C=C(\F)C(F)F,3.646159099999998,3.231071400000001,190.68052760000006,297.90402464122366,3.6949444841610735,0.32116210829993835,3,acyclic_C5,,
CC/C=C(/F)C(F)F,3.646159099999998,3.231071400000001,190.68052760000006,297.90402464122366,3.6949444841610735,0.32116210829993835,3,acyclic_C5,,
C=C([C@@H](C)F)C(F)(F)F,3.6744855999999992,3.335890899999998,186.65930539999997,295.9451801824344,3.8019420671559043,0.3223914703170839,4,acyclic_C5,,
C=C([C@H](C)F)C(F)(F)F,3.6744855999999992,3.335890899999998,186.65930539999997,295.9451801824344,3.8019420671559043,0.3223914703170839,4,acyclic_C5,,
C/C(F)=C(\F)C(C)(F)F,3.643113600000001,3.3848694,196.7494266,310.1835384665852,3.647219216016765,0.32338559732179556,4,acyclic_C5,,
C/C(F)=C(/F)C(C)(F)F,3.643113600000001,3.3848694,196.7494266,310.1835384665852,3.647219216016765,0.32338559732179556,4,acyclic_C5,,
C=C(F)C(F)(F)[C@@H](C)F,3.665007799999998,3.355079700000002,191.53045590000005,302.982587387147,4.109175034188871,0.3235865611000941,4,acyclic_C5,,
C=C(F)C(F)(F)[C@H](C)F,3.665007799999998,3.355079700000002,191.53045590000005,302.982587387147,4.109175034188871,0.3235865611000941,4,acyclic_C5,,
C=C(C(C)(F)F)C(F)(F)F,3.6871974,3.361714399999999,183.42048359999998,292.46239129262466,3.4077309051370523,0.3241275881767075,5,acyclic_C5,,
CC(F)(F)C(F)=C(F)F,3.689131799999999,3.3193743999999996,184.1460069,292.606361311805,3.5744411940387435,0.3264073819645777,5,acyclic_C4,,
C=C(F)C(F)(F)C(C)(F)F,3.6751107000000003,3.3707481999999986,192.02123879999996,304.5613640435058,3.3405048181805306,0.3273710830238451,5,acyclic_C5,,
C[C@@H](F)CC=C(F)F,3.6709590999999993,3.3345516000000015,193.04600130000014,304.96591428320585,4.174921401234278,0.32823798095334056,3,acyclic_C5,,
C[C@H](F)CC=C(F)F,3.6709590999999993,3.3345516000000015,193.04600130000014,304.96591428320585,4.174921401234278,0.32823798095334056,3,acyclic_C5,,
C=C(CC)C(F)(F)F,3.6905702000000002,3.4409288999999994,188.9305427999999,302.52098185269267,3.237024119788604,0.3283910867555379,3,acyclic_C5,,
C=C(C(F)F)C(C)(F)F,3.6808484,3.4123599,193.37131340000005,307.8038803122361,3.6026346006321504,0.33055781286253155,4,acyclic_C5,,
C=C(F)[C@H](F)C(C)(F)F,3.6918741999999987,3.3887414000000002,192.22777109999998,306.0982250916854,4.317638770452609,0.3331418190325603,4,acyclic_C5,,
C=C(F)[C@@H](F)C(C)(F)F,3.6918741999999987,3.3887414000000002,192.22777109999998,306.0982250916854,4.317638770452609,0.3331418190325603,4,acyclic_C5,,
FC/C=C/CC(F)F,3.6446895999999986,3.2846324999999994,201.66213760000002,314.78664894313215,3.8920270116336004,0.3366101624124468,3,acyclic_C5,,
FC/C=C\CC(F)F,3.6446895999999986,3.2846324999999994,201.66213760000002,314.78664894313215,3.8920270116336004,0.3366101624124468,3,acyclic_C5,,
C=C[C@](F)(CF)C(F)(F)F,3.726175500000002,3.3152904999999993,183.3796762,293.0670671746294,4.289674360671794,0.33929549689313043,5,acyclic_C5,,
C=C[C@@](F)(CF)C(F)(F)F,3.726175500000002,3.3152904999999993,183.3796762,293.0670671746294,4.289674360671794,0.33929549689313043,5,acyclic_C5,,
C/C=C/C(F)(F)C(F)(F)F,3.7420023,3.3566510999999997,179.68730779999999,289.32974543119894,3.305661674367821,0.3426967212274041,5,acyclic_C5,,
C/C=C\C(F)(F)C(F)(F)F,3.7420023,3.3566510999999997,179.68730779999999,289.32974543119894,3.305661674367821,0.3426967212274041,5,acyclic_C5,,
F/C=C(/CF)C(F)(F)F,3.7370656999999987,3.2155424999999975,183.96646170000008,292.03115323926875,3.891091643589194,0.3479612139714715,5,acyclic_C4,,
F/C=C(\CF)C(F)(F)F,3.7370656999999987,3.2155424999999975,183.96646170000008,292.03115323926875,3.891091643589194,0.3479612139714715,5,acyclic_C4,,
C/C=C\[C@H](F)C(F)(F)F,3.7710871000000004,3.3492293999999987,184.06490549999992,296.877855888096,4.05701639283023,0.35459812562859144,4,acyclic_C5,,
C/C=C/[C@@H](F)C(F)(F)F,3.7710871000000004,3.3492293999999987,184.06490549999992,296.877855888096,4.05701639283023,0.35459812562859144,4,acyclic_C5,,
C/C=C/[C@H](F)C(F)(F)F,3.7710871000000004,3.3492293999999987,184.06490549999992,296.877855888096,4.05701639283023,0.35459812562859144,4,acyclic_C5,,
C/C=C\[C@@H](F)C(F)(F)F,3.7710871000000004,3.3492293999999987,184.06490549999992,296.877855888096,4.05701639283023,0.35459812562859144,4,acyclic_C5,,
C[C@@H](/C=C\F)C(F)(F)F,3.7778400999999993,3.362269699999999,188.1033821999999,303.4145998431339,4.20021709213093,0.3594133051763778,4,acyclic_C5,,
C[C@H](/C=C\F)C(F)(F)F,3.7778400999999993,3.362269699999999,188.1033821999999,303.4145998431339,4.20021709213093,0.3594133051763778,4,acyclic_C5,,
C[C@@H](/C=C/F)C(F)(F)F,3.7778400999999993,3.362269699999999,188.1033821999999,303.4145998431339,4.20021709213093,0.3594133051763778,4,acyclic_C5,,
C[C@H](/C=C/F)C(F)(F)F,3.7778400999999993,3.362269699999999,188.1033821999999,303.4145998431339,4.20021709213093,0.3594133051763778,4,acyclic_C5,,
C=C[C@@](F)(C(F)F)C(F)(F)F,3.784322700000002,3.3132064000000003,182.11070289999995,293.745813092035,3.9928773717136306,0.3595309203409103,6,acyclic_C5,,
C=C[C@](F)(C(F)F)C(F)(F)F,3.784322700000002,3.3132064000000003,182.11070289999995,293.745813092035,3.9928773717136306,0.3595309203409103,6,acyclic_C5,,
C=CC(C(F)(F)F)C(F)(F)F,3.7948680000000015,3.400403499999998,179.31866969999996,292.12875209996054,3.436673117362319,0.3608048605857008,6,acyclic_C5,,
C[C@@](F)(/C=C\F)C(F)(F)F,3.7943649999999987,3.4021172000000006,181.49220139999997,295.391971139831,4.089614745287179,0.360976299020532,5,acyclic_C5,,
C[C@@](F)(/C=C/F)C(F)(F)F,3.7943649999999987,3.4021172000000006,181.49220139999997,295.391971139831,4.089614745287179,0.360976299020532,5,acyclic_C5,,
C[C@](F)(/C=C\F)C(F)(F)F,3.7943649999999987,3.4021172000000006,181.49220139999997,295.391971139831,4.089614745287179,0.360976299020532,5,acyclic_C5,,
C[C@](F)(/C=C/F)C(F)(F)F,3.7943649999999987,3.4021172000000006,181.49220139999997,295.391971139831,4.089614745287179,0.360976299020532,5,acyclic_C5,,
C=C[C@@H](CF)C(F)(F)F,3.7786657999999993,3.2579662999999988,188.18992450000005,301.0788262786345,4.231276532690371,0.3632161300674152,4,acyclic_C5,,
C=C[C@H](CF)C(F)(F)F,3.7786657999999993,3.2579662999999988,188.18992450000005,301.0788262786345,4.231276532690371,0.3632161300674152,4,acyclic_C5,,
FC(F)=CCC(F)(F)F,3.774920499999999,3.153498900000001,181.350453,288.4065705351095,3.400944091141641,0.3641089812202599,5,acyclic_C4,,
C[C@](F)(/C(F)=C/F)C(F)(F)F,3.8037445000000014,3.3982541000000004,182.52856800000006,297.2239860860529,4.10611760840002,0.36469739931984035,6,acyclic_C5,,
C[C@](F)(/C(F)=C\F)C(F)(F)F,3.8037445000000014,3.3982541000000004,182.52856800000006,297.2239860860529,4.10611760840002,0.36469739931984035,6,acyclic_C5,,
C[C@@](F)(/C(F)=C\F)C(F)(F)F,3.8037445000000014,3.3982541000000004,182.52856800000006,297.2239860860529,4.10611760840002,0.36469739931984035,6,acyclic_C5,,
C[C@@](F)(/C(F)=C/F)C(F)(F)F,3.8037445000000014,3.3982541000000004,182.52856800000006,297.2239860860529,4.10611760840002,0.36469739931984035,6,acyclic_C5,,
CC/C(=C\F)C(F)(F)F,3.7982776999999994,3.3709772999999994,186.26349809999996,301.8773055268125,3.523570664568215,0.36508749756019815,4,acyclic_C5,,
CC/C(=C/F)C(F)(F)F,3.7982776999999994,3.3709772999999994,186.26349809999996,301.8773055268125,3.523570664568215,0.36508749756019815,4,acyclic_C5,,
FC=C(C(F)F)C(F)F,3.8087205999999996,3.2715443999999985,179.70551140000003,290.2889878486481,4.271993042190591,0.36921866173337353,5,acyclic_C4,,
F/C=C(\F)CC(F)(F)F,3.809371099999999,3.2601918999999997,181.59639719999996,292.82964570793723,3.7299350002325493,0.37028412149813894,5,acyclic_C4,,
F/C=C(/F)CC(F)(F)F,3.809371099999999,3.2601918999999997,181.59639719999996,292.82964570793723,3.7299350002325493,0.37028412149813894,5,acyclic_C4,,
FC/C=C(/F)C(F)(F)F,3.7791418999999986,3.0942932999999995,183.34672380000006,290.05189588304955,3.783815419812969,0.37067271236044946,5,acyclic_C4,,
FC/C=C(\F)C(F)(F)F,3.7791418999999986,3.0942932999999995,183.34672380000006,290.05189588304955,3.783815419812969,0.37067271236044946,5,acyclic_C4,,
C/C=C(/CF)C(F)(F)F,3.805078699999998,3.3049161999999983,189.62713500000007,305.5178865659528,3.6667776575752082,0.3719306034553281,4,acyclic_C5,,
C/C=C(\CF)C(F)(F)F,3.805078699999998,3.3049161999999983,189.62713500000007,305.5178865659528,3.6667776575752082,0.3719306034553281,4,acyclic_C5,,
C=CC[C@H](F)C(F)(F)F,3.8198086999999994,3.3074955999999993,183.96083779999998,297.9193446655002,3.8594191900330275,0.37305419609245694,4,acyclic_C5,,
C=CC[C@@H](F)C(F)(F)F,3.8198086999999994,3.3074955999999993,183.96083779999998,297.9193446655002,3.8594191900330275,0.37305419609245694,4,acyclic_C5,,
C/C=C(\C(F)F)C(F)(F)F,3.8285564,3.360364099999998,182.9247678,298.0,3.51672321282936,0.37432889323737173,5,acyclic_C5,,
C/C=C(/C(F)F)C(F)(F)F,3.8285564,3.360364099999998,182.9247678,298.0,3.51672321282936,0.37432889323737173,5,acyclic_C5,,
F/C=C\C(F)(F)C(F)F,3.819049599999999,3.238182199999999,181.95467000000005,293.25259835229434,4.1445895456870945,0.37481255210662895,5,acyclic_C4,,
F/C=C/C(F)(F)C(F)F,3.819049599999999,3.238182199999999,181.95467000000005,293.25259835229434,4.1445895456870945,0.37481255210662895,5,acyclic_C4,,
C/C(=C/C(F)F)C(F)F,3.8285961,3.4433173999999998,186.27267480000003,304.96073320907504,3.8081531820507317,0.37513749685614645,4,acyclic_C5,,
C/C(=C\C(F)F)C(F)F,3.8285961,3.4433173999999998,186.27267480000003,304.96073320907504,3.8081531820507317,0.37513749685614645,4,acyclic_C5,,
FCC(F)(F)C=C(F)F,3.819588299999998,3.272261399999999,188.6141899000001,303.87494766764894,4.167372762470313,0.3773116222903698,5,acyclic_C4,,
F/C=C(\F)C(F)(F)CF,3.783510099999997,3.2311434999999977,197.5979574000001,314.31377306667514,4.187292342889893,0.3776725110123473,5,acyclic_C4,,
F/C=C(/F)C(F)(F)CF,3.783510099999997,3.2311434999999977,197.5979574000001,314.31377306667514,4.187292342889893,0.3776725110123473,5,acyclic_C4,,
FCC(=C(F)F)C(F)F,3.822379299999999,3.2273176999999986,184.8172231000001,297.33866016847884,3.98385458065213,0.3776988046747475,5,acyclic_C4,,
C=CC(C(F)F)C(F)F,3.839333099999999,3.382646100000002,183.2051116,299.43625679153865,3.935116119113668,0.37788312870817004,4,acyclic_C5,,
C/C(F)=C\CC(F)(F)F,3.825937599999999,3.2595438999999993,186.02638079999994,300.06386740044366,3.4224622729598213,0.37815937542660166,4,acyclic_C5,,
C/C(F)=C/CC(F)(F)F,3.825937599999999,3.2595438999999993,186.02638079999994,300.06386740044366,3.4224622729598213,0.37815937542660166,4,acyclic_C5,,
C=C[C@@H](F)CC(F)(F)F,3.828730100000001,3.2788342999999993,185.73938710000004,300.23469998036404,3.9935191900330267,0.37818408340156046,4,acyclic_C5,,
C=C[C@H](F)CC(F)(F)F,3.828730100000001,3.2788342999999993,185.73938710000004,300.23469998036404,3.9935191900330267,0.37818408340156046,4,acyclic_C5,,
C=C(CF)CC(F)(F)F,3.833326,3.297683899999999,187.24046540000003,303.0837390277025,3.4107811540787036,0.3801242163795792,4,acyclic_C5,,
C/C(=C/F)CC(F)(F)F,3.843351899999999,3.379876499999999,185.46904149999992,302.89054704566735,3.4199133219108706,0.3804652878022993,4,acyclic_C5,,
C/C(=C\F)CC(F)(F)F,3.843351899999999,3.379876499999999,185.46904149999992,302.89054704566735,3.4199133219108706,0.3804652878022993,4,acyclic_C5,,
CC=C(C(F)F)C(F)F,3.8487460999999983,3.3770931999999982,183.97700970000002,300.8762240449062,4.047679056176605,0.3816601693160935,4,acyclic_C5,,
C=C[C@H](F)C(F)(F)C(F)(F)F,3.8515752000000014,3.335918099999999,181.25950500000002,295.94945892796113,3.9684974900568246,0.38260065690181566,6,acyclic_C5,,
C=C[C@@H](F)C(F)(F)C(F)(F)F,3.8515752000000014,3.335918099999999,181.25950500000002,295.94945892796113,3.9684974900568246,0.38260065690181566,6,acyclic_C5,,
C/C=C(\F)CC(F)(F)F,3.848653899999998,3.331657399999999,184.93143439999992,301.20511559161133,3.431695140092689,0.38307325517495167,4,acyclic_C5,,
C/C=C(/F)CC(F)(F)F,3.848653899999998,3.331657399999999,184.93143439999992,301.20511559161133,3.431695140092689,0.38307325517495167,4,acyclic_C5,,
F/C=C(\C(F)F)C(F)(F)F,3.846915399999999,3.254930199999998,179.7818989,291.6531028465873,3.772738597444744,0.38347128880420733,6,acyclic_C4,,
F/C=C(/C(F)F)C(F)(F)F,3.846915399999999,3.254930199999998,179.7818989,291.6531028465873,3.772738597444744,0.38347128880420733,6,acyclic_C4,,
C=C[C@@H](F)C(F)(F)CF,3.8385085999999986,3.336092,190.89235880000015,309.67279263048266,4.483068840382677,0.3839980611009459,4,acyclic_C5,,
C=C[C@H](F)C(F)(F)CF,3.8385085999999986,3.336092,190.89235880000015,309.67279263048266,4.483068840382677,0.3839980611009459,4,acyclic_C5,,
C=CC(F)(F)CC(F)F,3.847857099999999,3.3682662000000003,188.9474577,308.00402646022593,3.8207028324003813,0.3847658449902373,4,acyclic_C5,,
C/C=C/C(F)(F)C(F)F,3.8542230000000006,3.3563368999999996,185.96415169999997,303.55059517936263,3.75620493030248,0.38506137273244656,4,acyclic_C5,,
C/C=C\C(F)(F)C(F)F,3.8542230000000006,3.3563368999999996,185.96415169999997,303.55059517936263,3.75620493030248,0.38506137273244656,4,acyclic_C5,,
C[C@H](F)C(CF)=C(F)F,3.8404681999999974,3.3722182,192.60182440000008,313.1869248934983,4.449277931291768,0.38576996520346973,4,acyclic_C5,,
C[C@@H](F)C(CF)=C(F)F,3.8404681999999974,3.3722182,192.60182440000008,313.1869248934983,4.449277931291768,0.38576996520346973,4,acyclic_C5,,
C=C(C)[C@H](F)CF,3.822390000000001,3.3154426000000026,196.41934390000006,316.5630737998821,4.207490458348414,0.385825652129441,2,acyclic_C5,,
C=C(C)[C@@H](F)CF,3.822390000000001,3.3154426000000026,196.41934390000006,316.5630737998821,4.207490458348414,0.385825652129441,2,acyclic_C5,,
CC(F)(F)C/C(F)=C/F,3.845446099999998,3.416341200000001,191.74741140000006,313.23397702556696,4.0035979372954875,0.38600682398363917,4,acyclic_C5,,
CC(F)(F)C/C(F)=C\F,3.845446099999998,3.416341200000001,191.74741140000006,313.23397702556696,4.0035979372954875,0.38600682398363917,4,acyclic_C5,,
C[C@@H](F)/C(=C\F)C(F)(F)F,3.8572640999999988,3.329452399999998,186.02801749999998,303.12767298539865,4.201087822210257,0.38681890009545633,5,acyclic_C5,,
C[C@H](F)/C(=C/F)C(F)(F)F,3.8572640999999988,3.329452399999998,186.02801749999998,303.12767298539865,4.201087822210257,0.38681890009545633,5,acyclic_C5,,
C[C@H](F)/C(=C\F)C(F)(F)F,3.8572640999999988,3.329452399999998,186.02801749999998,303.12767298539865,4.201087822210257,0.38681890009545633,5,acyclic_C5,,
C[C@@H](F)/C(=C/F)C(F)(F)F,3.8572640999999988,3.329452399999998,186.02801749999998,303.12767298539865,4.201087822210257,0.38681890009545633,5,acyclic_C5,,
CCC(=C(F)F)C(F)F,3.8586469999999986,3.4369501000000002,188.3743494,309.30496846184735,3.7262846505821994,0.3873717887596461,4,acyclic_C5,,
C=CC(F)(F)[C@H](F)CF,3.8518744999999974,3.345941,190.7553337000001,310.322081769856,4.443261148074985,0.38831896941822136,4,acyclic_C5,,
C=CC(F)(F)[C@@H](F)CF,3.8518744999999974,3.345941,190.7553337000001,310.322081769856,4.443261148074985,0.38831896941822136,4,acyclic_C5,,
C=C(CC(F)(F)F)C(F)(F)F,3.8702775000000007,3.383845299999998,181.30401559999999,298.0,3.2275748925102477,0.38833056029428004,6,acyclic_C5,,
C=CCC(F)(F)C(F)(F)F,3.8707733000000006,3.3515560999999985,181.40875199999994,297.3896205097621,3.040663597444743,0.38912074348866477,5,acyclic_C5,,
C=C(CC(F)F)C(F)F,3.8705717000000006,3.404394,186.42791480000002,306.1447455011192,3.8524608743584245,0.39042123133350726,4,acyclic_C5,,
C=CCC(F)(F)C(F)F,3.8629664000000004,3.3194913999999995,188.1519482,306.3122472789826,3.2921636715612212,0.3905964727706843,4,acyclic_C5,,
C/C(=C\F)[C@H](F)C(F)F,3.870216899999999,3.4204195,187.63234770000003,308.31690311272763,4.495366742480579,0.3909901127333383,4,acyclic_C5,,
C/C(=C/F)[C@H](F)C(F)F,3.870216899999999,3.4204195,187.63234770000003,308.31690311272763,4.495366742480579,0.3909901127333383,4,acyclic_C5,,
C/C(=C/F)[C@@H](F)C(F)F,3.870216899999999,3.4204195,187.63234770000003,308.31690311272763,4.495366742480579,0.3909901127333383,4,acyclic_C5,,
C/C(=C\F)[C@@H](F)C(F)F,3.870216899999999,3.4204195,187.63234770000003,308.31690311272763,4.495366742480579,0.3909901127333383,4,acyclic_C5,,
CC(CC(F)F)=C(F)F,3.8682756,3.4633559000000007,188.67980789999993,310.83833860354986,3.706056678554228,0.39102441143705174,4,acyclic_C5,,
C/C(=C/CF)C(F)(F)F,3.8503119000000017,3.2152370999999986,189.95219930000007,305.8285167360709,3.5148853498829,0.3918244357147474,4,acyclic_C5,,
C/C(=C\CF)C(F)(F)F,3.8503119000000017,3.2152370999999986,189.95219930000007,305.8285167360709,3.5148853498829,0.3918244357147474,4,acyclic_C5,,
FC/C(F)=C(/F)C(F)F,3.8530098999999995,3.204533099999998,188.47229180000002,303.49397926363866,4.116450384847935,0.3920418893546524,5,acyclic_C4,,
FC/C(F)=C(\F)C(F)F,3.8530098999999995,3.204533099999998,188.47229180000002,303.49397926363866,4.116450384847935,0.3920418893546524,5,acyclic_C4,,
C/C=C(/F)[C@@H](F)C(F)F,3.8728826999999986,3.3442720999999977,187.1612533,305.8871048826777,4.45428772150156,0.3927355154854459,4,acyclic_C5,,
C/C=C(/F)[C@H](F)C(F)F,3.8728826999999986,3.3442720999999977,187.1612533,305.8871048826777,4.45428772150156,0.3927355154854459,4,acyclic_C5,,
C/C=C(\F)[C@@H](F)C(F)F,3.8728826999999986,3.3442720999999977,187.1612533,305.8871048826777,4.45428772150156,0.3927355154854459,4,acyclic_C5,,
C/C=C(\F)[C@H](F)C(F)F,3.8728826999999986,3.3442720999999977,187.1612533,305.8871048826777,4.45428772150156,0.3927355154854459,4,acyclic_C5,,
C/C(F)=C(\CF)C(F)F,3.857411299999998,3.3597723999999998,193.51401930000003,315.0122826011912,4.055111923309472,0.3930016764433291,4,acyclic_C5,,
C/C(F)=C(/CF)C(F)F,3.857411299999998,3.3597723999999998,193.51401930000003,315.0122826011912,4.055111923309472,0.3930016764433291,4,acyclic_C5,,
CC(=C(F)F)[C@H](F)CF,3.8596058999999987,3.379749,193.32338310000006,315.3269573933561,4.379914994228831,0.39318952174879257,4,acyclic_C5,,
CC(=C(F)F)[C@@H](F)CF,3.8596058999999987,3.379749,193.32338310000006,315.3269573933561,4.379914994228831,0.39318952174879257,4,acyclic_C5,,
FC(F)=C(F)CC(F)F,3.8762670999999993,3.247416299999999,180.9146932,294.4154523025408,3.811161573659124,0.3943713268463497,5,acyclic_C4,,
FC(F)/C=C/C(F)(F)F,3.8779113999999995,3.235571499999998,178.40556890000005,290.4748813989413,3.5545419932395426,0.39524021440396284,5,acyclic_C4,,
FC(F)/C=C\C(F)(F)F,3.8779113999999995,3.235571499999998,178.40556890000005,290.4748813989413,3.5545419932395426,0.39524021440396284,5,acyclic_C4,,
C[C@H](C=C(F)F)C(F)F,3.8799686999999987,3.4487818999999997,190.07275959999998,313.10363529574596,4.297832476746313,0.3963679375329239,4,acyclic_C5,,
C[C@@H](C=C(F)F)C(F)F,3.8799686999999987,3.4487818999999997,190.07275959999998,313.10363529574596,4.297832476746313,0.3963679375329239,4,acyclic_C5,,
C[C@@H](F)/C(F)=C\C(F)F,3.8879242,3.4005998000000006,187.00589320000003,307.69157260727343,4.456811497725335,0.39701628502692576,4,acyclic_C5,,
C[C@H](F)/C(F)=C\C(F)F,3.8879242,3.4005998000000006,187.00589320000003,307.69157260727343,4.456811497725335,0.39701628502692576,4,acyclic_C5,,
C[C@@H](F)/C(F)=C/C(F)F,3.8879242,3.4005998000000006,187.00589320000003,307.69157260727343,4.456811497725335,0.39701628502692576,4,acyclic_C5,,
C[C@H](F)/C(F)=C/C(F)F,3.8879242,3.4005998000000006,187.00589320000003,307.69157260727343,4.456811497725335,0.39701628502692576,4,acyclic_C5,,
F/C(=C/C(F)F)C(F)F,3.8858273000000003,3.2520814999999983,181.3280396,295.52386466417323,4.046363671561222,0.39764625086317945,5,acyclic_C4,,
F/C(=C\C(F)F)C(F)F,3.8858273000000003,3.2520814999999983,181.3280396,295.52386466417323,4.046363671561222,0.39764625086317945,5,acyclic_C4,,
CC(F)(F)/C(=C/F)C(F)(F)F,3.8897522,3.3187722999999982,184.43901859999994,301.97603480732147,3.557789685409656,0.397785723706412,6,acyclic_C5,,
CC(F)(F)/C(=C\F)C(F)(F)F,3.8897522,3.3187722999999982,184.43901859999994,301.97603480732147,3.557789685409656,0.397785723706412,6,acyclic_C5,,
C/C(F)=C\C(F)(F)C(F)(F)F,3.8938634000000008,3.341878799999999,183.35882959999992,301.0908198953797,3.5089447149954545,0.39819072064259914,6,acyclic_C5,,
C/C(F)=C/C(F)(F)C(F)(F)F,3.8938634000000008,3.341878799999999,183.35882959999992,301.0908198953797,3.5089447149954545,0.39819072064259914,6,acyclic_C5,,
C/C(=C/C(F)(F)F)CF,3.882827900000001,3.3254301999999982,190.16272250000006,310.33885815730963,3.5881315037290538,0.3991510718681485,4,acyclic_C5,,
C/C(=C\C(F)(F)F)CF,3.882827900000001,3.3254301999999982,190.16272250000006,310.33885815730963,3.5881315037290538,0.3991510718681485,4,acyclic_C5,,
C[C@H](F)/C=C/C(F)(F)F,3.8931088000000016,3.3320671999999996,186.26580850000002,305.1503911863096,4.055254155067992,0.39961834223738474,4,acyclic_C5,,
C[C@@H](F)/C=C/C(F)(F)F,3.8931088000000016,3.3320671999999996,186.26580850000002,305.1503911863096,4.055254155067992,0.39961834223738474,4,acyclic_C5,,
C[C@H](F)/C=C\C(F)(F)F,3.8931088000000016,3.3320671999999996,186.26580850000002,305.1503911863096,4.055254155067992,0.39961834223738474,4,acyclic_C5,,
C[C@@H](F)/C=C\C(F)(F)F,3.8931088000000016,3.3320671999999996,186.26580850000002,305.1503911863096,4.055254155067992,0.39961834223738474,4,acyclic_C5,,
F/C=C\CCC(F)(F)F,3.8951192,3.3876356,186.83729709999997,307.4451275786329,3.2535203149178633,0.39962053139606285,4,acyclic_C5,,
F/C=C/CCC(F)(F)F,3.8951192,3.3876356,186.83729709999997,307.4451275786329,3.2535203149178633,0.39962053139606285,4,acyclic_C5,,
C/C(=C\F)C(F)(F)C(F)(F)F,3.900989300000001,3.3409375999999997,182.10111839999993,299.4850086701001,3.4500985611493,0.40032982667318023,6,acyclic_C5,,
C/C(=C/F)C(F)(F)C(F)(F)F,3.900989300000001,3.3409375999999997,182.10111839999993,299.4850086701001,3.4500985611493,0.40032982667318023,6,acyclic_C5,,
C[C@H](/C(F)=C\F)C(F)(F)F,3.898028599999999,3.3288664999999975,185.36904939999994,303.93949319314396,4.194112822210257,0.4009282643775509,5,acyclic_C5,,
C[C@H](/C(F)=C/F)C(F)(F)F,3.898028599999999,3.3288664999999975,185.36904939999994,303.93949319314396,4.194112822210257,0.4009282643775509,5,acyclic_C5,,
C[C@@H](/C(F)=C/F)C(F)(F)F,3.898028599999999,3.3288664999999975,185.36904939999994,303.93949319314396,4.194112822210257,0.4009282643775509,5,acyclic_C5,,
C[C@@H](/C(F)=C\F)C(F)(F)F,3.898028599999999,3.3288664999999975,185.36904939999994,303.93949319314396,4.194112822210257,0.4009282643775509,5,acyclic_C5,,
C/C(=C(/F)CF)C(F)(F)F,3.886969799999997,3.2726833999999974,190.38175120000002,309.5426660967454,3.614967443598591,0.4024990475021344,5,acyclic_C5,,
C/C(=C(\F)CF)C(F)(F)F,3.886969799999997,3.2726833999999974,190.38175120000002,309.5426660967454,3.614967443598591,0.4024990475021344,5,acyclic_C5,,
CC/C(F)=C(/F)C(F)F,3.9047236999999986,3.4102577,189.34449229999998,312.18940953503875,3.8778308044283536,0.4046680818664656,4,acyclic_C5,,
CC/C(F)=C(\F)C(F)F,3.9047236999999986,3.4102577,189.34449229999998,312.18940953503875,3.8778308044283536,0.4046680818664656,4,acyclic_C5,,
C/C(CF)=C(/F)C(F)F,3.8937837999999982,3.3387620999999994,192.9490386000001,315.3182111002415,3.9870895456870947,0.4055160197933622,4,acyclic_C5,,
C/C(CF)=C(\F)C(F)F,3.8937837999999982,3.3387620999999994,192.9490386000001,315.3182111002415,3.9870895456870947,0.4055160197933622,4,acyclic_C5,,
C/C(F)=C(\F)CC(F)F,3.9063464999999997,3.4106744000000004,189.97133409999998,313.214002009387,3.959862972260521,0.4057839430124307,4,acyclic_C5,,
C/C(F)=C(/F)CC(F)F,3.9063464999999997,3.4106744000000004,189.97133409999998,313.214002009387,3.959862972260521,0.4057839430124307,4,acyclic_C5,,
CCC(F)(F)/C(F)=C/F,3.9105726999999995,3.3823901999999997,188.96019070000006,311.192987353857,3.8191105247080737,0.4067428762193172,4,acyclic_C5,,
CCC(F)(F)/C(F)=C\F,3.9105726999999995,3.3823901999999997,188.96019070000006,311.192987353857,3.8191105247080737,0.4067428762193172,4,acyclic_C5,,
CCC(F)(F)C=C(F)F,3.910246199999999,3.4400856999999996,190.22764250000003,314.49590444849156,3.873116818414368,0.4072321281223755,4,acyclic_C5,,
CC[C@H](F)C(F)=C(F)F,3.9184257999999987,3.3861450000000004,187.30250910000004,309.1418467649177,4.290714294928133,0.4082389633503772,4,acyclic_C5,,
CC[C@@H](F)C(F)=C(F)F,3.9184257999999987,3.3861450000000004,187.30250910000004,309.1418467649177,4.290714294928133,0.4082389633503772,4,acyclic_C5,,
C/C(=C\C(F)F)C(F)(F)F,3.9199943999999998,3.351351899999999,185.65443879999995,305.88927996164256,3.447711674367821,0.4083738034584517,5,acyclic_C5,,
C/C(=C/C(F)F)C(F)(F)F,3.9199943999999998,3.351351899999999,185.65443879999995,305.88927996164256,3.447711674367821,0.4083738034584517,5,acyclic_C5,,
FC(F)=CC(F)(F)C(F)(F)F,3.9238712,3.3267765000000007,176.35978130000007,291.49489966186684,3.5771849516818452,0.4084913976769362,7,acyclic_C4,,
C/C(=C\F)[C@H](F)C(F)(F)F,3.9248257999999994,3.3629060999999982,184.1233683,304.0667873995087,4.19153974528718,0.4091110844980482,5,acyclic_C5,,
C/C(=C/F)[C@H](F)C(F)(F)F,3.9248257999999994,3.3629060999999982,184.1233683,304.0667873995087,4.19153974528718,0.4091110844980482,5,acyclic_C5,,
C/C(=C/F)[C@@H](F)C(F)(F)F,3.9248257999999994,3.3629060999999982,184.1233683,304.0667873995087,4.19153974528718,0.4091110844980482,5,acyclic_C5,,
C/C(=C\F)[C@@H](F)C(F)(F)F,3.9248257999999994,3.3629060999999982,184.1233683,304.0667873995087,4.19153974528718,0.4091110844980482,5,acyclic_C5,,
C/C(CF)=C(/F)C(F)(F)F,3.922094099999998,3.312559599999998,187.66732370000003,308.0513338778753,3.572696289752436,0.4113411235321495,5,acyclic_C5,,
C/C(CF)=C(\F)C(F)(F)F,3.922094099999998,3.312559599999998,187.66732370000003,308.0513338778753,3.572696289752436,0.4113411235321495,5,acyclic_C5,,
FC/C=C/C(F)(F)CF,3.9044405999999974,3.3149334999999995,196.77279800000008,320.9023657532238,4.286515632643618,0.4146419075034026,4,acyclic_C5,,
FC/C=C\C(F)(F)CF,3.9044405999999974,3.3149334999999995,196.77279800000008,320.9023657532238,4.286515632643618,0.4146419075034026,4,acyclic_C5,,
CC(F)(F)CC=C(F)F,3.9254843999999984,3.3649231000000004,192.19404810000003,316.2844550333901,3.685822412819963,0.4152843500901206,4,acyclic_C5,,
C/C(=C(\F)CF)C(F)F,3.9254411999999985,3.367869100000001,192.98023170000008,317.5590688881927,3.975861573659124,0.41605855112535245,4,acyclic_C5,,
C/C(=C(/F)CF)C(F)F,3.9254411999999985,3.367869100000001,192.98023170000008,317.5590688881927,3.975861573659124,0.41605855112535245,4,acyclic_C5,,
C/C(=C/C(F)(F)F)C(F)F,3.942288500000001,3.3509881000000004,185.57617089999997,306.7387794171145,3.4736385974447437,0.4162726122469692,5,acyclic_C5,,
C/C(=C\C(F)(F)F)C(F)F,3.942288500000001,3.3509881000000004,185.57617089999997,306.7387794171145,3.4736385974447437,0.4162726122469692,5,acyclic_C5,,
CC(F)(F)/C=C\C(F)F,3.935966099999999,3.388889000000002,190.74416970000016,315.1735782103727,3.780435699533249,0.4171895450021976,4,acyclic_C5,,
CC(F)(F)/C=C/C(F)F,3.935966099999999,3.388889000000002,190.74416970000016,315.1735782103727,3.780435699533249,0.4171895450021976,4,acyclic_C5,,
CC/C(F)=C(/F)C(F)(F)F,3.9472880999999984,3.3599789999999983,185.76597409999994,307.4619790881063,3.4725424435985897,0.4179810073747006,5,acyclic_C5,,
CC/C(F)=C(\F)C(F)(F)F,3.9472880999999984,3.3599789999999983,185.76597409999994,307.4619790881063,3.4725424435985897,0.4179810073747006,5,acyclic_C5,,
C[C@H](C=C(F)F)C(F)(F)F,3.9500526,3.398829399999999,186.0409487999999,308.9420977119586,4.010316668364102,0.41855324448955467,5,acyclic_C5,,
C[C@@H](C=C(F)F)C(F)(F)F,3.9500526,3.398829399999999,186.0409487999999,308.9420977119586,4.010316668364102,0.41855324448955467,5,acyclic_C5,,
C[C@H](F)C(=C(F)F)C(F)(F)F,3.9482213,3.393454699999999,187.60230909999999,311.0938299799578,4.111219383547949,0.4189431774107118,6,acyclic_C5,,
C[C@@H](F)C(=C(F)F)C(F)(F)F,3.9482213,3.393454699999999,187.60230909999999,311.0938299799578,4.111219383547949,0.4189431774107118,6,acyclic_C5,,
C/C(F)=C(\F)CC(F)(F)F,3.958895099999998,3.348879099999999,184.8042220999999,306.2462628734699,3.5329116743678206,0.4218393665077025,5,acyclic_C5,,
C/C(F)=C(/F)CC(F)(F)F,3.958895099999998,3.348879099999999,184.8042220999999,306.2462628734699,3.5329116743678206,0.4218393665077025,5,acyclic_C5,,
F/C=C/C(F)(F)CCF,3.9424821999999993,3.371009699999998,193.47783170000017,319.13299819411617,4.152466803212178,0.42253627842036784,4,acyclic_C5,,
F/C=C\C(F)(F)CCF,3.9424821999999993,3.371009699999998,193.47783170000017,319.13299819411617,4.152466803212178,0.42253627842036784,4,acyclic_C5,,
C/C(F)=C(\C(F)F)C(F)(F)F,3.9601903999999997,3.3347538999999995,185.45919509999987,306.94731803906427,3.71356956706646,0.4229359143072341,6,acyclic_C5,,
C/C(F)=C(/C(F)F)C(F)(F)F,3.9601903999999997,3.3347538999999995,185.45919509999987,306.94731803906427,3.71356956706646,0.4229359143072341,6,acyclic_C5,,
C/C(F)=C\[C@H](F)C(F)(F)F,3.9635498999999994,3.339618899999999,183.49915179999994,304.24166199517,4.297537822210257,0.4231429141457449,5,acyclic_C5,,
C/C(F)=C\[C@@H](F)C(F)(F)F,3.9635498999999994,3.339618899999999,183.49915179999994,304.24166199517,4.297537822210257,0.4231429141457449,5,acyclic_C5,,
C/C(F)=C/[C@@H](F)C(F)(F)F,3.9635498999999994,3.339618899999999,183.49915179999994,304.24166199517,4.297537822210257,0.4231429141457449,5,acyclic_C5,,
C/C(F)=C/[C@H](F)C(F)(F)F,3.9635498999999994,3.339618899999999,183.49915179999994,304.24166199517,4.297537822210257,0.4231429141457449,5,acyclic_C5,,
C=CC(F)(F)C(F)(F)CF,3.9384252,3.324370600000001,194.54089430000008,319.3701230209008,3.5536059051370517,0.42331244367666104,5,acyclic_C5,,
C[C@@H](F)/C=C(/F)C(F)(F)F,3.959705999999999,3.319456199999999,186.51902659999996,308.1495049584177,4.130253206825642,0.4237363538688203,5,acyclic_C5,,
C[C@H](F)/C=C(/F)C(F)(F)F,3.959705999999999,3.319456199999999,186.51902659999996,308.1495049584177,4.130253206825642,0.4237363538688203,5,acyclic_C5,,
C[C@@H](F)/C=C(\F)C(F)(F)F,3.959705999999999,3.319456199999999,186.51902659999996,308.1495049584177,4.130253206825642,0.4237363538688203,5,acyclic_C5,,
C[C@H](F)/C=C(\F)C(F)(F)F,3.959705999999999,3.319456199999999,186.51902659999996,308.1495049584177,4.130253206825642,0.4237363538688203,5,acyclic_C5,,
CC=C(C(F)(F)F)C(F)(F)F,3.9703928000000013,3.4084035999999998,181.19723239999996,302.72979757395933,3.2653216380723773,0.42385688079513956,6,acyclic_C5,,
C=CC(F)(C(F)F)C(F)F,3.9687571999999993,3.394050499999999,183.60429280000005,305.94828433880116,3.9762943666755124,0.4241224701029736,5,acyclic_C5,,
C=C(CCF)C(F)(F)F,3.9583664000000005,3.3184211999999995,188.80153090000005,311.50416444808883,3.573347587645138,0.4248467806177035,4,acyclic_C5,,
F/C=C(/F)[C@@H](F)C(F)(F)F,3.9662519999999994,3.2443330999999995,180.36631629999997,297.3407154829682,4.409899360671795,0.42630941146530527,6,acyclic_C4,,
F/C=C(/F)[C@H](F)C(F)(F)F,3.9662519999999994,3.2443330999999995,180.36631629999997,297.3407154829682,4.409899360671795,0.42630941146530527,6,acyclic_C4,,
F/C=C(\F)[C@@H](F)C(F)(F)F,3.9662519999999994,3.2443330999999995,180.36631629999997,297.3407154829682,4.409899360671795,0.42630941146530527,6,acyclic_C4,,
F/C=C(\F)[C@H](F)C(F)(F)F,3.9662519999999994,3.2443330999999995,180.36631629999997,297.3407154829682,4.409899360671795,0.42630941146530527,6,acyclic_C4,,
C[C@H](F)/C(F)=C\C(F)(F)F,3.9651062999999986,3.281197399999998,186.38113489999995,307.2364207389637,4.102976283748719,0.4267152539887307,5,acyclic_C5,,
C[C@@H](F)/C(F)=C\C(F)(F)F,3.9651062999999986,3.281197399999998,186.38113489999995,307.2364207389637,4.102976283748719,0.4267152539887307,5,acyclic_C5,,
C[C@H](F)/C(F)=C/C(F)(F)F,3.9651062999999986,3.281197399999998,186.38113489999995,307.2364207389637,4.102976283748719,0.4267152539887307,5,acyclic_C5,,
C[C@@H](F)/C(F)=C/C(F)(F)F,3.9651062999999986,3.281197399999998,186.38113489999995,307.2364207389637,4.102976283748719,0.4267152539887307,5,acyclic_C5,,
C=C(CC(F)(F)F)C(F)F,3.9687584000000005,3.3503322999999976,187.55186550000002,310.86563640909884,3.4344597512908974,0.42689163291352245,5,acyclic_C5,,
FC(F)=C(C(F)F)C(F)(F)F,3.9763659000000002,3.3002457000000005,175.9141735,292.37620018491435,3.746310395468827,0.4280290788486354,7,acyclic_C4,,
FCC/C=C/C(F)(F)F,3.9712205,3.3532342999999987,188.18355570000014,311.99978275479253,3.380778508897797,0.42814581630580767,4,acyclic_C5,,
FCC/C=C\C(F)(F)F,3.9712205,3.3532342999999987,188.18355570000014,311.99978275479253,3.380778508897797,0.42814581630580767,4,acyclic_C5,,
C/C=C(\F)[C@@H](F)C(F)(F)F,3.9752571999999993,3.3229630999999977,185.31252709999993,307.0917834161659,4.153883976056411,0.4285068604202634,5,acyclic_C5,,
C/C=C(/F)[C@@H](F)C(F)(F)F,3.9752571999999993,3.3229630999999977,185.31252709999993,307.0917834161659,4.153883976056411,0.4285068604202634,5,acyclic_C5,,
C/C=C(/F)[C@H](F)C(F)(F)F,3.9752571999999993,3.3229630999999977,185.31252709999993,307.0917834161659,4.153883976056411,0.4285068604202634,5,acyclic_C5,,
C/C=C(\F)[C@H](F)C(F)(F)F,3.9752571999999993,3.3229630999999977,185.31252709999993,307.0917834161659,4.153883976056411,0.4285068604202634,5,acyclic_C5,,
C[C@H](C(F)=C(F)F)C(F)(F)F,3.9786338000000008,3.376774099999999,185.15626099999992,308.3129579074367,4.054609916092328,0.42855443653232145,6,acyclic_C5,,
C[C@@H](C(F)=C(F)F)C(F)(F)F,3.9786338000000008,3.376774099999999,185.15626099999992,308.3129579074367,4.054609916092328,0.42855443653232145,6,acyclic_C5,,
C=C[C@H](C(F)F)C(F)(F)F,3.9794837000000007,3.3103691999999985,181.6343928,301.4225077253937,4.054382052979487,0.42898962634774807,5,acyclic_C5,,
C=C[C@@H](C(F)F)C(F)(F)F,3.9794837000000007,3.3103691999999985,181.6343928,301.4225077253937,4.054382052979487,0.42898962634774807,5,acyclic_C5,,
CC(F)(F)/C(=C/F)C(F)F,3.968927800000001,3.3988519999999993,191.03619140000006,317.361034679042,3.9169866743678208,0.4289897231761359,5,acyclic_C5,,
CC(F)(F)/C(=C\F)C(F)F,3.968927800000001,3.3988519999999993,191.03619140000006,317.361034679042,3.9169866743678208,0.4289897231761359,5,acyclic_C5,,
FC(F)=C(F)CC(F)(F)F,3.9836432999999984,3.3353066999999985,178.69382629999996,297.72220868210667,3.3966020589832056,0.42947331246685316,6,acyclic_C4,,
CC(CC(F)(F)F)=C(F)F,3.984522499999999,3.4058306,184.65883639999993,308.5166070471106,3.3002559051370515,0.430075460573393,5,acyclic_C5,,
C=CC(F)(C(F)(F)F)C(F)(F)F,3.9877560000000005,3.3903178000000014,180.5637694000001,302.06756426162116,3.3132030998693764,0.43014797874280425,7,acyclic_C5,,
F/C(=C\C(F)(F)F)C(F)(F)F,3.9798862999999995,3.2684642000000004,175.5316269000001,291.19338492324806,3.38236956706646,0.43040048667608277,7,acyclic_C4,,
F/C(=C/C(F)(F)F)C(F)(F)F,3.9798862999999995,3.2684642000000004,175.5316269000001,291.19338492324806,3.38236956706646,0.43040048667608277,7,acyclic_C4,,
C=C(C)[C@H](F)C(F)(F)F,3.975331900000001,3.2732230999999983,186.25054669999992,307.28758556055345,3.7994299792438166,0.43053346921083074,4,acyclic_C5,,
C=C(C)[C@@H](F)C(F)(F)F,3.975331900000001,3.2732230999999983,186.25054669999992,307.28758556055345,3.7994299792438166,0.43053346921083074,4,acyclic_C5,,
C=CC(F)(F)[C@H](F)C(F)(F)F,3.9851207000000013,3.3235067,181.88600329999997,302.3672208269008,3.8754513362106717,0.4307145581411924,6,acyclic_C5,,
C=CC(F)(F)[C@@H](F)C(F)(F)F,3.9851207000000013,3.3235067,181.88600329999997,302.3672208269008,3.8754513362106717,0.4307145581411924,6,acyclic_C5,,
C/C(=C\C(F)(F)F)C(F)(F)F,3.9907848000000006,3.367152199999999,180.40524489999999,301.3970636854155,3.263883768249892,0.43153945257050524,6,acyclic_C5,,
C/C(=C/C(F)(F)F)C(F)(F)F,3.9907848000000006,3.367152199999999,180.40524489999999,301.3970636854155,3.263883768249892,0.43153945257050524,6,acyclic_C5,,
FC/C(F)=C(\F)C(F)(F)F,3.9776235999999985,3.215715299999998,180.75226100000003,297.7084139100768,3.6912770589832054,0.4316413505851533,6,acyclic_C4,,
FC/C(F)=C(/F)C(F)(F)F,3.9776235999999985,3.215715299999998,180.75226100000003,297.7084139100768,3.6912770589832054,0.4316413505851533,6,acyclic_C4,,
C=C(CF)C(F)(F)C(F)(F)F,3.986206300000002,3.3129205999999995,183.4459098000001,304.48885352547967,3.4646050700250406,0.4318573588185184,6,acyclic_C5,,
C=C(C)[C@H](F)C(F)F,3.9811041000000014,3.3004851000000026,186.9038087,309.19595340934626,4.116704518643185,0.4320888483692874,3,acyclic_C5,,
C=C(C)[C@@H](F)C(F)F,3.9811041000000014,3.3004851000000026,186.9038087,309.19595340934626,4.116704518643185,0.4320888483692874,3,acyclic_C5,,
C/C(=C(/F)C(F)F)C(F)(F)F,3.9889023,3.330796399999999,184.60634329999993,306.8039803860823,3.552757141030958,0.4328366081712814,6,acyclic_C5,,
C/C(=C(\F)C(F)F)C(F)(F)F,3.9889023,3.330796399999999,184.60634329999993,306.8039803860823,3.552757141030958,0.4328366081712814,6,acyclic_C5,,
FC/C=C/CC(F)(F)F,3.977865099999997,3.249080099999998,187.57205800000008,308.7863008248075,3.48676780655666,0.4331385266574343,4,acyclic_C5,,
FC/C=C\CC(F)(F)F,3.977865099999997,3.249080099999998,187.57205800000008,308.7863008248075,3.48676780655666,0.4331385266574343,4,acyclic_C5,,
FC(F)=C[C@H](F)C(F)(F)F,4.0018611,3.2572623999999992,179.7984605,298.2909853162626,4.3036993606717955,0.43838244665637605,6,acyclic_C4,,
FC(F)=C[C@@H](F)C(F)(F)F,4.0018611,3.2572623999999992,179.7984605,298.2909853162626,4.3036993606717955,0.43838244665637605,6,acyclic_C4,,
C=C(CF)[C@H](F)C(F)(F)F,4.0010726,3.2991190999999973,186.3754318,309.2308662959973,4.205772437594872,0.4388981342520738,5,acyclic_C5,,
C=C(CF)[C@@H](F)C(F)(F)F,4.0010726,3.2991190999999973,186.3754318,309.2308662959973,4.205772437594872,0.4388981342520738,5,acyclic_C5,,
CC/C=C(\F)C(F)(F)F,3.9869298,3.1857132000000004,187.31094599999994,307.2051261045223,3.318962272959822,0.4390183063748957,4,acyclic_C5,,
CC/C=C(/F)C(F)(F)F,3.9869298,3.1857132000000004,187.31094599999994,307.2051261045223,3.318962272959822,0.4390183063748957,4,acyclic_C5,,
C[C@](F)(C=C(F)F)C(F)(F)F,4.012467300000001,3.4963432999999986,182.1793856,308.0943333066884,4.135210507808304,0.43915722034785215,6,acyclic_C5,,
C[C@@](F)(C=C(F)F)C(F)(F)F,4.012467300000001,3.4963432999999986,182.1793856,308.0943333066884,4.135210507808304,0.43915722034785215,6,acyclic_C5,,
C=C([C@@H](F)CF)C(F)(F)F,4.0080480000000005,3.295469699999997,187.16942470000006,310.64489044077186,4.1150166683641025,0.4419510318642078,5,acyclic_C5,,
C=C([C@H](F)CF)C(F)(F)F,4.0080480000000005,3.295469699999997,187.16942470000006,310.64489044077186,4.1150166683641025,0.4419510318642078,5,acyclic_C5,,
C=CC(F)(F)C(F)(F)C(F)F,4.013838800000001,3.3094324000000004,183.9054461,306.28847407256643,3.4499121706167557,0.44196514896179473,6,acyclic_C5,,
CC(=C(F)F)C(F)(F)CF,3.9964626999999995,3.349233999999999,193.86840720000012,321.626970097702,3.865732828213975,0.44229032320753103,5,acyclic_C5,,
C=C(C(F)(F)F)C(F)(F)CF,4.016840900000002,3.2986841999999994,184.10617990000006,306.4584415128326,3.7657748925102474,0.4434145230542679,6,acyclic_C5,,
C[C@@](F)(C=C(F)F)C(F)F,4.021051600000001,3.397082900000001,187.97656259999997,314.952617858259,4.396116668364103,0.4450552174491399,5,acyclic_C5,,
C[C@](F)(C=C(F)F)C(F)F,4.021051600000001,3.397082900000001,187.97656259999997,314.952617858259,4.396116668364103,0.4450552174491399,5,acyclic_C5,,
CC(F)(F)/C=C/C(F)(F)F,4.0248992,3.3115341000000003,181.7538051,303.5209758137276,3.51049244359859,0.44518176670628296,5,acyclic_C5,,
CC(F)(F)/C=C\C(F)(F)F,4.0248992,3.3115341000000003,181.7538051,303.5209758137276,3.51049244359859,0.44518176670628296,5,acyclic_C5,,
F/C(=C\C(F)(F)F)C(F)F,4.019883099999998,3.225996899999999,179.91175750000002,298.4572417268348,3.6919982128293594,0.4460404012892107,6,acyclic_C4,,
F/C(=C/C(F)(F)F)C(F)F,4.019883099999998,3.225996899999999,179.91175750000002,298.4572417268348,3.6919982128293594,0.4460404012892107,6,acyclic_C4,,
C=C(F)CCC(F)(F)F,4.011237499999998,3.3556846,193.6181356,322.079321983629,3.1965874477849976,0.44708445141578157,4,acyclic_C5,,
CC(F)(F)/C(F)=C\C(F)(F)F,4.0360633,3.3516565999999988,182.08368299999995,305.4821077275688,3.573851223871193,0.4483402101014605,6,acyclic_C5,,
CC(F)(F)/C(F)=C/C(F)(F)F,4.0360633,3.3516565999999988,182.08368299999995,305.4821077275688,3.573851223871193,0.4483402101014605,6,acyclic_C5,,
C=C(CC(F)F)C(F)(F)F,4.0313792,3.3311168999999996,185.75966139999997,310.3922881297161,3.588959751290899,0.4485065198871166,5,acyclic_C5,,
FC(F)=C(C(F)F)C(F)F,4.0339031,3.2744991999999993,177.5877977000001,296.66738499001366,4.089123212829358,0.44913625406455693,6,acyclic_C4,,
C[C@@](F)(CF)C(F)=C(F)F,4.020424299999999,3.3531235999999995,192.5989318000001,320.8713004526392,4.347424360671797,0.44931453541462674,5,acyclic_C5,,
C[C@](F)(CF)C(F)=C(F)F,4.020424299999999,3.3531235999999995,192.5989318000001,320.8713004526392,4.347424360671797,0.44931453541462674,5,acyclic_C5,,
C=C[C@@H](F)[C@H](F)C(F)(F)F,4.037816000000001,3.3169608999999993,181.93531039999993,304.4817756492792,4.349898796287354,0.4496927924803318,5,acyclic_C5,,
C=C[C@@H](F)[C@@H](F)C(F)(F)F,4.037816000000001,3.3169608999999993,181.93531039999993,304.4817756492792,4.349898796287354,0.4496927924803318,5,acyclic_C5,,
C=C[C@H](F)[C@H](F)C(F)(F)F,4.037816000000001,3.3169608999999993,181.93531039999993,304.4817756492792,4.349898796287354,0.4496927924803318,5,acyclic_C5,,
C=C[C@H](F)[C@@H](F)C(F)(F)F,4.037816000000001,3.3169608999999993,181.93531039999993,304.4817756492792,4.349898796287354,0.4496927924803318,5,acyclic_C5,,
C=C(C(F)F)C(F)(F)CF,4.024439699999999,3.3494541000000004,192.87908170000006,321.38600298231717,3.960665520521667,0.4510763918489501,5,acyclic_C5,,
C/C(=C(\F)C(F)(F)F)C(F)F,4.042533099999999,3.3360288999999996,184.37300129999997,308.87486683357525,3.5042370226877626,0.45173005563601637,6,acyclic_C5,,
C/C(=C(/F)C(F)(F)F)C(F)F,4.042533099999999,3.3360288999999996,184.37300129999997,308.87486683357525,3.5042370226877626,0.45173005563601637,6,acyclic_C5,,
CC(=C(F)F)[C@H](F)C(F)(F)F,4.0480977000000005,3.3796790999999997,184.58965339999997,310.5108842446232,4.041802223784636,0.4530433052737237,6,acyclic_C5,,
CC(=C(F)F)[C@@H](F)C(F)(F)F,4.0480977000000005,3.3796790999999997,184.58965339999997,310.5108842446232,4.041802223784636,0.4530433052737237,6,acyclic_C5,,
C/C=C(\F)C(F)(F)C(F)F,4.043782299999999,3.344476199999999,187.0616708,313.24516877521654,3.6870309051370516,0.4533575518899691,5,acyclic_C5,,
C/C=C(/F)C(F)(F)C(F)F,4.043782299999999,3.344476199999999,187.0616708,313.24516877521654,3.6870309051370516,0.4533575518899691,5,acyclic_C5,,
C=C(F)[C@](F)(CF)C(F)(F)F,4.047910000000001,3.2962228,185.00969630000003,309.0973077823742,4.149338910175167,0.4549220893663961,6,acyclic_C5,,
C=C(F)[C@@](F)(CF)C(F)(F)F,4.047910000000001,3.2962228,185.00969630000003,309.0973077823742,4.149338910175167,0.4549220893663961,6,acyclic_C5,,
CC(F)=C(C(F)F)C(F)F,4.053513299999999,3.3681037999999996,185.6198393,312.0410925175157,4.053653982060128,0.45561757464411895,5,acyclic_C5,,
C[C@@H](F)C(=C(F)F)C(F)F,4.049318399999999,3.3805774999999993,188.5596437,316.67490904277525,4.449707052979487,0.45569838454802397,5,acyclic_C5,,
C[C@H](F)C(=C(F)F)C(F)F,4.049318399999999,3.3805774999999993,188.5596437,316.67490904277525,4.449707052979487,0.45569838454802397,5,acyclic_C5,,
C=CC(F)(F)[C@@H](F)C(F)F,4.060778799999999,3.3646701999999995,185.57658350000005,312.201844774466,4.259766668364103,0.4582411003463101,5,acyclic_C5,,
C=CC(F)(F)[C@H](F)C(F)F,4.060778799999999,3.3646701999999995,185.57658350000005,312.201844774466,4.259766668364103,0.4582411003463101,5,acyclic_C5,,
F/C(=C\C(F)F)C(F)(F)F,4.058109699999999,3.246326699999999,179.40377190000004,299.7653849671308,3.6768597512908983,0.4587536179965528,6,acyclic_C4,,
F/C(=C/C(F)F)C(F)(F)F,4.058109699999999,3.246326699999999,179.40377190000004,299.7653849671308,3.6768597512908983,0.4587536179965528,6,acyclic_C4,,
C/C(=C/F)C(F)(F)C(F)F,4.0539002,3.3235407000000006,189.4590927,316.8294963989054,3.772721289752436,0.4590232178829694,5,acyclic_C5,,
C/C(=C\F)C(F)(F)C(F)F,4.0539002,3.3235407000000006,189.4590927,316.8294963989054,3.772721289752436,0.4590232178829694,5,acyclic_C5,,
FCC(F)(F)C(F)=C(F)F,4.056802399999999,3.2310518999999984,183.2988031000001,305.26144838270164,3.9359962897524365,0.4596608770210672,6,acyclic_C4,,
C=C[C@@H](F)C(F)(F)C(F)F,4.065427699999999,3.316126899999999,183.11353230000003,307.432266291103,4.35915897605641,0.4598949846780259,5,acyclic_C5,,
C=C[C@H](F)C(F)(F)C(F)F,4.065427699999999,3.316126899999999,183.11353230000003,307.432266291103,4.35915897605641,0.4598949846780259,5,acyclic_C5,,
CC(=C(F)F)[C@@H](F)C(F)F,4.0683092,3.383113299999999,185.5407334,312.9219888397049,4.303289745287179,0.46064631924626503,5,acyclic_C5,,
CC(=C(F)F)[C@H](F)C(F)F,4.0683092,3.383113299999999,185.5407334,312.9219888397049,4.303289745287179,0.46064631924626503,5,acyclic_C5,,
C/C(F)=C(/F)[C@H](F)C(F)(F)F,4.069247000000001,3.3393678999999996,183.999574,309.52032778263333,4.221056661654458,0.4610398146454191,6,acyclic_C5,,
C/C(F)=C(\F)[C@H](F)C(F)(F)F,4.069247000000001,3.3393678999999996,183.999574,309.52032778263333,4.221056661654458,0.4610398146454191,6,acyclic_C5,,
C/C(F)=C(\F)[C@@H](F)C(F)(F)F,4.069247000000001,3.3393678999999996,183.999574,309.52032778263333,4.221056661654458,0.4610398146454191,6,acyclic_C5,,
C/C(F)=C(/F)[C@@H](F)C(F)(F)F,4.069247000000001,3.3393678999999996,183.999574,309.52032778263333,4.221056661654458,0.4610398146454191,6,acyclic_C5,,
CC(F)(F)CC(F)=C(F)F,4.0696227999999985,3.397640800000001,189.18670730000002,318.936323099479,3.6474597512908984,0.4631632943357297,5,acyclic_C5,,
C=C([C@H](F)C(F)F)C(F)(F)F,4.073612900000001,3.3042860999999983,183.8873827,308.6719569388984,4.068855478222506,0.4633839320903589,6,acyclic_C5,,
C=C([C@@H](F)C(F)F)C(F)(F)F,4.073612900000001,3.3042860999999983,183.8873827,308.6719569388984,4.068855478222506,0.4633839320903589,6,acyclic_C5,,
CC(F)(F)/C=C(/F)C(F)(F)F,4.081136,3.419279299999999,182.24575969999998,309.26443523815686,3.529857732746934,0.46367576546701134,6,acyclic_C5,,
CC(F)(F)/C=C(\F)C(F)(F)F,4.081136,3.419279299999999,182.24575969999998,309.26443523815686,3.529857732746934,0.46367576546701134,6,acyclic_C5,,
C=C(F)[C@@H](CF)C(F)(F)F,4.069570700000001,3.270089199999997,186.86869590000006,312.2104977766378,4.264860899133334,0.46436854133018785,5,acyclic_C5,,
C=C(F)[C@H](CF)C(F)(F)F,4.069570700000001,3.270089199999997,186.86869590000006,312.2104977766378,4.264860899133334,0.46436854133018785,5,acyclic_C5,,
C=C(C(F)F)[C@H](F)C(F)(F)F,4.077030200000001,3.301181899999999,183.5591282,308.2370555843826,4.150627667571618,0.4645676511883172,6,acyclic_C5,,
C=C(C(F)F)[C@@H](F)C(F)(F)F,4.077030200000001,3.301181899999999,183.5591282,308.2370555843826,4.150627667571618,0.4645676511883172,6,acyclic_C5,,
C=C(F)[C@@H](F)CC(F)(F)F,4.0756446,3.288576899999998,185.51484240000002,310.86308568832976,4.102139745287179,0.46523791063082537,5,acyclic_C5,,
C=C(F)[C@H](F)CC(F)(F)F,4.0756446,3.288576899999998,185.51484240000002,310.86308568832976,4.102139745287179,0.46523791063082537,5,acyclic_C5,,
C=C(C(F)F)[C@@H](F)C(F)F,4.082158300000001,3.3777266999999993,186.25567310000002,314.482223372181,4.42118397605641,0.46601729015201454,5,acyclic_C5,,
C=C(C(F)F)[C@H](F)C(F)F,4.082158300000001,3.3777266999999993,186.25567310000002,314.482223372181,4.42118397605641,0.46601729015201454,5,acyclic_C5,,
CC(F)=C(C(F)(F)F)C(F)(F)F,4.095268999999999,3.475003099999999,182.171281,311.08775375832937,3.3072937592100367,0.46866780830397725,7,acyclic_C5,,
C/C(F)=C/C(F)(F)C(F)F,4.0819014,3.306302,188.70901690000002,316.4588230452788,3.916969366675514,0.46882809874547615,5,acyclic_C5,,
C/C(F)=C\C(F)(F)C(F)F,4.0819014,3.306302,188.70901690000002,316.4588230452788,3.916969366675514,0.46882809874547615,5,acyclic_C5,,
FC(F)=C(C(F)(F)F)C(F)(F)F,4.088788699999999,3.3492952000000007,170.37851590000008,289.55173315212147,3.277457311404029,0.4689630107835123,8,acyclic_C4,,
C[C@H](F)C(F)(F)C=C(F)F,4.088250700000001,3.3466343999999992,188.04396960000003,316.7281698441166,4.384901283748719,0.4697328294686718,5,acyclic_C5,,
C[C@@H](F)C(F)(F)C=C(F)F,4.088250700000001,3.3466343999999992,188.04396960000003,316.7281698441166,4.384901283748719,0.4697328294686718,5,acyclic_C5,,
F/C=C(\F)C(F)(F)C(F)F,4.0933386999999986,3.256990499999999,180.07279730000005,302.51855122444937,3.8752809051370516,0.47095533039753823,6,acyclic_C4,,
F/C=C(/F)C(F)(F)C(F)F,4.0933386999999986,3.256990499999999,180.07279730000005,302.51855122444937,3.8752809051370516,0.47095533039753823,6,acyclic_C4,,
C=C(CF)C(F)(F)C(F)F,4.0859480999999995,3.2850332999999994,191.2589111000001,320.0,3.788436674367821,0.4728146025684911,5,acyclic_C5,,
C/C(F)=C(/F)[C@H](F)C(F)F,4.0997927999999995,3.3564728999999986,186.64001340000002,315.3031373377527,4.497482052979488,0.47283028434867674,5,acyclic_C5,,
C/C(F)=C(/F)[C@@H](F)C(F)F,4.0997927999999995,3.3564728999999986,186.64001340000002,315.3031373377527,4.497482052979488,0.47283028434867674,5,acyclic_C5,,
C/C(F)=C(\F)[C@H](F)C(F)F,4.0997927999999995,3.3564728999999986,186.64001340000002,315.3031373377527,4.497482052979488,0.47283028434867674,5,acyclic_C5,,
C/C(F)=C(\F)[C@@H](F)C(F)F,4.0997927999999995,3.3564728999999986,186.64001340000002,315.3031373377527,4.497482052979488,0.47283028434867674,5,acyclic_C5,,
CCC(F)(F)C(F)=C(F)F,4.095762299999999,3.408659099999998,190.02376330000004,321.6515551322519,3.598496289752436,0.4729761239288928,5,acyclic_C5,,
C[C@@H](C(F)=C(F)F)C(F)F,4.105338,3.413247600000001,185.80659239999994,315.6543330517626,4.361224360671794,0.4737004133904576,5,acyclic_C5,,
C[C@H](C(F)=C(F)F)C(F)F,4.105338,3.413247600000001,185.80659239999994,315.6543330517626,4.361224360671794,0.4737004133904576,5,acyclic_C5,,
F/C(=C(/F)C(F)(F)F)C(F)(F)F,4.102769999999999,3.307763800000002,172.71699750000013,292.7678377871604,2.9865352914686927,0.47378277950813125,8,acyclic_C4,,
F/C(=C(\F)C(F)(F)F)C(F)(F)F,4.102769999999999,3.307763800000002,172.71699750000013,292.7678377871604,2.9865352914686927,0.47378277950813125,8,acyclic_C4,,
C=CC(F)(F)CC(F)(F)F,4.105252199999999,3.3083029999999978,182.41096549999992,307.8312951462719,3.468002058983206,0.4740911782313568,5,acyclic_C5,,
F/C=C(\CCF)C(F)(F)F,4.100437299999999,3.3165387999999996,187.23838260000005,315.2573373382662,3.8078625974447444,0.47421490602680266,5,acyclic_C5,,
F/C=C(/CCF)C(F)(F)F,4.100437299999999,3.3165387999999996,187.23838260000005,315.2573373382662,3.8078625974447444,0.47421490602680266,5,acyclic_C5,,
CC(F)(F)[C@H](F)C=C(F)F,4.104444599999999,3.3687522000000003,187.9983528,317.88189038973906,4.384803206825641,0.47509081509863643,5,acyclic_C5,,
CC(F)(F)[C@@H](F)C=C(F)F,4.104444599999999,3.3687522000000003,187.9983528,317.88189038973906,4.384803206825641,0.47509081509863643,5,acyclic_C5,,
FC(F)=C(F)[C@@H](F)C(F)(F)F,4.108285500000001,3.265410500000001,176.83414140000005,298.3323299840251,4.253797490056824,0.4759882964380947,7,acyclic_C4,,
FC(F)=C(F)[C@H](F)C(F)(F)F,4.108285500000001,3.265410500000001,176.83414140000005,298.3323299840251,4.253797490056824,0.4759882964380947,7,acyclic_C4,,
FC(F)(F)/C=C/CC(F)(F)F,4.116258900000001,3.3918077000000006,182.3775807999999,310.2765100220361,3.1606413619382554,0.4765107083118888,6,acyclic_C5,,
FC(F)(F)/C=C\CC(F)(F)F,4.116258900000001,3.3918077000000006,182.3775807999999,310.2765100220361,3.1606413619382554,0.4765107083118888,6,acyclic_C5,,
FC(F)=CC(F)(F)C(F)F,4.1109203,3.2606098999999995,181.18435640000004,305.01041204894466,3.9908962897524365,0.4772492751895195,6,acyclic_C4,,
C[C@@H](F)C(F)(F)/C(F)=C/F,4.107883999999999,3.3179510999999997,189.52319680000008,319.11945078943495,4.374735899133333,0.478321116679513,5,acyclic_C5,,
C[C@H](F)C(F)(F)/C(F)=C/F,4.107883999999999,3.3179510999999997,189.52319680000008,319.11945078943495,4.374735899133333,0.478321116679513,5,acyclic_C5,,
C[C@@H](F)C(F)(F)/C(F)=C\F,4.107883999999999,3.3179510999999997,189.52319680000008,319.11945078943495,4.374735899133333,0.478321116679513,5,acyclic_C5,,
C[C@H](F)C(F)(F)/C(F)=C\F,4.107883999999999,3.3179510999999997,189.52319680000008,319.11945078943495,4.374735899133333,0.478321116679513,5,acyclic_C5,,
C/C(=C(\F)C(F)F)C(F)F,4.118899199999999,3.3667727000000003,186.56863749999997,316.263961669447,3.8738501359062827,0.47943507408760905,5,acyclic_C5,,
C/C(=C(/F)C(F)F)C(F)F,4.118899199999999,3.3667727000000003,186.56863749999997,316.263961669447,3.8738501359062827,0.47943507408760905,5,acyclic_C5,,
FC/C(F)=C\C(F)(F)F,4.108553499999997,3.1922668999999986,183.46730250000002,306.71953237970325,3.8981531820507307,0.4796969180070457,5,acyclic_C4,,
FC/C(F)=C/C(F)(F)F,4.108553499999997,3.1922668999999986,183.46730250000002,306.71953237970325,3.8981531820507307,0.4796969180070457,5,acyclic_C4,,
F/C(=C(\F)C(F)F)C(F)F,4.1200139999999985,3.2717096999999984,175.83102710000014,297.40759806787804,3.9297813173739415,0.4801014405978087,6,acyclic_C4,,
F/C(=C(/F)C(F)F)C(F)F,4.1200139999999985,3.2717096999999984,175.83102710000014,297.40759806787804,3.9297813173739415,0.4801014405978087,6,acyclic_C4,,
C=C(F)CC(F)(F)C(F)(F)F,4.119879200000001,3.3334450999999996,187.36903889999994,316.71658815420176,3.365860691326816,0.4808245769664062,6,acyclic_C5,,
CC(F)(F)/C(F)=C/C(F)F,4.117479799999999,3.3491361999999993,189.36473330000007,320.10254955679227,3.8339039820601286,0.4809625877279668,5,acyclic_C5,,
CC(F)(F)/C(F)=C\C(F)F,4.117479799999999,3.3491361999999993,189.36473330000007,320.10254955679227,3.8339039820601286,0.4809625877279668,5,acyclic_C5,,
FC(F)=CCCC(F)F,4.113587100000001,3.3047513000000004,190.22485220000007,320.1251863447472,3.43309891023559,0.4811900155315185,4,acyclic_C5,,
C/C(=C(\F)C(F)(F)F)C(F)(F)F,4.129369399999999,3.5061888000000003,183.08553919999997,314.6996114619744,3.236460792177069,0.48133910612301734,7,acyclic_C5,,
C/C(=C(/F)C(F)(F)F)C(F)(F)F,4.129369399999999,3.5061888000000003,183.08553919999997,314.6996114619744,3.236460792177069,0.48133910612301734,7,acyclic_C5,,
FC/C=C\[C@H](F)C(F)(F)F,4.125178699999998,3.2785075999999993,184.9155573,311.786839583119,4.489090591441026,0.482875285770478,5,acyclic_C5,,
FC/C=C/[C@@H](F)C(F)(F)F,4.125178699999998,3.2785075999999993,184.9155573,311.786839583119,4.489090591441026,0.482875285770478,5,acyclic_C5,,
FC/C=C/[C@H](F)C(F)(F)F,4.125178699999998,3.2785075999999993,184.9155573,311.786839583119,4.489090591441026,0.482875285770478,5,acyclic_C5,,
FC/C=C\[C@@H](F)C(F)(F)F,4.125178699999998,3.2785075999999993,184.9155573,311.786839583119,4.489090591441026,0.482875285770478,5,acyclic_C5,,
FC(F)/C=C\CC(F)(F)F,4.129185199999999,3.3087155999999998,184.00274949999996,311.29758411662897,3.3950422897524364,0.483112459638873,5,acyclic_C5,,
FC(F)/C=C/CC(F)(F)F,4.129185199999999,3.3087155999999998,184.00274949999996,311.29758411662897,3.3950422897524364,0.483112459638873,5,acyclic_C5,,
F/C=C\[C@H](F)CC(F)(F)F,4.1385844999999994,3.317558499999998,184.43423769999993,312.5763810397858,4.352805668364102,0.48641171585213866,5,acyclic_C5,,
F/C=C\[C@@H](F)CC(F)(F)F,4.1385844999999994,3.317558499999998,184.43423769999993,312.5763810397858,4.352805668364102,0.48641171585213866,5,acyclic_C5,,
F/C=C/[C@H](F)CC(F)(F)F,4.1385844999999994,3.317558499999998,184.43423769999993,312.5763810397858,4.352805668364102,0.48641171585213866,5,acyclic_C5,,
F/C=C/[C@@H](F)CC(F)(F)F,4.1385844999999994,3.317558499999998,184.43423769999993,312.5763810397858,4.352805668364102,0.48641171585213866,5,acyclic_C5,,
C[C@H](F)/C(F)=C(\F)C(F)F,4.1379127,3.3459973999999995,187.6394942,318.19830311191276,4.4137012837487175,0.4871536045857069,5,acyclic_C5,,
C[C@H](F)/C(F)=C(/F)C(F)F,4.1379127,3.3459973999999995,187.6394942,318.19830311191276,4.4137012837487175,0.4871536045857069,5,acyclic_C5,,
C[C@@H](F)/C(F)=C(\F)C(F)F,4.1379127,3.3459973999999995,187.6394942,318.19830311191276,4.4137012837487175,0.4871536045857069,5,acyclic_C5,,
C[C@@H](F)/C(F)=C(/F)C(F)F,4.1379127,3.3459973999999995,187.6394942,318.19830311191276,4.4137012837487175,0.4871536045857069,5,acyclic_C5,,
CC(F)(F)C(F)(F)/C(F)=C/F,4.1305596000000016,3.3296078999999996,190.92472550000002,322.5706096877393,3.647337022687762,0.48716371712707734,6,acyclic_C5,,
CC(F)(F)C(F)(F)/C(F)=C\F,4.1305596000000016,3.3296078999999996,190.92472550000002,322.5706096877393,3.647337022687762,0.48716371712707734,6,acyclic_C5,,
F/C(=C(/F)C(F)(F)F)C(F)F,4.1404698999999985,3.2567803,176.67000000000007,299.1682984693963,3.6231967860013725,0.4877529557050025,7,acyclic_C4,,
F/C(=C(\F)C(F)(F)F)C(F)F,4.1404698999999985,3.2567803,176.67000000000007,299.1682984693963,3.6231967860013725,0.4877529557050025,7,acyclic_C4,,
FC/C=C(\CF)C(F)(F)F,4.125235699999998,3.1670160999999997,187.79518310000006,313.3894171092381,3.980119828213975,0.48878527119697945,5,acyclic_C5,,
FC/C=C(/CF)C(F)(F)F,4.125235699999998,3.1670160999999997,187.79518310000006,313.3894171092381,3.980119828213975,0.48878527119697945,5,acyclic_C5,,
CC(F)(F)C(F)(F)C=C(F)F,4.151312700000001,3.4370373,186.41595610000002,319.1418854563819,3.7571956025694195,0.4903069310499905,6,acyclic_C5,,
CC(=C(F)F)C(F)(F)C(F)(F)F,4.157443899999999,3.5149466,183.06964359999998,316.06572401259666,3.322915187781464,0.49146687623020785,7,acyclic_C5,,
F/C=C(\CF)CC(F)(F)F,4.1508775999999985,3.304051499999998,185.86825670000005,314.97374777698684,3.780419520521667,0.4917355362260896,5,acyclic_C5,,
F/C=C(/CF)CC(F)(F)F,4.1508775999999985,3.304051499999998,185.86825670000005,314.97374777698684,3.780419520521667,0.4917355362260896,5,acyclic_C5,,
C=C(F)[C@@H](F)CC(F)F,4.1541932999999975,3.3768241,188.94570530000004,321.71307577352405,4.383269539683377,0.4932901698228084,4,acyclic_C5,,
C=C(F)[C@H](F)CC(F)F,4.1541932999999975,3.3768241,188.94570530000004,321.71307577352405,4.383269539683377,0.4932901698228084,4,acyclic_C5,,
C=C(F)C(C(F)F)C(F)F,4.159992099999999,3.371567400000001,186.24356469999998,317.5980464976216,4.067505905137052,0.49385092547618953,5,acyclic_C5,,
C=C(C(F)F)C(F)(F)C(F)F,4.158174000000001,3.3117007999999992,185.26594720000006,314.5388648401491,3.69428080967001,0.4938717903701073,6,acyclic_C5,,
C[C@@H](F)CC(F)=C(F)F,4.155747299999998,3.376262999999999,189.46059390000005,322.57239222189503,4.158238071151908,0.49420226150070407,4,acyclic_C5,,
C[C@H](F)CC(F)=C(F)F,4.155747299999998,3.376262999999999,189.46059390000005,322.57239222189503,4.158238071151908,0.49420226150070407,4,acyclic_C5,,
F/C=C\C(C(F)(F)F)C(F)(F)F,4.166807799999999,3.4530168999999997,182.0045673,313.2869091327435,3.770126176792453,0.4942047133734275,7,acyclic_C5,,
F/C=C/C(C(F)(F)F)C(F)(F)F,4.166807799999999,3.4530168999999997,182.0045673,313.2869091327435,3.770126176792453,0.4942047133734275,7,acyclic_C5,,
C/C=C(/F)C(F)(F)C(F)(F)F,4.1675393000000005,3.3404591999999993,178.19885849999994,304.6395334890021,3.370999744581254,0.4951221427822616,6,acyclic_C5,,
C/C=C(\F)C(F)(F)C(F)(F)F,4.1675393000000005,3.3404591999999993,178.19885849999994,304.6395334890021,3.370999744581254,0.4951221427822616,6,acyclic_C5,,
F/C=C\C[C@@H](F)C(F)(F)F,4.164000299999999,3.319309999999998,185.70715799999994,315.65692944841624,4.36505120682564,0.4959682031358618,5,acyclic_C5,,
F/C=C\C[C@H](F)C(F)(F)F,4.164000299999999,3.319309999999998,185.70715799999994,315.65692944841624,4.36505120682564,0.4959682031358618,5,acyclic_C5,,
F/C=C/C[C@@H](F)C(F)(F)F,4.164000299999999,3.319309999999998,185.70715799999994,315.65692944841624,4.36505120682564,0.4959682031358618,5,acyclic_C5,,
F/C=C/C[C@H](F)C(F)(F)F,4.164000299999999,3.319309999999998,185.70715799999994,315.65692944841624,4.36505120682564,0.4959682031358618,5,acyclic_C5,,
FC/C=C(\F)CC(F)F,4.1418275,3.1942682000000007,192.7108780000001,322.3199893667051,4.219674829968032,0.4970406956727193,4,acyclic_C5,,
FC/C=C(/F)CC(F)F,4.1418275,3.1942682000000007,192.7108780000001,322.3199893667051,4.219674829968032,0.4970406956727193,4,acyclic_C5,,
F/C=C/C(F)(F)CC(F)F,4.174047099999999,3.3815604,187.81936759999996,320.9231683606716,4.168133982060128,0.49958928019650284,5,acyclic_C5,,
F/C=C\C(F)(F)CC(F)F,4.174047099999999,3.3815604,187.81936759999996,320.9231683606716,4.168133982060128,0.49958928019650284,5,acyclic_C5,,
FC[C@@H](F)CC=C(F)F,4.154531100000001,3.2198310000000006,191.9902628000001,322.4302116493429,4.37699662998438,0.49980541782320903,4,acyclic_C5,,
FC[C@H](F)CC=C(F)F,4.154531100000001,3.2198310000000006,191.9902628000001,322.4302116493429,4.37699662998438,0.49980541782320903,4,acyclic_C5,,
FCC(=CC(F)(F)F)CF,4.1743405,3.264899299999998,185.55734480000007,314.4954833711147,4.029683520521667,0.5010439852694957,5,acyclic_C5,,
C=C(F)C(F)(F)CC(F)F,4.1784196,3.3654823999999985,188.14869519999993,321.22027885585214,3.8237039820601284,0.5015551877940904,5,acyclic_C5,,
FC/C=C/C(F)(F)C(F)F,4.170653899999998,3.262600699999999,189.18115160000013,319.8907553749212,4.06009521282936,0.5018361882184119,5,acyclic_C5,,
FC/C=C\C(F)(F)C(F)F,4.170653899999998,3.262600699999999,189.18115160000013,319.8907553749212,4.06009521282936,0.5018361882184119,5,acyclic_C5,,
FCC/C=C(\F)C(F)F,4.158517400000001,3.2040718000000017,192.1603820000001,322.45470177881504,4.012891552376059,0.5019832089115336,4,acyclic_C5,,
FCC/C=C(/F)C(F)F,4.158517400000001,3.2040718000000017,192.1603820000001,322.45470177881504,4.012891552376059,0.5019832089115336,4,acyclic_C5,,
C=CC(F)(F)C(F)(F)C(F)(F)F,4.188561799999999,3.388147400000002,181.47623349999998,311.7813284335049,3.0678690339353114,0.5022298685082542,7,acyclic_C5,,
F/C=C(\CC(F)(F)F)C(F)(F)F,4.1899267999999985,3.4385433000000005,182.0221924,313.9204505922721,3.474749518967519,0.5025054241544782,7,acyclic_C5,,
F/C=C(/CC(F)(F)F)C(F)(F)F,4.1899267999999985,3.4385433000000005,182.0221924,313.9204505922721,3.474749518967519,0.5025054241544782,7,acyclic_C5,,
C=C(F)C(F)(F)CC(F)(F)F,4.1849826,3.3063287999999984,183.30667809999994,312.4797084947643,3.5020961942853948,0.5028354190446767,6,acyclic_C5,,
C=C([C@@H](F)C(F)(F)F)C(F)(F)F,4.189782800000001,3.3573513000000004,180.56911710000003,309.65845096325,3.8467715554041186,0.5029285473853853,7,acyclic_C5,,
C=C([C@H](F)C(F)(F)F)C(F)(F)F,4.189782800000001,3.3573513000000004,180.56911710000003,309.65845096325,3.8467715554041186,0.5029285473853853,7,acyclic_C5,,
C=C(F)[C@@H](C(F)F)C(F)(F)F,4.189173900000001,3.3588199999999997,183.3331392,313.99168968852655,4.248764945678127,0.5032935546513901,6,acyclic_C5,,
C=C(F)[C@H](C(F)F)C(F)(F)F,4.189173900000001,3.3588199999999997,183.3331392,313.99168968852655,4.248764945678127,0.5032935546513901,6,acyclic_C5,,
FC(F)(F)/C=C/C(F)(F)F,4.176568599999999,3.2055381999999986,171.9725632000001,292.090242298356,3.2167046003810604,0.5037085273569183,6,acyclic_C4,,
FC(F)(F)/C=C\C(F)(F)F,4.176568599999999,3.2055381999999986,171.9725632000001,292.090242298356,3.2167046003810604,0.5037085273569183,6,acyclic_C4,,
F/C=C(/CC(F)(F)F)C(F)F,4.1876921,3.3676875,186.80333459999994,319.566684958982,3.8107490542459477,0.5040675257132808,6,acyclic_C5,,
F/C=C(\CC(F)(F)F)C(F)F,4.1876921,3.3676875,186.80333459999994,319.566684958982,3.8107490542459477,0.5040675257132808,6,acyclic_C5,,
FC(F)=CCCC(F)(F)F,4.188133899999998,3.32252,185.69994109999996,316.7425558753739,3.086588751290898,0.504492376688207,5,acyclic_C5,,
FCC/C=C(/F)C(F)(F)F,4.188445499999998,3.2662247000000004,185.5611461,315.12295824985785,3.710130905137052,0.5060159189596612,5,acyclic_C5,,
FCC/C=C(\F)C(F)(F)F,4.188445499999998,3.2662247000000004,185.5611461,315.12295824985785,3.710130905137052,0.5060159189596612,5,acyclic_C5,,
FCC(=C(F)F)C(F)(F)F,4.191550899999999,3.2308669999999977,181.11380420000006,307.47054114483245,3.6966828282139748,0.5069614308690443,6,acyclic_C4,,
CC/C(F)=C\C(F)(F)F,4.199144199999997,3.3773003999999998,184.86713219999993,317.2790278751105,3.5495825526801017,0.5071383036886872,4,acyclic_C5,,
CC/C(F)=C/C(F)(F)F,4.199144199999997,3.3773003999999998,184.86713219999993,317.2790278751105,3.5495825526801017,0.5071383036886872,4,acyclic_C5,,
F/C=C(\CC(F)F)C(F)(F)F,4.201302699999999,3.3648138,187.6067842,321.3283694417461,3.809272131169024,0.5093953214738708,6,acyclic_C5,,
F/C=C(/CC(F)F)C(F)(F)F,4.201302699999999,3.3648138,187.6067842,321.3283694417461,3.809272131169024,0.5093953214738708,6,acyclic_C5,,
F/C=C(\[C@H](F)CF)C(F)(F)F,4.203778099999999,3.3399074999999976,187.36204340000003,320.4209302370689,4.440770073883256,0.5105493385859157,6,acyclic_C5,,
F/C=C(\[C@@H](F)CF)C(F)(F)F,4.203778099999999,3.3399074999999976,187.36204340000003,320.4209302370689,4.440770073883256,0.5105493385859157,6,acyclic_C5,,
F/C=C(/[C@H](F)CF)C(F)(F)F,4.203778099999999,3.3399074999999976,187.36204340000003,320.4209302370689,4.440770073883256,0.5105493385859157,6,acyclic_C5,,
F/C=C(/[C@@H](F)CF)C(F)(F)F,4.203778099999999,3.3399074999999976,187.36204340000003,320.4209302370689,4.440770073883256,0.5105493385859157,6,acyclic_C5,,
CC(=C(F)F)C(F)(F)C(F)F,4.209431200000001,3.3502054000000006,185.57410199999998,318.10613909865685,3.606650632155217,0.5115010974192692,6,acyclic_C5,,
CCC(=C(F)F)C(F)(F)F,4.2148040999999985,3.4095442000000005,185.99309540000002,320.48249714420723,3.3597885974447443,0.5129056957043784,5,acyclic_C5,,
C[C@H](F)/C(F)=C(/F)C(F)(F)F,4.215279499999999,3.3487054999999994,186.1631033,319.247625724127,4.034623525559784,0.5138804677559133,6,acyclic_C5,,
C[C@@H](F)/C(F)=C(/F)C(F)(F)F,4.215279499999999,3.3487054999999994,186.1631033,319.247625724127,4.034623525559784,0.5138804677559133,6,acyclic_C5,,
C[C@H](F)/C(F)=C(\F)C(F)(F)F,4.215279499999999,3.3487054999999994,186.1631033,319.247625724127,4.034623525559784,0.5138804677559133,6,acyclic_C5,,
C[C@@H](F)/C(F)=C(\F)C(F)(F)F,4.215279499999999,3.3487054999999994,186.1631033,319.247625724127,4.034623525559784,0.5138804677559133,6,acyclic_C5,,
C/C(F)=C(/CF)C(F)(F)F,4.210590599999998,3.281184299999998,186.54563760000005,317.93351109025826,3.728978982060129,0.5139083641729034,5,acyclic_C5,,
C/C(F)=C(\CF)C(F)(F)F,4.210590599999998,3.281184299999998,186.54563760000005,317.93351109025826,3.728978982060129,0.5139083641729034,5,acyclic_C5,,
FC(F)C/C=C/C(F)(F)F,4.216264699999999,3.2965341999999986,184.67749989999996,315.66376940037037,3.5232410589832064,0.5147005805402319,5,acyclic_C5,,
FC(F)C/C=C\C(F)(F)F,4.216264699999999,3.2965341999999986,184.67749989999996,315.66376940037037,3.5232410589832064,0.5147005805402319,5,acyclic_C5,,
C[C@](F)(C(F)=C(F)F)C(F)(F)F,4.2220592,3.5473139999999983,183.3881941,320.0500000000001,3.934165511448075,0.5150953983161779,7,acyclic_C5,,
C[C@@](F)(C(F)=C(F)F)C(F)(F)F,4.2220592,3.5473139999999983,183.3881941,320.0500000000001,3.934165511448075,0.5150953983161779,7,acyclic_C5,,
C=C(F)C(F)(C(F)F)C(F)F,4.223623299999999,3.3649502999999994,186.27323580000004,320.17845430259354,3.9413707504984137,0.5166568214406784,6,acyclic_C5,,
FC/C=C(\C(F)F)C(F)(F)F,4.218903799999999,3.2780111999999986,187.26495520000003,319.3375598070541,3.828431105527999,0.5173218737872256,6,acyclic_C5,,
FC/C=C(/C(F)F)C(F)(F)F,4.218903799999999,3.2780111999999986,187.26495520000003,319.3375598070541,3.828431105527999,0.5173218737872256,6,acyclic_C5,,
FC(F)=C(F)C(F)(F)C(F)(F)F,4.224831699999998,3.349840900000002,169.87303530000005,294.0658155024922,3.258263539429816,0.517685248029737,8,acyclic_C4,,
FC/C=C\C(F)(F)C(F)(F)F,4.2292002,3.314690099999999,182.5040965000001,313.25027575036063,3.6175336696305624,0.5182016887534296,6,acyclic_C5,,
FC/C=C/C(F)(F)C(F)(F)F,4.2292002,3.314690099999999,182.5040965000001,313.25027575036063,3.6175336696305624,0.5182016887534296,6,acyclic_C5,,
F/C=C\[C@](F)(C(F)F)C(F)(F)F,4.2333456,3.4295700000000005,183.25472039999997,317.4562032468533,4.3269311044757375,0.5183983712684141,7,acyclic_C5,,
F/C=C\[C@@](F)(C(F)F)C(F)(F)F,4.2333456,3.4295700000000005,183.25472039999997,317.4562032468533,4.3269311044757375,0.5183983712684141,7,acyclic_C5,,
F/C=C/[C@@](F)(C(F)F)C(F)(F)F,4.2333456,3.4295700000000005,183.25472039999997,317.4562032468533,4.3269311044757375,0.5183983712684141,7,acyclic_C5,,
F/C=C/[C@](F)(C(F)F)C(F)(F)F,4.2333456,3.4295700000000005,183.25472039999997,317.4562032468533,4.3269311044757375,0.5183983712684141,7,acyclic_C5,,
F/C=C\[C@H](C(F)F)C(F)(F)F,4.232246000000001,3.3418706999999985,182.94461840000002,314.73866628298344,4.429990586703767,0.518859459076743,6,acyclic_C5,,
F/C=C/[C@H](C(F)F)C(F)(F)F,4.232246000000001,3.3418706999999985,182.94461840000002,314.73866628298344,4.429990586703767,0.518859459076743,6,acyclic_C5,,
F/C=C/[C@@H](C(F)F)C(F)(F)F,4.232246000000001,3.3418706999999985,182.94461840000002,314.73866628298344,4.429990586703767,0.518859459076743,6,acyclic_C5,,
F/C=C\[C@@H](C(F)F)C(F)(F)F,4.232246000000001,3.3418706999999985,182.94461840000002,314.73866628298344,4.429990586703767,0.518859459076743,6,acyclic_C5,,
C=C(C(F)F)C(F)(F)C(F)(F)F,4.2369886,3.362870500000001,181.13324110000005,312.60274240406477,3.404286066902344,0.5198230351606473,7,acyclic_C5,,
C=C(F)C(C(F)(F)F)C(F)(F)F,4.238895,3.4430124,181.81945349999995,315.72258505380563,3.4913140888803653,0.5199956804344195,7,acyclic_C5,,
FC/C=C(\F)CC(F)(F)F,4.223875399999998,3.159762,186.85351740000002,315.8890974427792,3.724868751290898,0.5233138380456434,5,acyclic_C5,,
FC/C=C(/F)CC(F)(F)F,4.223875399999998,3.159762,186.85351740000002,315.8890974427792,3.724868751290898,0.5233138380456434,5,acyclic_C5,,
CC(F)(F)C(=C(F)F)C(F)(F)F,4.247867499999999,3.5453619999999977,183.73487569999995,321.6331771959331,3.476221781188058,0.524398342039354,7,acyclic_C5,,
FC(F)=CC[C@H](F)C(F)(F)F,4.243354499999999,3.3029680999999993,185.79370549999993,318.6828060162158,4.172149561062742,0.5246509479824026,6,acyclic_C5,,
FC(F)=CC[C@@H](F)C(F)(F)F,4.243354499999999,3.3029680999999993,185.79370549999993,318.6828060162158,4.172149561062742,0.5246509479824026,6,acyclic_C5,,
F/C(=C\C(F)(F)F)CC(F)(F)F,4.252869099999998,3.4074380000000004,182.01322259999998,315.730084400521,3.4801065481452387,0.5251951116442876,7,acyclic_C5,,
F/C(=C/C(F)(F)F)CC(F)(F)F,4.252869099999998,3.4074380000000004,182.01322259999998,315.730084400521,3.4801065481452387,0.5251951116442876,7,acyclic_C5,,
F/C=C/CC(F)(F)C(F)F,4.2446603,3.307798399999998,187.1701027,321.0250368239566,3.8363690589832053,0.5256645118111004,5,acyclic_C5,,
F/C=C\CC(F)(F)C(F)F,4.2446603,3.307798399999998,187.1701027,321.0250368239566,3.8363690589832053,0.5256645118111004,5,acyclic_C5,,
FC[C@@H](F)/C=C/C(F)(F)F,4.244296699999999,3.2694063999999985,185.94068210000006,318.0955160690303,4.346198283748718,0.5259410088301467,5,acyclic_C5,,
FC[C@@H](F)/C=C\C(F)(F)F,4.244296699999999,3.2694063999999985,185.94068210000006,318.0955160690303,4.346198283748718,0.5259410088301467,5,acyclic_C5,,
FC[C@H](F)/C=C\C(F)(F)F,4.244296699999999,3.2694063999999985,185.94068210000006,318.0955160690303,4.346198283748718,0.5259410088301467,5,acyclic_C5,,
FC[C@H](F)/C=C/C(F)(F)F,4.244296699999999,3.2694063999999985,185.94068210000006,318.0955160690303,4.346198283748718,0.5259410088301467,5,acyclic_C5,,
F/C(=C\C(F)F)CC(F)(F)F,4.2493139,3.3366030999999987,186.62964409999998,321.09973049295985,3.6993029003997933,0.5264518645225595,6,acyclic_C5,,
F/C(=C/C(F)F)CC(F)(F)F,4.2493139,3.3366030999999987,186.62964409999998,321.09973049295985,3.6993029003997933,0.5264518645225595,6,acyclic_C5,,
FC(F)/C=C/[C@@H](F)C(F)(F)F,4.256887700000001,3.3696048000000007,182.0850463,315.07710254529536,4.35161109952428,0.5270328798278845,6,acyclic_C5,,
FC(F)/C=C/[C@H](F)C(F)(F)F,4.256887700000001,3.3696048000000007,182.0850463,315.07710254529536,4.35161109952428,0.5270328798278845,6,acyclic_C5,,
FC(F)/C=C\[C@@H](F)C(F)(F)F,4.256887700000001,3.3696048000000007,182.0850463,315.07710254529536,4.35161109952428,0.5270328798278845,6,acyclic_C5,,
FC(F)/C=C\[C@H](F)C(F)(F)F,4.256887700000001,3.3696048000000007,182.0850463,315.07710254529536,4.35161109952428,0.5270328798278845,6,acyclic_C5,,
F/C=C\CC(F)(F)C(F)(F)F,4.2576351,3.3907702999999985,184.20543019999997,318.97378797654255,3.5171695670664604,0.5276522383775442,6,acyclic_C5,,
F/C=C/CC(F)(F)C(F)(F)F,4.2576351,3.3907702999999985,184.20543019999997,318.97378797654255,3.5171695670664604,0.5276522383775442,6,acyclic_C5,,
F/C(=C\CC(F)(F)F)C(F)(F)F,4.260618499999999,3.40169,182.0140615999999,315.9061543439714,3.392517688728793,0.528014026948379,7,acyclic_C5,,
F/C(=C/CC(F)(F)F)C(F)(F)F,4.260618499999999,3.40169,182.0140615999999,315.9061543439714,3.392517688728793,0.528014026948379,7,acyclic_C5,,
FC/C(=C/C(F)(F)F)C(F)(F)F,4.2647016,3.3946780999999997,185.74740440000002,321.810888722234,3.6440688823627454,0.530739443913371,7,acyclic_C5,,
FC/C(=C\C(F)(F)F)C(F)(F)F,4.2647016,3.3946780999999997,185.74740440000002,321.810888722234,3.6440688823627454,0.530739443913371,7,acyclic_C5,,
FC/C(=C/C(F)F)C(F)(F)F,4.260538199999999,3.321212699999998,187.34477370000008,322.30945505516763,3.8754105927074862,0.5311138769575499,6,acyclic_C5,,
FC/C(=C\C(F)F)C(F)(F)F,4.260538199999999,3.321212699999998,187.34477370000008,322.30945505516763,3.8754105927074862,0.5311138769575499,6,acyclic_C5,,
F/C(=C\CC(F)(F)F)C(F)F,4.2617007,3.287431600000001,185.9871666,319.3583971074737,3.6634772593741527,0.5316559662671553,6,acyclic_C5,,
F/C(=C/CC(F)(F)F)C(F)F,4.2617007,3.287431600000001,185.9871666,319.3583971074737,3.6634772593741527,0.5316559662671553,6,acyclic_C5,,
FC[C@@](F)(C=C(F)F)C(F)(F)F,4.2743777,3.405948800000002,185.14149230000007,321.5320106154614,4.488329512963802,0.5338550431352957,7,acyclic_C5,,
FC[C@](F)(C=C(F)F)C(F)(F)F,4.2743777,3.405948800000002,185.14149230000007,321.5320106154614,4.488329512963802,0.5338550431352957,7,acyclic_C5,,
F/C(=C\CC(F)F)C(F)(F)F,4.267204199999999,3.270631199999999,185.70567709999992,318.71254652463426,3.655492643989538,0.5339492179843934,6,acyclic_C5,,
F/C(=C/CC(F)F)C(F)(F)F,4.267204199999999,3.270631199999999,185.70567709999992,318.71254652463426,3.655492643989538,0.5339492179843934,6,acyclic_C5,,
F/C=C(/F)CCC(F)(F)F,4.268809599999998,3.316682899999997,186.97558669999995,321.955522970107,3.508658289752436,0.5339640118127442,5,acyclic_C5,,
F/C=C(\F)CCC(F)(F)F,4.268809599999998,3.316682899999997,186.97558669999995,321.955522970107,3.508658289752436,0.5339640118127442,5,acyclic_C5,,
FC(F)=C(F)C(F)(F)C(F)F,4.275450299999999,3.2940684,177.2140792000001,306.2817371998293,3.562438797835691,0.5347564396915884,7,acyclic_C4,,
F/C=C/C(F)(C(F)F)C(F)F,4.2786347000000005,3.386371999999999,184.9847208,320.9682857864847,4.285605464502358,0.5354876545359459,6,acyclic_C5,,
F/C=C\C(F)(C(F)F)C(F)F,4.2786347000000005,3.386371999999999,184.9847208,320.9682857864847,4.285605464502358,0.5354876545359459,6,acyclic_C5,,
FCC/C(F)=C\C(F)(F)F,4.270684199999999,3.292958099999999,187.86928970000005,322.84217453331723,3.765698289752436,0.5356505705060803,5,acyclic_C5,,
FCC/C(F)=C/C(F)(F)F,4.270684199999999,3.292958099999999,187.86928970000005,322.84217453331723,3.765698289752436,0.5356505705060803,5,acyclic_C5,,
C=C(C(F)(F)F)C(F)(F)C(F)F,4.2825334999999995,3.3479412999999987,182.96771020000003,316.98909734769785,3.5363190339353094,0.5367382055016504,7,acyclic_C5,,
F/C=C/[C@H](F)C(F)(F)C(F)(F)F,4.285717899999998,3.4256547000000013,181.96943949999996,317.4661649957747,4.290052589886878,0.5368492135078411,7,acyclic_C5,,
F/C=C/[C@@H](F)C(F)(F)C(F)(F)F,4.285717899999998,3.4256547000000013,181.96943949999996,317.4661649957747,4.290052589886878,0.5368492135078411,7,acyclic_C5,,
F/C=C\[C@H](F)C(F)(F)C(F)(F)F,4.285717899999998,3.4256547000000013,181.96943949999996,317.4661649957747,4.290052589886878,0.5368492135078411,7,acyclic_C5,,
F/C=C\[C@@H](F)C(F)(F)C(F)(F)F,4.285717899999998,3.4256547000000013,181.96943949999996,317.4661649957747,4.290052589886878,0.5368492135078411,7,acyclic_C5,,
FC/C(F)=C/CC(F)(F)F,4.264548699999997,3.1535791999999994,185.602526,315.46514284766494,3.788937674367821,0.5373656111311582,5,acyclic_C5,,
FC/C(F)=C\CC(F)(F)F,4.264548699999997,3.1535791999999994,185.602526,315.46514284766494,3.788937674367821,0.5373656111311582,5,acyclic_C5,,
FC(F)[C@H](F)/C=C/C(F)(F)F,4.287426900000002,3.3092197999999993,182.44862340000003,315.3928489875663,4.226713663626844,0.5391035207084957,6,acyclic_C5,,
FC(F)[C@@H](F)/C=C/C(F)(F)F,4.287426900000002,3.3092197999999993,182.44862340000003,315.3928489875663,4.226713663626844,0.5391035207084957,6,acyclic_C5,,
FC(F)[C@H](F)/C=C\C(F)(F)F,4.287426900000002,3.3092197999999993,182.44862340000003,315.3928489875663,4.226713663626844,0.5391035207084957,6,acyclic_C5,,
FC(F)[C@@H](F)/C=C\C(F)(F)F,4.287426900000002,3.3092197999999993,182.44862340000003,315.3928489875663,4.226713663626844,0.5391035207084957,6,acyclic_C5,,
F/C=C(/F)[C@H](F)CC(F)(F)F,4.285700500000001,3.3370023999999985,186.41802629999995,322.2939724852629,4.3307239200371015,0.5393153901542806,6,acyclic_C5,,
F/C=C(/F)[C@@H](F)CC(F)(F)F,4.285700500000001,3.3370023999999985,186.41802629999995,322.2939724852629,4.3307239200371015,0.5393153901542806,6,acyclic_C5,,
F/C=C(\F)[C@@H](F)CC(F)(F)F,4.285700500000001,3.3370023999999985,186.41802629999995,322.2939724852629,4.3307239200371015,0.5393153901542806,6,acyclic_C5,,
F/C=C(\F)[C@H](F)CC(F)(F)F,4.285700500000001,3.3370023999999985,186.41802629999995,322.2939724852629,4.3307239200371015,0.5393153901542806,6,acyclic_C5,,
F/C=C(\CF)C(F)(F)C(F)(F)F,4.295026899999999,3.3946480000000014,184.83367020000003,321.6129462079314,3.716006813397227,0.5412112043020313,7,acyclic_C5,,
F/C=C(/CF)C(F)(F)C(F)(F)F,4.295026899999999,3.3946480000000014,184.83367020000003,321.6129462079314,3.716006813397227,0.5412112043020313,7,acyclic_C5,,
FCC(F)(F)/C=C/C(F)(F)F,4.2961738,3.3075112999999976,184.43267770000006,318.8295568241231,3.85656956706646,0.542839689213963,6,acyclic_C5,,
FCC(F)(F)/C=C\C(F)(F)F,4.2961738,3.3075112999999976,184.43267770000006,318.8295568241231,3.85656956706646,0.542839689213963,6,acyclic_C5,,
C/C(F)=C(/F)C(F)(F)C(F)(F)F,4.307938099999999,3.450705600000001,180.55272149999996,316.70136329398935,3.37963991305619,0.5445248502400583,7,acyclic_C5,,
C/C(F)=C(\F)C(F)(F)C(F)(F)F,4.307938099999999,3.450705600000001,180.55272149999996,316.70136329398935,3.37963991305619,0.5445248502400583,7,acyclic_C5,,
F/C=C\C(F)(F)CC(F)(F)F,4.3160044,3.325434199999997,183.7026087999999,318.9322972508548,3.833790079886973,0.5493086472227395,6,acyclic_C5,,
F/C=C/C(F)(F)CC(F)(F)F,4.3160044,3.325434199999997,183.7026087999999,318.9322972508548,3.833790079886973,0.5493086472227395,6,acyclic_C5,,
FC(F)/C=C\C(F)(F)C(F)F,4.3285889,3.3450095999999996,184.1488033,320.6483008378487,3.9683131568100496,0.5535958235222858,6,acyclic_C5,,
FC(F)/C=C/C(F)(F)C(F)F,4.3285889,3.3450095999999996,184.1488033,320.6483008378487,3.9683131568100496,0.5535958235222858,6,acyclic_C5,,
C=C(F)C(F)(F)[C@H](F)C(F)F,4.332207800000001,3.3310488999999985,184.26420630000004,320.6275888646723,4.301332401299429,0.5551674230204102,6,acyclic_C5,,
C=C(F)C(F)(F)[C@@H](F)C(F)F,4.332207800000001,3.3310488999999985,184.26420630000004,320.6275888646723,4.301332401299429,0.5551674230204102,6,acyclic_C5,,
C=C(F)C(F)(F)[C@H](F)C(F)(F)F,4.337176199999999,3.4071926,182.35202390000003,319.67965563181264,3.902284742217306,0.5554631076495874,7,acyclic_C5,,
C=C(F)C(F)(F)[C@@H](F)C(F)(F)F,4.337176199999999,3.4071926,182.35202390000003,319.67965563181264,3.902284742217306,0.5554631076495874,7,acyclic_C5,,
C=C(F)[C@H](F)C(F)(F)C(F)F,4.334410700000001,3.306556199999999,185.56652950000003,322.17402445302696,4.421032401299428,0.5569225443889254,6,acyclic_C5,,
C=C(F)[C@@H](F)C(F)(F)C(F)F,4.334410700000001,3.306556199999999,185.56652950000003,322.17402445302696,4.421032401299428,0.5569225443889254,6,acyclic_C5,,
FC/C=C(/F)C(F)(F)C(F)(F)F,4.353381999999997,3.3459122000000012,183.629617,320.8476574428744,3.6248752484104907,0.5622834012593391,7,acyclic_C5,,
FC/C=C(\F)C(F)(F)C(F)(F)F,4.353381999999997,3.3459122000000012,183.629617,320.8476574428744,3.6248752484104907,0.5622834012593391,7,acyclic_C5,,
C=C(F)[C@H](F)C(F)(F)C(F)(F)F,4.3548608,3.354837100000001,182.94430340000002,320.0500000000001,4.0146413356238995,0.5624912348729418,7,acyclic_C5,,
C=C(F)[C@@H](F)C(F)(F)C(F)(F)F,4.3548608,3.354837100000001,182.94430340000002,320.0500000000001,4.0146413356238995,0.5624912348729418,7,acyclic_C5,,
F/C=C\C(F)(F)[C@@H](F)C(F)(F)F,4.358657499999999,3.4237830999999996,183.41334869999994,322.67229024421806,4.2777342874996105,0.563328570588393,7,acyclic_C5,,
F/C=C\C(F)(F)[C@H](F)C(F)(F)F,4.358657499999999,3.4237830999999996,183.41334869999994,322.67229024421806,4.2777342874996105,0.563328570588393,7,acyclic_C5,,
F/C=C/C(F)(F)[C@H](F)C(F)(F)F,4.358657499999999,3.4237830999999996,183.41334869999994,322.67229024421806,4.2777342874996105,0.563328570588393,7,acyclic_C5,,
F/C=C/C(F)(F)[C@@H](F)C(F)(F)F,4.358657499999999,3.4237830999999996,183.41334869999994,322.67229024421806,4.2777342874996105,0.563328570588393,7,acyclic_C5,,
FC(F)=CCC(F)(F)C(F)(F)F,4.383580599999998,3.410328299999998,182.74182979999995,322.2575458704132,3.427247662203593,0.5721500156483449,7,acyclic_C5,,
FC(F)/C=C/C(F)(F)C(F)(F)F,4.408307699999999,3.4349286000000006,181.95196499999997,322.5847322433686,3.589252436739403,0.5807333900152926,7,acyclic_C5,,
FC(F)/C=C\C(F)(F)C(F)(F)F,4.408307699999999,3.4349286000000006,181.95196499999997,322.5847322433686,3.589252436739403,0.5807333900152926,7,acyclic_C5,,
F[C@H](/C=C/C(F)(F)F)C(F)(F)F,4.420430400000002,3.416925200000001,179.6834918,318.9299550280594,4.069913067340459,0.5848547483919081,7,acyclic_C5,,
F[C@H](/C=C\C(F)(F)F)C(F)(F)F,4.420430400000002,3.416925200000001,179.6834918,318.9299550280594,4.069913067340459,0.5848547483919081,7,acyclic_C5,,
F[C@@H](/C=C\C(F)(F)F)C(F)(F)F,4.420430400000002,3.416925200000001,179.6834918,318.9299550280594,4.069913067340459,0.5848547483919081,7,acyclic_C5,,
F[C@@H](/C=C/C(F)(F)F)C(F)(F)F,4.420430400000002,3.416925200000001,179.6834918,318.9299550280594,4.069913067340459,0.5848547483919081,7,acyclic_C5,,
C=C(F)[C@@](F)(C(F)F)C(F)(F)F,4.427759999999999,3.3394185999999997,182.98460769999997,322.6372190862381,4.079406720239285,0.5888094935958128,7,acyclic_C5,,
C=C(F)[C@](F)(C(F)F)C(F)(F)F,4.427759999999999,3.3394185999999997,182.98460769999997,322.6372190862381,4.079406720239285,0.5888094935958128,7,acyclic_C5,,
